:020000040800F2
:10000000F8BD01203903000863240008FB1E000826
:1000100061240008B70600088729000800000000D6
:10002000000000000000000000000000790200084D
:100030006109000800000000D502000855260008EC
:100040005303000853030008530300085303000838
:100050005303000853030008530300085303000828
:100060005303000853030008530300085303000818
:100070005303000853030008530300085303000808
:100080005303000853030008530300080000000056
:100090000000000000000000000000005303000802
:1000A00053030008112700085303000853030008F6
:1000B00053030008530300085303000853030008C8
:1000C00053030008530300085303000853030008B8
:1000D0005303000853030008530300080000000006
:1000E00053030008530300085303000800000000F6
:1000F00000000000000000000000000053030008A2
:1001000000000000530300085303000853030008D5
:1001100000000000000000000000000000000000DF
:100120005303000853030008B108000853030008F4
:100130005303000800000000000000000000000061
:100140000000000000000000000000005303000851
:100150005303000853030008530300085303000827
:1001600053030008530300080000000000000000D3
:10017000000000000000000000000000000000007F
:100180000000000053030008000000000000000011
:10019000530300085303000800F002F800F05CF875
:1001A0000AA090E8000C82448344AAF10107DA45D2
:1001B00001D100F051F8AFF2090EBAE80F0013F0C8
:1001C000010F18BFFB1A43F00103184740D5040084
:1001D00060D504000A444FF0000C10F8013B13F006
:1001E000070408BF10F8014B1D1108BF10F8015B90
:1001F000641E05D010F8016B641E01F8016BF9D183
:1002000013F0080F1EBF10F8014BAD1C0C1B09D1D9
:100210006D1E58BF01F801CBFAD505E014F8016B4B
:1002200001F8016B6D1EF9D59142D6D370470000DD
:100230000023002400250026103A28BF78C1FBD8EF
:10024000520728BF30C148BF0B6070471FB533F05D
:100250004CFD1FBD10B510BD00F0F4F91146FFF7BD
:10026000F5FF26F088FF00F012FA03B4FFF7F2FF63
:1002700003BC00F019FA00002C4B19680868B0E8BC
:10028000F04F80F30988BFF36F8F4FF0000080F3C9
:10029000118870470000000008480068006880F37B
:1002A00008884FF0000080F3148862B661B6BFF38F
:1002B0004F8FBFF36F8F00DF00BF00BF08ED00E07E
:1002C000DFF80C00016841F470010160704700BF65
:1002D00088ED00E0EFF30980BFF36F8F134B1A68CE
:1002E0001EF0100F08BF20ED108A20E9F04F1060BB
:1002F00009B44FF0500080F31188BFF34F8FBFF364
:100300006F8F32F0C7FC4FF0000080F3118809BCFA
:1003100019680868B0E8F04F1EF0100F08BFB0EC85
:10032000108A80F30988BFF36F8F70473C0100206B
:10033000EFF30580704700000948804709480047EF
:10034000FEE7FEE7FEE7FEE7FEE7FEE7FEE7FEE785
:10035000FEE7FEE704480549054A064B70470000E2
:100360000127000899010008F8B70120F8BD012015
:10037000F8B90120F8B9012053EA020C00F06980B5
:100380002DE9F04B4FF00006002B1FBFB3FA83F5A9
:1003900003FA05F424FA05F65E4012BF1643B2FADA
:1003A00082F502FA05F4C5F120051EBF22FA05FC0C
:1003B00044EA0C04203556EA044C4FEA144418BFB2
:1003C000641C4FF000084FF00009904271EB030CE1
:1003D00039D3002919BFB1FA81F701FA07F6B0FA4B
:1003E00080F700FA07F6C7F120071EBF20FA07FCC6
:1003F00046EA0C062037B6FBF4FCA7EB0507103FD6
:1004000007F01F0BCBF120060CFA0BFB2CFA06F6BB
:1004100044BFB3460026202FA4BF5E464FF0000B1A
:100420005BEA060C08BF4FF0010B19EB0B09ABFBA5
:10043000027C48EB0608C01B06FB02CC0BFB03CC7E
:1004400071EB0C01C1E70B46024641464846BDE848
:10045000F08B13B54FF000004FF00001AFF30080B8
:10046000BDE81C40704710B54C1084EA530404D515
:100470004042C1F1000138BF491E1B4204D552421F
:10048000C3F1000338BF5B1EFFF776FF14F0804F07
:1004900004D04042C1F1000138BF491E14F0004FA2
:1004A00004D05242C3F1000338BF5B1E10BD032AC3
:1004B00040F2308010F0030C00F0158011F8013B81
:1004C000BCF1020F624498BF11F801CB00F8013B68
:1004D00038BF11F8013BA2F1040298BF00F801CB2C
:1004E00038BF00F8013B11F0030300F02580083A03
:1004F000C0F0088051F8043B083A51F804CBA0E85A
:100500000810F5E7121D5CBF51F8043B40F8043BAE
:10051000AFF30080D20724BF11F8013B11F801CBE3
:1005200048BF11F8012B24BF00F8013B00F801CBB4
:1005300048BF00F8012B704710B5203AC0F00B807F
:10054000B1E81850203AA0E81850B1E81850A0E8D7
:100550001850BFF4F5AF5FEA027C24BFB1E8185031
:10056000A0E8185044BF18C918C0BDE810405FEAA1
:10057000827C24BF51F8043B40F8043B08BF70471D
:10058000D20728BF31F8023B48BF11F8012B28BF22
:1005900020F8023B48BF00F8012B704702F0FF0330
:1005A00043EA032242EA024200F02CB84FF0000274
:1005B00000B5134694469646203922BFA0E80C5059
:1005C000A0E80C50B1F12001BFF4F7AF090728BF34
:1005D000A0E80C5048BF0CC05DF804EB890028BFB0
:1005E00040F8042B08BF704748BF20F8022B11F0D9
:1005F000804F18BF00F8012B704770477047704755
:100600004FF000020429C0F0128010F0030C3FF4F8
:10061000CFAFCCF1040CBCF1020F18BF00F8012BD6
:10062000A8BF20F8022BA1EB0C01FFF7C1BF5FEAC6
:10063000C17C24BF00F8012B00F8012B48BF00F853
:10064000012B7047754600F02BF8AE460500694651
:10065000534620F00700854618B020B5FFF77AFE14
:10066000BDE820404FF000064FF000074FF00008B3
:100670004FF0000B21F00701AC46ACE8C009ACE834
:10068000C009ACE8C009ACE8C0098D46704710B598
:100690000446AFF300802046BDE81040FFF7E5BDFB
:1006A0000048704798B7012001491820ABBEFEE70B
:1006B000260002007047FEE70146F92000F0D6B898
:1006C00030B5144887B0016841F00101016001684C
:1006D00001F001010591016841F00201016000682B
:1006E0004FF4004400F0020005900120CDE90040E5
:1006F00002900220084D03906946284600F0A6FAB1
:1007000001222146284600F096FB04480DF074FCB7
:1007100007B030BD30380240000002401400002015
:10072000022000F05FB8000008B5042269460320EB
:1007300000F01EF89DF800109DF8010001F00F0177
:1007400040EA0121054801609DF802209DF8031050
:1007500002F00F0241EA0221416008BD0C000020B6
:1007600010B5FFF7ADFFBDE810400520FFF7A4BFAF
:100770002DE9F041044615460E4619480DF0D6FC09
:100780002A2117480DF097FC15480DF007FD21466A
:1007900013480DF090FC12480DF000FD10480DF0CC
:1007A000C5FC2B210E480DF086FC0D480DF0F6FC23
:1007B00000246F1E09E000BF0DF03CFC3055BC4228
:1007C00002DA07480DF05FFC641C0548AC42F3DB1D
:1007D0000DF094FCBDE8F04101480DF0C3BC0000F1
:1007E0001400002010B5044613480DF09FFC2A2188
:1007F00011480DF060FC10480DF0D0FC21460E4869
:100800000DF059FC0C480DF0C9FC0B480DF08EFCA6
:100810002B2109480DF04FFC07480DF0BFFC06489E
:100820000DF008FC044604480DF068FC02480DF089
:1008300099FC204610BD00001400002070B50A4D40
:100840004FF4004400222146284600F0F4FA0A2022
:1008500007F088FD01222146284600F0ECFABDE8A9
:100860007040642007F07EBD0000024070B5044671
:100870000D460E480DF05AFC2A210C480DF01BFCC9
:100880000A480DF08BFC214608480DF014FC07487F
:100890000DF084FC294605480DF00DFC03480DF0D1
:1008A0007DFCBDE8704001480DF05CBC14000020E8
:1008B000014800F059B80000900200200168182398
:1008C000CAB2103AB2FBF3F2054B6FF30901032AE7
:1008D0009B5CC36500D9091D81650846704700000F
:1008E000A8D1040810B5014600208B698A6A4FF030
:1008F000C07453B1B3F5005F15D072B1012A0CD0AA
:10090000022A0AD0032A09D104E01AB1012A06D02A
:10091000022A03D1C96AC90100D5012010BDC96AE4
:10092000A142FAD010BD002AF7D0012AF2D0022A43
:10093000F3D0032AF3D010BD30B50468256825F440
:1009400080252560046863608368402B036803D0BA
:1009500099600068C26030BD9A600068C16030BDB7
:10096000704772B6FEE700002DE9F84304464FF0E9
:100970000009CDF8009063484FF41651A56D00684A
:10098000B0FBF1F72E6894F85C10082000FA01F132
:1009900031420FD021680A6852070BD50A6822F04D
:1009A00004020A6094F85C108840A860606D40F012
:1009B0000100606594F85C104FF0010808FA01F03E
:1009C000304208D021684969090604D5A860606DE5
:1009D00040F00200606594F85C10042088403042CA
:1009E00008D021680968890704D5A860606D40F0C7
:1009F0000400606594F85C1010208840304218D0E4
:100A000021680968090714D5A860206801684903AE
:100A100004D50068000308D5A16C07E00168C9058A
:100A200003D4016821F008010160216C09B120465E
:100A3000884794F85C1020208840304231D02168EB
:100A40000968C9062DD5A86094F8350005282068E6
:100A5000016806D0490347D5006800031DD4616CC6
:100A60001CE021F0160101602068416921F080013D
:100A70004161206C08B9A06C20B12068016821F0A8
:100A80000801016094F85C103F208840A86084F859
:100A9000358084F83490216D1FE0E16B09B1204668
:100AA0008847606D00282BD0606DC00714D00520EA
:100AB00084F835002068016821F001010160009888
:100AC000401C0090B84203D820680068C007F6D1E7
:100AD00084F8358084F83490E16C002910D001B09E
:100AE0002046BDE8F04308470168C905D5D4016830
:100AF00021F01001016084F8358084F83490CCE74F
:100B0000BDE8F883280200202DE9F041044600F0FA
:100B100097F906465CB1022084F83500002584F878
:100B200034502068016821F0010101600DE00120CE
:100B3000BDE8F08100F084F9801B052805D920204C
:100B40006065032084F83500F2E720680068C0077C
:100B5000F0D12268116820480140D4E9010318430C
:100B6000D4E903363343184363691843A369184330
:100B7000E3691843236A18430843616A042903D1CF
:100B8000D4E90B1319430843106020684069666A72
:100B900020F0070130460E43012704280CD1A06A3B
:100BA0000643E06A40B12046FFF79CFE20B140209A
:100BB000606584F83570BAE7206846612046FFF723
:100BC0007DFE94F85C203F2191408160656584F84A
:100BD00035700020ACE700003F8010F02DE9F041B7
:100BE0000446866D90F83400002501280DD00120C0
:100BF00084F8340094F835700020012F07D084F871
:100C0000340002252846BDE8F0810220FBE70227D8
:100C100084F8357060652046FFF78EFE94F85C100E
:100C20003F208840B0602068016841F016010160F3
:100C3000206C20B12068016841F008010160206843
:100C4000016841F001010160DCE700002DE9F84F87
:100C5000DFF8B8A10022012403254FF00F090AF1A3
:100C6000040BAAF1040E00BF0B6804FA02F633402D
:100C7000B34273D10F7907F00307012F01D0022F80
:100C800016D187684FEA420805FA08FC27EA0C07E4
:100C9000D1F80CC00CFA08FC4CEA070CC0F808C0EC
:100CA0004768B7430E79C6F3001696403E43466048
:100CB0000E79F643B6070DD0C768560005FA06FC54
:100CC00027EA0C07D1F808C00CFA06FC4CEA070C1E
:100CD000C0F80CC00E7906F00306022E10D1D6081B
:100CE00000EB8608D8F8206057074FEAD76C09FA5E
:100CF0000CF7BE430F6907FA0CF73743C8F82070AA
:100D000006684FEA420C05FA0CF7BE430F7907F06C
:100D1000030707FA0CF7374307604E6816F4403FA5
:100D20006DD03B4E376847F480473760366822F015
:100D3000030706F480460096364E07EB060CDCF8F7
:100D4000086897073F0F09FA07F826EA0806DFF850
:100D5000C880404503D14FF000081EE04FE0DFF8A7
:100D6000BC80404502D14FF0010816E0DFF8B080AA
:100D7000404502D14FF002080FE0DFF8A88040455F
:100D800002D14FF0030808E0DFF89C80404502D113
:100D90004FF0040801E04FF0070808FA07F848EAA6
:100DA0000608CCF80888DAF800605746D1F804C085
:100DB0009E435FEACC2C00D51E433E60DBF800600A
:100DC0005F46D1F804C09E435FEA8C2C00D51E43D9
:100DD0003E60DEF800607746D1F804C09E435FEACB
:100DE0008C3C00D51E433E60084F083F3E68D1F85A
:100DF00004C09E435FEACC3C00D51E433E60521CBB
:100E0000102AFFF431AFBDE8F88F0000083C014024
:100E1000443802400030014000000240000402401B
:100E200000080240000C0240001002400069084027
:100E300000D0012070470AB1816170470904FBE7C7
:100E400001488068704700002C0200200248816839
:100E500002781144816070472C0200200B4810B5C5
:100E6000016841F400710160016841F48061016032
:100E7000016841F480710160032000F099F80F20AF
:100E800000F006F800F04AF8002010BD003C0240D7
:100E900030B505461C4887B00024016841F00101C7
:100EA0000160006806A900F00100009001A800F0B0
:100EB0002BF900F049F91549154AB0FBF1F1154835
:100EC000491E026040F2E732C0E90324C0E9011480
:100ED000846100F071FD040012D10E4800F0AEFDF7
:100EE00004000DD1192000F035F8102D07D2002292
:100EF0002946192000F03CF80748056000E001246D
:100F000007B0204630BD00004438024040420F0088
:100F10000000014038030020300200200C4882B05D
:100F2000016841F480410160006800F48040009055
:100F30000748001F016841F08051016000680022ED
:100F400000F0805000900F21901E02B000F010B809
:100F500044380240002809DB00F01F0201219140C3
:100F60004009800000F1E020C0F800117047000047
:100F7000F0B40E4B1B680C46C3F30223C3F1070504
:100F8000042D00D90425191D072901D2002300E0F2
:100F9000DB1E012606FA05F1491E214099409E40BC
:100FA000761E16403143F0BC01F006BD0CED00E0AA
:100FB000064900F0070208684FF6FF03184040EAB0
:100FC0000220034A10430860704700000CED00E067
:100FD0000000FA052DE9F0470E46050065D0DFF860
:100FE0001481D8F80000F7B200F00700B04207D231
:100FF00088F80070D8F8000000F00700B04254D123
:1010000028683D4C810712D5400703D5206840F47D
:10101000E05020602878000703D5206840F4604045
:1010200020602068A96820F0F0000843206028783C
:10103000C0072DD0304968680839012812D002282D
:1010400013D0032811D00968890700292DDA2168F7
:1010500021F0030101432160FFF7F2FE814641F2D6
:10106000883A0EE009688903EFE709688901ECE72F
:10107000FFF7E6FEA0EB0901514502D90320BDE8C8
:10108000F0872068696800F00C00B0EB810FEFD1A9
:10109000D8F80010404601F00701B14207D90770A7
:1010A000006800F00700B04201D00120E7E728788F
:1010B000400705D52068E96820F4E0500843206027
:1010C0002878000706D52068296920F4604040EAA6
:1010D000C100206000F048F82168084AC1F30311FC
:1010E000515CC8400649086006480068FFF7D0FE1A
:1010F0000020C4E7003C02400838024090D10408B8
:1011000028020020300200200F2202600C4A1368DF
:1011100003F003034360136803F0F0038360136874
:1011200003F4E053C36012684FF4E05303EAD202C1
:1011300002610448006800F0070008607047000082
:1011400008380240003C024004480549006809682C
:10115000044AC1F34231515CC84070472802002064
:1011600008380240A0D10408154810B5006810F0F6
:101170000C02144813D01449042A0FD0082A0ED1A7
:101180000F4C241F2268236802F03F025B0207D540
:101190002068C0F38810A0FB010106E0084610BDDE
:1011A0002168C1F38811A1FB00010023FFF7E4F8D7
:1011B0002168C1F30141491C4900B0FBF1F010BDA9
:1011C000083802400024F40040787D012DE9F84FF2
:1011D00004006ED02078DFF84C93C007A9F1040515
:1011E0004AD009F104000168C1F38101012908D046
:1011F0000068C0F3810002280AD1D9F8000040023B
:1012000006D52868800337D560680028E1D033E030
:101210006068B0F5803F10D0B0F5A02F286810D0DE
:1012200020F480302860286820F4802028606068DE
:10123000A8B1FFF705FE06460DE0286840F48030AF
:10124000F4E740F480202860F7E700BFFFF7F8FDDF
:10125000801B642873D828688003F7D50CE0FFF75B
:10126000EFFD064605E000BFFFF7EAFD801B64289E
:10127000F0D828688003F7D42078DFF8AC828007A4
:101280004FF0000A3ED5A748001D016811F00C0F71
:1012900008D00068C0F3810002280BD1D9F8000003
:1012A000400207D42868800716D5E068012800D1DD
:1012B00012E033E1E068B8B10120C8F80000FFF7A0
:1012C000BFFD064605E000BFFFF7BAFD801B022800
:1012D000C0D828688007F7D52868216920F0F80071
:1012E00040EAC10028600DE0C8F800A0FFF7A8FDA3
:1012F000064604E0FFF7A4FD801B02281FD82868DB
:101300008007F7D42078000722D5864F8748616987
:10131000703771B101210160FFF792FD064604E0CC
:10132000FFF78EFD801B022809D838688007F7D5A3
:101330000EE0C0F800A0FFF783FD064605E082E05E
:10134000FFF77EFD801B02287DD838688007F7D420
:101350002078400768D5DFF8CCB100270BF13C0BB3
:10136000DBF80000C0000BD4DBF8001041F0805126
:10137000CBF80010DBF80000012700F0805000904F
:101380006B4E3068C00510D4306840F48070306017
:10139000FFF756FD009005E0FFF752FD0099401A57
:1013A000022850D83068C005F6D55E4EA0686C366D
:1013B00001280FD00528306810D020F001003060DF
:1013C000306820F004003060A068B8B1FFF738FD45
:1013D00000900FE0306840F00100F4E740F00400B6
:1013E0003060F7E7FFF72CFD0099411A41F2883091
:1013F000814266D830688007F4D50EE0FFF720FD03
:10140000009007E0FFF71CFD0099411A41F2883077
:10141000814256D830688007F4D42FB1DBF8001031
:1014200021F08051CBF80010A069C8B33D49091DD7
:101430000968C1F3810102294AD00228504607D029
:10144000C8F8600000E03CE0FFF7FAFC04463BE02F
:101450004746C8F86000FFF7F3FC064605E000BF0A
:10146000FFF7EEFC801B02282BD828688001F7D4F8
:10147000D4E907010843A16A2E4A490802EB014159
:10148000626A41EA8211084394F82C1040EA016133
:10149000C9F8001001203866FFF7D2FC044606E0C8
:1014A0003EE000BFFFF7CCFC001B022809D82868EB
:1014B0008001F7D534E000BFFFF7C2FC001B022813
:1014C00002D90320BDE8F88F28688001F4D427E012
:1014D0000128F7D0D9F80000E26900F480019142B8
:1014E0001CD1226A00F03F01914217D147F6C0712A
:1014F000626A0140B1EB821F10D1A26A4FF0FF3344
:1015000000F4403103EB5202B1EB024F06D194F8E4
:101510002C1000F07060B0EB016F01D00120D1E71A
:101520000020CFE70438024000004742800E4742C7
:10153000007000400000FFFF704770B5040009D044
:10154000606A002540B125616561A56294F851008B
:1015500040B10CE0012070BD6068B0F5827FF4D02E
:10156000E561F2E784F85050204600F045F802208B
:1015700084F851002068016821F040010160A088D2
:10158000218900F4827001F404410843A18901F427
:1015900000610843217C01F002010843217D01F034
:1015A00001010843218B01F400710843217F01F000
:1015B0003801084394F8201001F080010843218D80
:1015C00001F40051084321680860A069042101EA80
:1015D000104094F8241001F010010843216848607D
:1015E0002068C16921F40061C1616565012084F84A
:1015F0005100002070BD000070B586B00646142171
:101600006846FEF7D3FF2049306888423AD11F4828
:101610000025016841F480510160006800F48050A9
:1016200005901A481438016841F002010160006811
:10163000694600F002000590282000900220CDE9C4
:10164000010503200390052004901148FFF7FEFADE
:10165000114C104820604FF0806060604020C4E969
:10166000020500012061400060618000C4E90605B8
:10167000256220466562FFF747FA08B1FFF771F966
:10168000B464A66306B070BD003001404438024027
:101690000004024040640240900200202DE9F84F0F
:1016A000984616468A460446FFF7CAFB814694F8D8
:1016B000510001281ED1BAF1000F73D0002E71D055
:1016C00094F85000012815D0012784F850700320A9
:1016D00084F8510000256565C4F830A0A686E6862A
:1016E000A563A587E58765642564A068B0F5004F0C
:1016F00003D00CE00220BDE8F88F2068016821F0DB
:10170000400101602068016841F480410160206867
:101710000168490603D4016841F040010160E068B6
:10172000B0F5006F606803D048B3012E27D047E0C2
:1017300008B1012E1FD1206B21680088C86006E027
:1017400020688168890709D5216B0988C160206BF1
:10175000801C2063E08E401EE0860CE0FFF770FBEB
:10176000A0EB0901414503D3B8F1FF3F03D035E0B9
:10177000B8F1000F32D0E08E0028E1D123E0206BD9
:1017800021680078087306E02068816889070AD517
:10179000216B09780173206B401C2063E08E401E92
:1017A000E0860DE02BE0FFF74BFBA0EB0901414584
:1017B00003D3B8F1FF3F03D010E0B8F1000F0DD014
:1017C000E08E0028E0D14A464146204600F0A8FEBF
:1017D00008B120206065A06830B109E084F851703C
:1017E00084F85050032086E72068C1688068009024
:1017F00084F8517004F8505F60680028F3D001202D
:1018000079E7000070B5044690F8510001281CD11A
:10181000C9B1C2B194F85000012816D0012084F853
:101820005000032084F85100002565652163A286DD
:10183000E286A56365642564A587E587A068B0F5A1
:10184000004F04D00DE0012070BD022070BD206863
:10185000016821F0400101602068016841F4804185
:101860000160A16C17480864A16C1748C863A16C9B
:101870001648C864A06C0565E38E2268216B0C32A3
:10188000A06CFFF7ABF930B1606D40F010006065FF
:1018900084F85050D7E720680168490603D40168EE
:1018A00041F04001016084F850502068416841F0E7
:1018B000200141602068416841F002014160002040
:1018C00070BD0000B1240008BB2400088F2400086C
:1018D000064910B5884208D1082000F09FFC044852
:1018E0000068BDE8104013F0ABB810BD380200200E
:1018F000C001002070474FF0E0210428086903D0A0
:1019000020F004000861704740F00400FAE710B5C9
:10191000401EB0F1807F01D3012010BD4FF0E024C4
:1019200060610F21601701F047F80020A0610720D7
:101930002061002010BD70477047000070B590F81E
:101940003C20012A2CD0012480F83C40022280F85F
:101950003D2003685A689D6822F070060A68324389
:101960005A60104B02689A420ED0B2F1804F0BD0F1
:101970000D4B9A4208D00D4B9A4205D00C4B9A421F
:1019800002D00C4B9A4204D1496825F080031943D8
:10199000916080F83D40002180F83C10084670BD01
:1019A000022070BD0000014000040040000800401B
:1019B000000C00400040014010B5040003D094F832
:1019C0003D0010B107E0012010BD002084F83C006C
:1019D000204600F01FF8022084F83D00211D2068F9
:1019E00000F09CFE012084F8460084F83E0084F854
:1019F0003F0084F8400084F8410084F8420084F8F5
:101A0000430084F8440084F8450084F83D00002039
:101A100010BD000008B500680649884208D1064894
:101A2000016841F002010160006800F002000090CE
:101A300008BD0000000400404038024090F83D100E
:101A4000012901D001207047022180F83D10016872
:101A5000CA6842F00102CA6000680E4988420ED08E
:101A6000B0F1804F0BD00C49884208D00B49884216
:101A700005D00B49884202D00A49884204D18168C6
:101A800001F00701062903D0016841F0010101605E
:101A900000207047000001400004004000080040A2
:101AA000000C00400040014070B5044690F83C0036
:101AB0000025012817D0012684F83C60022084F814
:101AC0003D002068826822F0770222F47F42826023
:101AD0000868502838D00DDC20284FD005DC90B3A2
:101AE000102811D14AE0022070BD302846D040288D
:101AF0000AD13BE060282FD070280DD0B0F5805F70
:101B000003D0B0F5005F12D0012584F83D600020BD
:101B100084F83C00284670BDCB68D1E901212068DB
:101B200000F059FE2068816841F0770109E0CB6838
:101B3000D1E90121206800F04EFE2068816841F45F
:101B400080418160E1E719E0CA684968206800F0D7
:101B5000F7FE5021206806E0CA684968206800F056
:101B600000FF6021206800F040FECEE7CA684968A7
:101B7000206800F0E5FE40212068F4E72268014675
:101B80001046F0E770472DE9F04104460068C6684A
:101B900005694FF00007A90713D5B10711D5F91E44
:101BA000016101202077206880698007204602D0EB
:101BB000FFF7E8FF04E000F0A7F8204600F039F94D
:101BC0002777680716D5700714D521686FF00400D1
:101BD0000861022020772068806910F4407F204649
:101BE00002D0FFF7CFFF04E000F08EF8204600F0AF
:101BF00020F92777280715D5300713D521686FF00E
:101C000008000861042020772068C069800720460A
:101C100002D0FFF7B7FF04E000F076F8204600F0AE
:101C200008F92777E80616D5F00614D521686FF075
:101C300010000861082020772068C06910F4407FF8
:101C4000204602D0FFF79EFF04E000F05DF820463A
:101C500000F0EFF82777E80708D0F00706D02168F2
:101C60006FF001000861204600F03CF9280608D515
:101C7000300606D521686FF0800008612046FFF726
:101C80005AFE680608D5700606D521686FF0400038
:101C90000861204600F030F9A8060AD5B00608D53C
:101CA00021686FF0200008612046BDE8F041FFF791
:101CB00043BEBDE8F081000010B586B00446142193
:101CC0006846FEF773FC0D492068884214D10C4821
:101CD0000021026842F002020260006800F0020087
:101CE0000590012000900220CDE90101CDE903100B
:101CF00069460448FEF7AAFF06B010BD0004004084
:101D00003038024000040240704770B5044690F835
:101D10003C0000260D4601280FD0012084F83C002D
:101D20006AB1042A1DD0082A2FD00C2A3FD00126E0
:101D3000002084F83C00304670BD022070BD206851
:101D400000F05CFD2068816941F008018161206834
:101D5000816921F004018161206881692A69114348
:101D600011E0206800F072FD2068816941F4006193
:101D700081612068816921F48061816120688169C5
:101D80002A6941EA02218161D2E7206800F08AFDD8
:101D90002068C16941F00801C1612068C16921F072
:101DA0000401C1612068C1692A69114311E02068FA
:101DB00000F0A4FD2068C16941F40061C1612068A0
:101DC000C16921F48061C1612068C1692A6941EA61
:101DD0000221C161ACE710B5040003D094F83D00C6
:101DE00010B107E0012010BD002084F83C0020461F
:101DF00000F01EF8022084F83D00211D206800F04C
:101E00008DFC012084F8460084F83E0084F83F00F1
:101E100084F8400084F8410084F8420084F84300CC
:101E200084F8440084F8450084F83D00002010BD8B
:101E30007047704710B50446022249B104290ED0FC
:101E4000082913D094F84100012816D0012010BDB4
:101E500094F83E000128F9D184F83E200FE094F870
:101E60003F000128F2D184F83F2008E094F84000B8
:101E70000128EBD184F8402001E084F841200122C0
:101E8000206800F09BFC12492068884203D1426C14
:101E900042F400424264206888420ED0B0F1804F84
:101EA0000BD00C49884208D00B49884205D00B4919
:101EB000884202D00A49884204D1816801F00701B2
:101EC000062903D0016841F001010160002010BD26
:101ED000000001400004004000080040000C0040E9
:101EE0000040014000680349884201D1FEF7AEBFBF
:101EF00070470000000001407047FEE708B506F09B
:101F00001BFA00F085F800204FF48C73F022014694
:101F1000009000F040F800F07BF9322000F094F9D6
:101F2000FEF71EFCFEF78AFC1BF0B8FB21F016FE44
:101F300021F030FE2FF0FAFF42F21074204625F017
:101F40008EFBFBE72DE9F04107461C4615460E4681
:101F50002A2000F095F9380A00F0BAF9F8B200F03A
:101F6000B7F9280A00F0B4F9E8B200F0B1F92B2073
:101F700000F086F9300A00F0ABF9F0B200F0A8F9F1
:101F8000200A00F0A5F9E0B200F0A2F9BDE8F041A6
:101F90002C2000F075B92DE9F04780461F4603F16B
:101FA000130083B21646501E82B20C4601F1140093
:101FB00081B24046DDF82090FFF7C4FF0AE04546B5
:101FC00004E0484600F072F96D1CADB2B542F8D39A
:101FD000641CA4B2BC42F2D3BDE8F08770B55E1AAF
:101FE000141A641C761C1433143174439BB289B2E6
:101FF000049DFFF7A7FF102000F010F9A2B22946B8
:10200000BDE870400148FFF7FDBB0000380200202A
:1020100030B587B014216846FEF7C8FA7A480168DF
:1020200041F00201016000684FF4607400F00200AA
:1020300005900120CDE9004002900220734D0390ED
:1020400069462846FEF702FE012221462846FEF791
:10205000F2FE0022A9152846FEF7EDFE002280219F
:102060002846FEF7E8FE642006F07CF90122802174
:102070002846FEF7E0FE642006F074F9112000F017
:10208000FFF8782006F06EF9B22000F0F9F80C2085
:1020900000F01EF90C2000F01BF9002000F018F9E8
:1020A000332000F015F9332000F012F9352000F04C
:1020B000E7F8002000F00CF9362000F0E1F80020ED
:1020C00000F006F93A2000F0DBF8052000F000F9F6
:1020D000B72000F0D5F8352000F0FAF8BB2000F06A
:1020E000CFF82D2000F0F4F8C02000F0C9F82C2023
:1020F00000F0EEF8C22000F0C3F8012000F0E8F88C
:10210000C32000F0BDF8152000F0E2F8C42000F074
:10211000B7F8202000F0DCF8C62000F0B1F80F205E
:1021200000F0D6F8D02000F0ABF8A42000F0D0F8F2
:10213000A12000F0CDF8D62000F0A2F8A12000F0F8
:10214000C7F8E02000F09CF8702000F0C1F80520EE
:1021500000F0BEF80A2000F0BBF80B2000F0B8F841
:102160000A2000F0B5F8272000F0B2F82F2000F088
:10217000AFF8442000F0ACF8472000F0A9F8372071
:1021800000F0A6F8142000F0A3F8142000F0A0F846
:10219000292000F09DF82F2000F09AF8E12000F0AF
:1021A0006FF8702000F094F8072000F091F80C20F0
:1021B00000F08EF8082000F08BF8082000F088F876
:1021C000042000F085F82F2000F082F8332000F082
:1021D0007FF8462000F07CF8182000F079F81520F0
:1021E00000F076F8152000F073F82B2000F070F85E
:1021F0002D2000F06DF8212000F042F807B02920D2
:10220000BDE8304000F03CB83038024000040240E5
:1022100008210148FFF70EBEF0020020094A0828F5
:10222000116808D0102805D1C001D060086840F4BA
:102230000060086070470020D060086820F40060EB
:10224000F7E7000038020020411F5F2908D800EBA3
:10225000800080016421B0FBF1F002490968C86385
:1022600070470000F002002001B54FF0FF3301225B
:1022700069460248FFF712FA08BD00003802002044
:1022800070B5094D06464FF40074002221462846D9
:10229000FEF7D1FD3046FFF7E7FF21462846BDE8AF
:1022A00070400122FEF7C7BD0004024010B504468D
:1022B000012251020548FEF7BEFD200AFFF7D4FFB8
:1022C000E0B2BDE81040FFF7CFBF000000040240BD
:1022D00010B50446012251020348FEF7ACFD20462A
:1022E000BDE81040FFF7C0BF0004024024F0DEFA52
:1022F000052025F0B4F9F9E7094808B5016841F46B
:10230000800101600068002200F480000090052137
:102310003A20FEF72DFEBDE808403A20FEF71ABE2F
:102320003038024010B500F02FFB044A0021044869
:1023300025F0D0F90349086010BD0000F43C030803
:1023400049260008000000200D4808B5016841F04A
:1023500004010160016801F004010091016841F08D
:1023600002010160016801F002010091016841F081
:1023700001010160006800F00100009008BD00004C
:10238000303802400F4810B50D4901604FF482719A
:10239000416000218160C1604FF400720161C0E9B9
:1023A0000512C1610162416281620A21C162FFF7C7
:1023B000C4F8002803D0BDE81040FEF7D2BA10BD23
:1023C000003001403802002010B58EB00024079480
:1023D000089409940A940B941C2168460C94FEF707
:1023E000E5F81E481C49016040F23F11C0E90114A4
:1023F0006321C0E903148461FFF7DEFA08B1FEF738
:10240000B0FA4FF48050079007A91448FFF74CFB2F
:1024100008B1FEF7A6FA1148FFF7DDFC08B1FEF798
:10242000A0FA0B940BA90D480C94FFF787FA08B19A
:10243000FEF797FA6020CDE900040294082269466D
:1024400006480494FFF761FC08B1FEF78AFA0348D6
:10245000FFF732FC0EB010BD00040040F002002077
:10246000FEE7FEE7C268406809B182617047110467
:10247000816170470189006889B2FEF7D7BC826824
:10248000006809B18261704711048161704710B51D
:10249000806B01684A6822F003024A60416D41F096
:1024A00010014165012180F85110FFF745F810BD7A
:1024B00010B5806BFFF71EFA10BD38B50546846B6A
:1024C000FEF7BEFC024628680068C00523D42068D9
:1024D000416821F0200141602068416821F002013B
:1024E00041606421204600F01BF818B1606D40F097
:1024F00020006065A068002118B92068C268806863
:102500000090E186012084F85100606D18B12046EA
:10251000FFF712F838BD2046FFF7DAF938BD0000A2
:10252000F8B515460E460B460092044601220221DC
:1025300000F02CF8A0B9134813490068B0FBF1F083
:102540004FF47A71484300906068B0F5827F0DD1F6
:102550003346002280212046009500F017F870B124
:10256000606D40F0200060650320F8BD009830B138
:10257000401E009020688068C0430006F6D5002009
:10258000F8BD00002802002000366E012DE9F84356
:102590001E46914688460446089DFEF751FC401BA6
:1025A000351AFEF74DFC074626480068C0F3CB30CD
:1025B00068430AE0701C09D0FEF742FCC01BA84229
:1025C0000FD275B10098B8B3401E009020688168A2
:1025D00038EA010033D000214945EBD10020BDE8A5
:1025E000F8832068416821F0E00141606068B0F53F
:1025F000827F0BD1A068B0F5004F02D0B0F5806F9C
:1026000004D12068016821F040010160A06AB0F5A2
:10261000005F09D12068016821F400510160206841
:10262000016841F400510160012084F8510000204C
:1026300084F850000320D2E7FFE70025C6E7012118
:10264000CAE700002802002042F21074204625F05C
:1026500006F8FBE710B54FF0E020006931F00EF905
:10266000012803D0BDE8104030F0A0BC10BD000030
:1026700030B593B030216846FDF798FF14210CA8BF
:10268000FDF794FF1C480024016841F0805101606F
:10269000006800F0805011901848016841F44041F2
:1026A00001600068022500F4404011900120039071
:1026B00010200490009506950820CDE9074064207D
:1026C000CDE9090504200B906846FEF77FFD08B1AF
:1026D00072B6FEE70F20CDE90C054FF48050CDE92E
:1026E0000E4003210CA81094FEF774FC002801D0C2
:1026F00072B6FEE713B030BD4038024000700040B3
:102700000248016841F470010160704788ED00E003
:102710000148FFF738BA000038030020F0B502681E
:102720001F4B204C204D214E4FF0804C984207D03B
:10273000604505D0A04203D0A84201D0B04203D1E9
:1027400022F070074A683A43984210D060450ED094
:10275000A0420CD0A8420AD0B04208D0144CA042EB
:1027600005D0144CA04202D0134CA04203D122F455
:102770004074CA6822434C6922F0800222438C686C
:10278000C4620C688462984201D1096901630168DE
:1027900041F004010160012141610260F0BD0000CF
:1027A000000001400004004000080040000C004010
:1027B00000400140004401400048014010B501F0D4
:1027C0001F030121046A99408C430462016A9A4004
:1027D0001143016210BD10B5846842EA032224F45B
:1027E0007F440A432243826010BD826822F0700257
:1027F0000A4342F0070181607047000030B5036A68
:10280000026A22F0010202624268846924F07305C0
:102810000C682C4323F002058B682B430A4DA84219
:102820000BD123F00805CB6822F440722B434D698D
:1028300023F0040315438A692A434260846149688E
:102840004163036230BD00000000014030B5026A00
:10285000036A23F010030362436884690D6824F45B
:10286000E64444EA05248D6822F0200242EA05127B
:102870000B4DA8420ED1CD6822F0800242EA05122B
:102880004D6923F4406343EA85038D6922F04002D9
:1028900043EA85034360846149688163026230BD15
:1028A0000000014030B5036A026A22F480720262BD
:1028B0004268C46923F4007324F073050C682C4348
:1028C0008D6843EA05230C4DA8420ED1CD6823F450
:1028D000006343EA05234D6922F4405242EA05129F
:1028E0008D6923F4806342EA05124260C46149683D
:1028F000C163036230BD00000000014030B5046ACE
:10290000026A22F4805202624268C3690D6823F4AD
:10291000E64343EA05238D6824F4005444EA053471
:10292000064DA84204D14D6922F4804242EA851244
:102930004260C36149680164046230BD0000014027
:1029400010B5036A046A24F001040462846924F067
:10295000F00444EA021423F00A020A43846102628A
:1029600010BD10B5036A046A24F01004046284697F
:1029700023F0A00324F4704444EA023243EA011134
:102980008261016210BDFEE710B5074A00210748C9
:1029900024F0A0FE064C044A0021206024320548A1
:1029A00024F098FE606010BD183D0308FD1E00086D
:1029B00004000020ED2200080907090E002804DBAE
:1029C00000F1E02080F80014704700F00F0000F1E3
:1029D000E02080F8141D704770B5044600256FF0A4
:1029E0002F0608E02068411C2160007805EB850176
:1029F00006EB410145182068007800F02CF800280B
:102A0000F0D1284670BD70B514460D461BB911466D
:102A100013F0CCF8034603FB05F0142C0ED0E11F95
:102A200003290AD8072C0DD0082C0DD0092C0DD065
:102A30000A2C0DD0002100EB810070BD590801FB6C
:102A4000050070BD0221F6E70421F4E71021F2E74A
:102A50004FF48071EFE73038092801D80120704722
:102A6000002070472DE9FC5F9B460CAB8A468146EF
:102A7000DDE9116093E81210DDE90F575FEA807815
:102A80004FF030031AD45EB15FEAC07808D000F08E
:102A90000C0858EA0C0803D0761E01E00B55641CA4
:102AA000BC4204D2202CF9D301E00B55641C5FEA30
:102AB000C07803D0B44201D2202CF6D35FEAC068BC
:102AC00025D55FEA40580AD44CB1BC4201D0B4428B
:102AD00005D1641E03D0102D03D1641E04E0102D17
:102AE00002D0022D0AD00EE0850603D4202C1ED27F
:102AF000782506E0202C1AD2582502E0202C16D288
:102B000062250D55641C202C11D20B55641C202C01
:102B10000DD2BCF1000F01D02D2306E0430701D5F3
:102B20002B2302E0030702D520230B55641CCDE9BB
:102B300000BAC846154681468B46AA46800714D17E
:102B4000274607E02A46DDE900316D1C2020C446F7
:102B5000E0477F1CB742F5D307E02A466D1C641E90
:102B6000DDE900311BF80400C047002CF5D15FEA15
:102B7000897006D409E02A46DDE900316D1C202069
:102B8000C047A5EB0A00B042F5D32846BDE8FC9F3C
:102B90002DE9F04F8FB099468B46DDE91818DDE935
:102BA0001C63DDE91A4792468646002209B923F0E4
:102BB0001003580507AD00D5C9B1B1FBF4F004FB13
:102BC0001010C0B20A2801D2303009E05FEA836CED
:102BD00002D54FF0410C01E04FF0610C60440A381F
:102BE000B1FBF4F1A854521C09B1202AE5D3CDF869
:102BF0000880CDE90563CDE90052CDE903474B4696
:102C0000524659467046FFF72DFF0FB0BDE8F08FD2
:102C10002DE9FF4F8FB01CACDDE9239594E8030844
:102C200020AC94E8C004002450EA010201D125F050
:102C300010056A050DF11C0802D550EA010217D0F3
:102C400032463B46FDF798FBD2B20A2A01D2303217
:102C500006E0AB0601D5412300E061231A440A3A9D
:102C600008F80420641C50EA010201D0202CE7D3AC
:102C7000CDE90084CDF808B0CDE90595CDE9036A2A
:102C80000FAF97E80F00FFF7EDFE13B0BDE8F08F30
:102C90009A4200D288547047704770B516460D4668
:102CA000040001D10FF012FD0DB90FF00FFD201E31
:102CB00013D095B13246294601F085F800280BD093
:102CC0006168006910F0FCFD0646216C28468847C3
:102CD000E1680844E060304670BD002070BD2DE919
:102CE000FF4114460E4605460A461F4621466846E1
:102CF000DDF828800FF01CFB00281BD001986168CC
:102D00002268411A08FB01500099891A0D18009891
:102D100031683844441A68460FF0F8FA002107E099
:102D2000625C6B5C1A44FF2A00D9FF226254491C82
:102D30008142F5D3BDE8FF812DE9F041002680B145
:102D40004F1E04460D46394201D00FF0BFFC2C4403
:102D5000641EBC43B4F5803F03D20C2C00D80C2475
:102D600026463046BDE8F0812DE9F04F064691B089
:102D7000D6E90170804696F821B03568F0680F906A
:102D8000D6E906400E90D6E904A009900AA811F0F1
:102D900002FC96F8220008B10020C9E0BAF1000F49
:102DA00005D0BBF1FD0F4FF0000066D28DE0BBF106
:102DB000FD0F4FF0000017D21CE000260CE000BF12
:102DC00004EB460005EB46010088ADF804000AAAB2
:102DD000019811F053F8761CBE42F1DB0F980544C0
:102DE0000E98044409F1010081464045E5DB11B02D
:102DF000BDE8F08F81464045F9DA002613E000BFB8
:102E000004EB46000088ADF804009DF8051011FBA6
:102E10000BF0000A8DF8050005EB46010AAA01989F
:102E200011F02CF8761CBE42EADB0F9805440E9890
:102E3000044409F10100DDE7002614E004EB46003C
:102E40000088ADF808009DF809101AF8060011FB7B
:102E500000F0000A8DF8090005EB46010AAA029865
:102E600011F00CF8761CBE42E8DB0F980999054476
:102E70000E988A44044409F1010081464045DBDB99
:102E8000B5E7002617E000BF04EB46000088ADF868
:102E900008009DF809101AF8060011FB00F101FB6B
:102EA0000BF1080C8DF8090005EB46010AAA0298FF
:102EB00010F0E4FF761CBE42E6DB0F98099905444A
:102EC0000E988A44044409F1010081464045D8DB4C
:102ED0008DE700201EE000BF04EB4900BAF1000FAF
:102EE0000088ADF8080027D09DF809201AF80900DD
:102EF00012FB00F101FB0BF15FEA11408DF80900B4
:102F000096F8222005EB49000AAB029903F09CFCDD
:102F100009F101008146B842DEDBBAF1000F01D0B1
:102F200009998A440F9805440E9804440398401C5C
:102F300003904045CDDB5AE79DF8091011FB0BF0DB
:102F4000000ADBE72DE9F04F064695B0D6E901709F
:102F5000804696F821B03568F0680E90D6E90640B4
:102F60000C90D6E904900A9096F8220020B110A89F
:102F700011F025FB0020D0E0B9F1000F05D0BBF126
:102F8000FD0F4FF0000064D289E0BBF1FD0F4FF060
:102F9000000019D21EE000BF4FF000094E460BE0C2
:102FA00004EB460005EB8901427814F8160011F095
:102FB00080F909F10109761CBE42F1DB0E98054447
:102FC0000C9804440AF1010082464045E4DB15B048
:102FD000BDE8F08F82464045F9DA4FF000094E46D1
:102FE0000FE000BF04EB4600417811FB0BF0020A32
:102FF00005EB890114F8160011F05BF909F10109DC
:10300000761CBE42EEDB0E9805440C9804440AF18F
:103010000100DFE74FF0000A564610E004EB4600DF
:10302000417819F8060011FB00F0020A05EB8A014D
:1030300014F8160011F03DF90AF1010A761CBE429F
:10304000ECDB0E980A9905440C98894404440BF172
:10305000010083464045DDDBB9E700BF4FF0000AC1
:10306000564612E004EB4600417819F8060011FBC1
:1030700000F000FB0BF0020C05EB8A0114F81600BF
:1030800011F017F90AF1010A761CBE42EADB0E982C
:103090000A9905440C98894404440598401C0590FD
:1030A0004045DBDB93E70020039028E014F81A107A
:1030B0000298B9F1000F61F3174061F30F2061F33B
:1030C000070004EB4A012CD0039A4B7819F8021040
:1030D00013FB01F101FB0BF15FEA114161F31F608A
:1030E0000290039896F8222005EB800010AB02991D
:1030F00003F0DAFB0398401C03900AF101008246BA
:10310000B842D3DBB9F1000F01D00A9881440E9880
:1031100005440C9804440598401C05904045C2DBCA
:1031200055E74A7812FB0BF1090AD7E72DE9F04F72
:10313000054687B0D5E9016790F821B00068009096
:10314000E8680290D5E906400390D5E90490049020
:10315000686AC11700EB517121F00701A0EB010A69
:1031600095F8220008B1002029E1B9F1000F05D03F
:10317000BBF1FD0F4FF0000070D2E2E0BBF1FD0F9C
:103180004FF000002ED233E04FF0000845461FE01C
:1031900008EB0A018B46009808F0E5FDC0EB002023
:1031A0008DF8040004EB450001A9427814F81500DD
:1031B00011F09CF89DF8040059467F28009802D928
:1031C0002AF0A8F801E004F031FF08F101086D1CB5
:1031D000B542DDDB0299009808440090039804444E
:1031E00009F101008146B842CEDB07B0BDE8F08F9F
:1031F0008146B842F9DA4FF00008454623E000BFA7
:1032000008EB0A010191009808F0ADFDC0EB002029
:103210008DF8100004EB4500417811FB0BF0020A19
:1032200014F8150004A911F061F89DF810007F282A
:10323000DDE9000102D92AF06DF801E004F0F6FEA4
:1032400008F101086D1CB542DADB009902980844C8
:1032500000900398044409F10100C9E735E000BF7C
:103260004FF00008454624E008EB0A010191009860
:1032700008F079FDC0EB00208DF8140004EB450048
:10328000417819F8050011FB00F0020A14F8150046
:1032900005A911F02BF89DF814007F28DDE9000145
:1032A00002D92AF037F801E004F0C0FE08F1010865
:1032B0006D1CB542D8DB0299009808440090039831
:1032C0000499044489440BF101008346B842C7DBEA
:1032D0008BE700BF4FF00008454626E008EB0A01E7
:1032E0000191009808F03FFDC0EB00208DF814001C
:1032F00004EB4500417819F8050011FB00F101FBD2
:103300000BF10A0C14F8150005A910F0EFFF9DF859
:1033100014007F28DDE9000102D929F0FBFF01E05C
:1033200004F084FE08F101086D1CB542D6DB029959
:10333000009808440090039804990444069889442E
:10334000401C0690B842C5DB4FE70020059026E000
:1033500014F818100198B9F1000F61F3174061F3E8
:103360000F2061F3070004EB48012CD04B7819F8CB
:10337000081013FB01F101FB0BF1090C61F31F6055
:103380000190059895F8223000EB0A01DDE9000272
:1033900003F0F8FA0598401C059008F101008046FA
:1033A000B042D5DBB9F1000F01D0049989440099EE
:1033B000029808440090039804440698401C069024
:1033C000B842C2DB11E74A7812FB0BF1090AD5E7D4
:1033D0002DE9F04F064691B0D6E90170804696F887
:1033E00021B03568F0680F90D6E906400D90D6E917
:1033F00004900B9096F8220008B10020C7E0B9F1C4
:10340000000F05D0BBF1FD0F4FF0000063D288E044
:10341000BBF1FD0F4FF0000018D21DE04FF0000986
:103420004E460BE004EB460005EB0901427814F828
:10343000160010F069FF09F10109761CBE42F1DBAC
:103440000F9805440D9804440AF101008246404556
:10345000E4DB11B0BDE8F08F82464045F9DA4FF069
:1034600000094E460FE000BF04EB4600417811FB17
:103470000BF0020A05EB090114F8160010F044FFE6
:1034800009F10109761CBE42EEDB0F9805440D9848
:1034900004440AF10100DFE74FF0000A564610E04D
:1034A00004EB4600417819F8060011FB00F0020A0F
:1034B00005EB0A0114F8160010F026FF0AF1010AC4
:1034C000761CBE42ECDB0F980B9905440D9889449D
:1034D00004440BF1010083464045DDDBB9E700BF42
:1034E0004FF0000A564612E004EB4600417819F806
:1034F000060011FB00F101FB0BF10A0C05EB0A01C0
:1035000014F8160010F000FF0AF1010A761CBE4202
:10351000EADB0F980B9905440D98894404440498FC
:10352000401C04904045DBDB93E70020039020E043
:1035300014F81A100098B9F1000F61F3174061F305
:103540000F2061F3070026D0039A19F8022012FB1E
:103550000BF1090A61F31F600090039896F822208E
:103560002844009903F04FFA0398401C03900AF195
:1035700001008246B842DBDBB9F1000F01D00B98A5
:1035800081440F9805440D9804440498401C04900D
:103590004045CADB5DE76BF31F60DDE72DE9F04FC7
:1035A000804687B0D8E90170814698F821B0D8F8F4
:1035B0000040D8F80C000290D8E906500190D8E9F4
:1035C00004A0039098F8220008B1002058E1BAF155
:1035D000000F05D0BBF1FD0F4FF0000067D28CE06B
:1035E000BBF1FD0F4FF000001AD21FE00026B046DD
:1035F0000EE000BF05EB480034F81610427815F8CD
:10360000180010F0DBFD24F8160008F10108761C04
:10361000BE42EFDB02980444019805440AF1010020
:1036200082464845E2DB07B0BDE8F08F8246484558
:10363000F9DA0026B04610E005EB4800417811FBAE
:103640000BF0020A34F8161015F8180010F0B6FD49
:1036500024F8160008F10108761CBE42ECDB029843
:103660000444019805440AF10100DFE70026B04652
:1036700013E000BF05EB480041781AF8060011FB83
:1036800000F0020A34F8161015F8180010F096FD34
:1036900024F8160008F10108761CBE42EADB029805
:1036A0000399044401988A4405440BF101008346C0
:1036B0004845DBDBB7E70026B04614E005EB4800E1
:1036C00041781AF8060011FB00F101FB0BF10A0C1E
:1036D00034F8161015F8180010F070FD24F81600D4
:1036E00008F10108761CBE42E8DB02980444019808
:1036F0000544039882440098401C00904845DADB5A
:1037000091E70026304600960494ABE015F81000CF
:1037100098F822104FEAD00E8008012927D00229FC
:1037200042D0032971D00429C4D1049931F816304C
:10373000CEEBD321002901DCAEEBD3214FF6FF7293
:1037400002EAC122C3F3451CACEB0001002901DCF5
:10375000A0EB0C0102EB411082B203F01F01A1EBC0
:103760000E00002801DCAEEB0100104439E00499A2
:1037700031F816100EEBD1221F2A00D31F224FF66C
:10378000FF7303EAC222C1F3451318443F2800D354
:103790003F2001F01F0102EB4010714480B21F294D
:1037A00000D31F2108441CE0049931F81610CEEB19
:1037B000D122002A00DC00224FF6FF7303EAC22266
:1037C000C1F34513181A002800DC002002EB40105A
:1037D00082B201F01F01A1EB0E000028C5DC002021
:1037E000C3E780B2BAF1000F28D01AF80620BBF167
:1037F000FD0F2DD2009905EB4101497812FB01F133
:1038000001FB0BF10A0C23E0FFE7049931F81610D5
:10381000CB0A13FB0EF253094FF6FF7202EAC322E2
:10382000C1F3451313FB00F0800902EB401001F0D7
:103830001F0212FB0EF100EB5110D2E70099BBF111
:10384000FD0F05EB41014A7802D212FB0BF10A0A87
:1038500034F8161010F0F4FA24F816000098001D41
:10386000761C0090BE42FFF651AF0298BAF1000FED
:1038700004440198054401D003998A440598401CEA
:1038800005904845FFF63DAFCDE600002DE9F04F2D
:10389000804687B0D8E90170814698F821B0D8F801
:1038A0000040D8F80C000290D8E906500190D8E901
:1038B00004A0039098F8220008B100206BE1BAF14F
:1038C000000F05D0BBF1FD0F4FF0000076D2A2E053
:1038D000BBF1FD0F4FF000001FD224E00026B046E0
:1038E00013E000BF34F8160010F0DAFE014605EBD5
:1038F0004800427815F8180010F090FC10F0D0FE47
:1039000024F8160008F10108761CBE42EADB029892
:103910000444019805440AF1010082464845DDDB74
:1039200007B0BDE8F08F82464845F9DA0026B04678
:1039300016E000BF34F8160010F0B2FE014605EBA9
:103940004800427812FB0BF0020A15F8180010F03C
:1039500065FC10F0A5FE24F8160008F10108761C9D
:10396000BE42E7DB02980444019805440AF10100D5
:10397000D9E70026B04617E034F8160010F090FEA4
:10398000014605EB480042781AF8060012FB00F0E9
:10399000020A15F8180010F041FC10F081FE24F81E
:1039A000160008F10108761CBE42E5DB0298039977
:1039B000044401988A4405440BF1010083464845BC
:1039C000D7DBADE70026B0461BE000BF34F8160099
:1039D00010F066FE05EB48014A781AF8061012FB53
:1039E00001F101FB0BF10A0C15F8183001461846DD
:1039F00010F014FC10F054FE24F8160008F1010831
:103A0000761CBE42E2DB02980399044401988A4482
:103A100005440098401C00904845D3DB80E73946B8
:103A20002046049416F08CFC002630460096A4E054
:103A300015F8100098F822104FEAD00E80080129DE
:103A400027D0022943D0032968D00429B9D1049989
:103A500031F81620CEEBD221002901DCAEEBD221C9
:103A60004FF6FF7303EAC123C2F3451CACEB000120
:103A7000002901DCA0EB0C0103EB411081B202F044
:103A80001F02A2EB0E00002801DCAEEB020008448E
:103A90003AE0049931F816100EEBD1221F2A00D318
:103AA0001F224FF6FF7303EAC222C1F345131844E5
:103AB0003F2800D33F2002EB401082B201F01F01EB
:103AC00001EB0E001F2800D31F2010441CE00499B6
:103AD00031F81610CEEBD122002A00DC00224FF67E
:103AE000FF7303EAC222C1F34513181A002800DC51
:103AF000002002EB401001F01F02A2EB0E0180B289
:103B0000002900DC0021084480B2BAF1000F1ED069
:103B1000BBF1FD0F44D31AF8062022E0049931F8D6
:103B20001610CB0A13FB0EF253094FF6FF7202EA8E
:103B3000C322C1F3451313FB00F0800902EB4010D0
:103B400001F01F0212FB0EF100EB5110DCE70099AF
:103B5000BBF1FD0F05EB41014A7802D212FB0BF1DC
:103B60000A0A34F8161010F06BF910F099FD24F8D9
:103B700016000098001D761C0090BE42FFF658AF5C
:103B80000298BAF1000F04440198054401D003984B
:103B900082440598401C05904845FFF640AFBFE6BB
:103BA000009A1AF8061005EB4202527811FB02F156
:103BB00001FB0BF10A0CD4E72DE9F34F064685B063
:103BC000D6E90170804696F821B03568F06801901A
:103BD000D6E906400090D6E90490039096F82200BA
:103BE00008B10020CAE0B9F1000F05D0BBF1FD0F0C
:103BF0004FF0000063D288E0BBF1FD0F4FF00000F2
:103C000018D21DE04FF000094E460BE004EB4600D1
:103C100005EB0901427814F8160010F02FFB069806
:103C2000761C8144BE42F1DB0198054400980444AF
:103C30000AF1010082464045E4DB07B0BDE8F08FA1
:103C400082464045F9DA4FF000094E460FE000BFCA
:103C500004EB4600417811FB0BF0020A05EB090169
:103C600014F8160010F00AFB0698761C8144BE4238
:103C7000EEDB01980544009804440AF10100DFE7F7
:103C80004FF0000A564610E004EB4600417819F860
:103C9000060011FB00F0020A05EB0A0114F81600F9
:103CA00010F0ECFA0698761C8244BE42ECDB0198D8
:103CB000039905440098894404440BF101008346AC
:103CC0004045DDDBB9E700BF4FF0000A564612E081
:103CD00004EB4600417819F8060011FB00F000FBE8
:103CE0000BF0020C05EB0A0114F8160010F0C6FAEE
:103CF0000699761C8A44BE42EADB01980399054482
:103D00000098894404440298401C02904045DBDB43
:103D100093E70020029023E014F81A00B9F1000F95
:103D200060F3070160F30F2160F3174104EB4A00D1
:103D300029D04378029819F8000013FB00F000FB2B
:103D40000BF0000C60F31F61029896F822202844C3
:103D500002F088FE06990298084402900AF10100D8
:103D60008246B842D8DBB9F1000F01D003998944EB
:103D700001980544009804440498401C01460490AE
:103D80004045C6DB59E7427812FB0BF0000AD9E741
:103D900010B544184A1E641E9443114201D00EF01F
:103DA00095FC204610BD10B544201AF0BBFD040060
:103DB00005D0442200211AF0F8FE204610BD0EF076
:103DC00085FC002010BD2DE9FC410D46040001D109
:103DD0000EF07CFC0DB90EF079FC5CB355B304F128
:103DE0002800294680461FF058FF009008B3076955
:103DF000616838460FF064FD064629463846626819
:103E00001AF018FE04F134001AF0ADFC0190A0B1D4
:103E1000042269461AF00EFE2046009908F00FFCB5
:103E2000042201A91AF006FE2146304662680FF00E
:103E300061FD08E00020BDE8FC81404600991FF0CC
:103E4000E7FE002000900098F5E700002DE9F04122
:103E50000F460121002504462E46C16309E01C4996
:103E600020F0ACFE08B16D1C02E0E06B401CE0638A
:103E7000761C57F8260010B101780029EFD1A06B0D
:103E8000A84223D0206B002610B117F04FFE266306
:103E9000606B10B117F04AFE666328011AF042FD0C
:103EA000206308B90EF012FC68001AF03BFD606355
:103EB00008B90EF00BFC206B08B1606B00B900254F
:103EC0006A000021606B1AF070FEA563BDE8F08106
:103ED0007C35010870B5C07A00F00F00062808D2C2
:103EE000DFE800F00705030303030C4602E0144675
:103EF00000E0402404EB4400C01C20F00305E01C5B
:103F000020F0030028440C301AF00CFD38B100F109
:103F10000C01016029180C31C0E9011470BD0EF0CC
:103F2000D5FB002070BD000070B5044690F85C1011
:103F3000E26B8807606C04D420B1431C18D0401E8B
:103F40006064A8B90AB1880712D5214619481AF049
:103F5000AFFC00F031F8216909B12046884761695A
:103F600009B1204688472046BDE8704017F0DEBD05
:103F700021F0080084F85C00D4E90C1500238D4280
:103F800000DD6B1A256C5B1B6363002A10D083076E
:103F900002D4A36B5B42636343105B1C63F3410079
:103FA00084F85C00E36A606A6362E163C4E90B025F
:103FB00070BD000024B6002070B5174C012504F137
:103FC000AC0084F8A4501AF0A9FB0028D4F8A8008B
:103FD00004D0A8B1BDE8704022F006BD18B1BDE81C
:103FE000704022F0EBBC94F8A600002807D0002215
:103FF0000A49104610F0A6FF002084F8A60070BD04
:1040000094F8A6000028FAD100220449104610F0C6
:1040100077FE84F8A65070BD78B500207D41000879
:104020002DE9F047544D95F8A50038B15FF0000038
:1040300085F8A5005048AC30814690E00120F7E7B4
:10404000206D22F07FFB94F85C10C9071ED0606DD4
:1040500022F078FB0146A06D421C1AD0884218D885
:10406000091A94F85C0020F0010084F85C00626B8F
:104070001144616395F8A51029B120F0040000BF38
:1040800084F85C0005E040F00400F9E7616B084447
:10409000606322F05DFB2065002085F8A40094F8A1
:1040A0005C00C10762D195F8A510C0F380028A4276
:1040B0005CD061F3820084F85C0001071ED4616B60
:1040C000002948DBC00609D4A16939B120468847D8
:1040D000616A01446162E16A0844E062204625F0B9
:1040E0004FFCE16809B12046884794F85C0040F035
:1040F000080084F85C00204625F06CFB606B00280B
:1041000029DB216B8046884200DD6163216A2046FD
:10411000676B88470646A06AB0420DD0A662626807
:1041200012B131462068904795F8A400B0B9A26852
:104130002AB131462046904795F8A40070B9606BCB
:10414000B84202D14046C4F83480216B884202DB79
:104150002046FFF7E9FE95F8A40038B148461AF06A
:10416000DDFA04007FF46CAFBDE8F08721464846D5
:104170001AF0E6FAF5E7000078B500200020FFF716
:104180004FBF00002DE9F043C469ADB00546816E14
:10419000266800220AA818F0C1F901280AD115984A
:1041A00000287DD00088C0F307200E2806D00628FE
:1041B00076D103E001202DB0BDE8F0831598583585
:1041C00025AF01891FFA81F92ECD87E82E004068BE
:1041D0000022010C491E83B20091114606A85B1E05
:1041E0000EF0F8F900252B46092206A925A800950E
:1041F0000DF0D7FE04F114000FC887E80F0025AAC0
:1042000006A921A80EF094F8002859D01D951E95F6
:104210001F95209520682699808880B2401E1F90A7
:104220002298401A401E20901DA9206811F0B9F96B
:1042300026992498401A401C1E902068691E4068E8
:1042400001EB104020901DA9206811F0AAF92599D2
:1042500021981E95401A401E1D951F901DA920688B
:1042600011F09FF923992598081A401C1D90206889
:104270001DA9808880B2401E1F90206811F091F91E
:10428000229926980A1A25992198411A304611F048
:1042900021FB064607992298421A0699219800E0C8
:1042A0002DE0411A159811F015FB054621A80EF0D6
:1042B0001EF8074621A80EF029F8024600211CE04E
:1042C0000AA818F0C7F8002075E700200DE000BF2D
:1042D00006EB800315F800C093F803801CFB08FC74
:1042E0004FEA1C2C83F803C0401C9042F0DB20688E
:1042F000806816FA80F64D44491CB942E5DB0AA8ED
:1043000018F0A8F856E770B5044640680D4608B1A5
:10431000FFF7F9FF2268002A04D029462046BDE8AD
:104320007040104770BD70B50D6806460C46286891
:1043300038B1296AC90204D5206021463046FFF70A
:10434000F2FF214630462560BDE87040FFF7DBBF35
:104350000DF066BD0DF0D3BD2DE9F04F064691B0CE
:10436000D6E90170814696F8210008903568F0681A
:104370000F90D6E906400E90D6E904B00A900BA83B
:1043800010F009F996F8220008B10020DFE0089843
:10439000BBF1000F04D0FD284FF0000076D29FE063
:1043A000FD284FF0000021D226E000BF4FF00008AA
:1043B00014E000BF04EB880BDBF800000FF021FDD8
:1043C00060F307069BF80310304661F30F2005EBFE
:1043D00048010BAA0FF052FD08F10108B845E9DBCE
:1043E0000F9805440E9804440AF10100824648459E
:1043F000DCDB11B0BDE8F08F82464845F9DA0026D3
:1044000017E000BF04EB860BDBF800000FF0F9FCAF
:1044100060F307089BF80310089811FB00F0010AED
:10442000404661F30F2005EB46010BAA0FF026FD75
:10443000761CBE42E6DB0F9805440E9804440AF150
:104440000100D9E7002617E004EB86010791086810
:104450000FF0D7FC079960F307084046CA781BF8AD
:10446000061012FB01F1090A61F30F2005EB46016A
:104470000BAA0FF003FD761CBE42E5DB0F980A99EC
:1044800005440E988B4404440AF1010082464845D5
:10449000D8DBAEE7002619E004EB86000790006841
:1044A0000FF0AFFC60F307080798C1781BF806000F
:1044B00011FB00F008990BAA4843010C404661F338
:1044C0000F2005EB46010FF0D9FC761CBE42E3DB62
:1044D0000F980A9905440E988B4404440AF1010090
:1044E00082464845D6DB84E7002022E004EB8A00C0
:1044F000029000680FF085FC414660F307010298C6
:10450000BBF1000FC07860F30F2124D01BF80A2004
:1045100010FB02F0089A50435FEA104060F30F214D
:1045200096F8222005EB4A000BAB02F08DF90AF158
:1045300001008246B842D9DBBBF1000F01D00A99D5
:104540008B440F9805440E9804440398401C039034
:104550004845C9DB4DE7089A10FB02F0000ADDE789
:104560002DE9F04F064693B0D6E90170804696F8E3
:1045700021B03568F0681190D6E906401090D6E970
:1045800004A00B900CA810F01AF896F8220008B1BD
:104590000020C4E0BAF1000F05D0BBF1FD0F4FF0D1
:1045A000000066D28DE0BBF1FD0F4FF0000018D285
:1045B0001DE000260DE000BF05EB860A04EB860037
:1045C000DAF8001000680CAA0FF052FDCAF80000DB
:1045D000761CBE42F0DB119805441098044409F1A2
:1045E000010081464045E4DB13B0BDE8F08F814611
:1045F0004045F9DA002612E004EB86000068020E5E
:1046000012FB0BF1090A05EB860A61F31F60DAF869
:1046100000100CAA0FF02CFDCAF80000761CBE4258
:10462000EADB119805441098044409F10100DEE723
:10463000002614E004EB86001AF806100068020E4B
:1046400012FB01F1090A05EB860B61F31F60DBF831
:1046500000100CAA0FF00CFDCBF80000761CBE4237
:10466000E8DB11980B99054410988A44044409F139
:10467000010081464045DBDBB6E7002617E000BFBE
:1046800004EB86001AF806100068020E12FB01F116
:1046900001FB0BF1090C61F31F6005EB860107912B
:1046A00009680CAA0FF0E4FC0799761C0860BE426A
:1046B000E6DB11980B99054410988A44044409F1EB
:1046C000010081464045D8DB8EE7002019E000BF9D
:1046D00004EB8900BAF1000F016824D01AF8090030
:1046E0000B0E13FB00F202FB0BF2100C60F31F61C8
:1046F00096F8222005EB89000CAB02F0D5F809F101
:1047000001008146B842E3DBBAF1000F01D00B99FA
:104710008A4411980544109804440398401C03905F
:104720004045D2DB60E70A0E12FB0BF0000ADDE722
:104730002DE9F04F064695B0D6E90170804696F80F
:1047400021B03468F0681290D6E906501190D6E98D
:1047500004A00C900DA80FF047FF96F8220008B1B6
:104760000020A3E1BAF1000F05D0BBF1FD0F4FF01F
:1047700000007DD258E1BBF1FD0F4FF000004CD29C
:1047800051E0002641E000BF05EB86000068010E05
:10479000FD2906D3FF2161F31F6004EB8601086049
:1047A00032E0022930D904EB860AC0F307429AF8B6
:1047B000023093420FD19AF80130C0F3072C6345C1
:1047C00009D114F8263000F0FF0C634503D19AF8A4
:1047D00003308B4218D012FB01F2120A62F3174029
:1047E000C0F3072212FB01F2120A62F30F20C2B2D9
:1047F00012FB01F1090A61F30700DAF800100DAAB3
:104800000FF081FCCAF80000761CBE42BCDB129897
:1048100004441198054409F1010081464045B0DB8C
:1048200015B0BDE8F08F81464045F9DA002645E035
:1048300005EB86000068020E12FB0BF1090AFD2948
:1048400006D3FF2161F31F6004EB8601086034E0AA
:10485000022932D904EB860AC0F3074E9AF802C047
:10486000F44511D19AF80130C0F3072C634500E0FC
:1048700082E009D114F8263000F0FF0C634503D123
:104880009AF80330934218D00EFB01F261F31F60D7
:10489000120A62F31740C0F307224A43120A62F376
:1048A0000F20C2B24A43110A61F30700DAF8001080
:1048B0000DAA0FF028FCCAF80000761CBE42B7DB38
:1048C000129804441198054409F10100ABE7002651
:1048D00048E000BF05EB86001AF806100068020EDB
:1048E00012FB01F1090AFD2906D3FF2161F31F60C4
:1048F00004EB8601086034E0022932D904EB860B10
:10490000C0F3074E9BF802C0F4450FD19BF801306D
:10491000C0F3072C634509D114F8263000F0FF0CD2
:10492000634503D19BF8033093421AD061F31F60B3
:104930001EFB01F2120A62F31740C0F3072212FBBA
:1049400001F2120A62F30F20C2B212FB01F1090A4E
:1049500061F30700DBF800100DAA0FF0D4FBCBF8D1
:104960000000761CBE42B5DB12980C9904441198E5
:104970008A44054409F1010081464045A7DB4FE721
:10498000002647E005EB86001AF806100068020EC4
:1049900012FB01F303FB0BF3190CFD2905D3FF21D7
:1049A00061F31F6004EB860132E0022931D904EB88
:1049B0008603089393F802C0C0F3074EF4450FD165
:1049C000089BC0F3072C5B78634509D114F82630A7
:1049D00000F0FF0C634503D1089BDB78934218D0AD
:1049E0000EFB01F261F31F60120A62F31740C0F37D
:1049F00007224A43120A62F30F20C2B24A43110A45
:104A000061F3070008990DAA09680FF07CFB08996B
:104A10000860761CBE42B5DB12980C9904441198CC
:104A20008A44054409F1010081464045A8DBF7E6C8
:104A300000202DE005EB8900BAF1000F016839D0A4
:104A40001AF809000B0E13FB00F202FB0BF2100C1C
:104A500060F31F61C1F30742080E12FB00F2120A55
:104A600062F31741C1F3072212FB00F2120A62F34C
:104A70000F21CAB212FB00F0000A60F3070196F89A
:104A8000222004EB89000DAB02F053F809F101007C
:104A90008146B842CEDBBAF1000F01D00C998A44AE
:104AA00012980444119805440498401C0490404511
:104AB000BEDBB5E60A0E12FB0BF0000AC8E72DE9D3
:104AC000F04F054689B0D5E9016790F821B000683C
:104AD0000090E8680290D5E906400390D5E904907B
:104AE0000490686AC11700EB517121F00701A0EB37
:104AF000010A95F8220008B100201BE1B9F1000F6E
:104B000005D0BBF1FD0F4FF0000071D2E3E0BBF127
:104B1000FD0F4FF000002FD234E0002522E004EB1F
:104B2000850BDBF800000FF06CF905EB0A0104902F
:104B30008946009807F017F9C0EB00208DF80400B3
:104B40009BF8032001A904980FF0D0FB9DF8040006
:104B500049467F28009802D928F0DCFB01E003F0E9
:104B600065FA6D1CB542DADB0099029808440090A2
:104B70000398044408F101008046B842CDDB09B037
:104B8000BDE8F08F8046B842F9DA002525E004EB55
:104B90008500059000680FF034F905EB0A010490D8
:104BA0008946009807F0DFF8C0EB00208DF804007C
:104BB0000598C17811FB0BF0020A01A904980FF0C7
:104BC00095FB9DF8040049467F28009802D928F0FB
:104BD000A1FB01E003F02AFA6D1CB542D7DB029974
:104BE0000098084400900398044408F10100C9E7C4
:104BF00035E0002527E004EB8500069000680FF003
:104C000000F905EB0A0105908B46009807F0ABF818
:104C1000C0EB00208DF80400069819F80510C07844
:104C200011FB00F0020A01A905980FF05FFB9DF847
:104C3000040059467F28009802D928F06BFB01E058
:104C400003F0F4F96D1CB542D5DB029900980844D5
:104C50000090039804990444894408F101008046B7
:104C6000B842C6DB8BE7002529E004EB85000790FE
:104C700000680FF0C6F805EB0A0101910690009854
:104C800007F071F8C0EB00208DF81400079819F8B0
:104C90000510C07811FB00F000FB0BF0020C05A919
:104CA00006980FF023FB9DF814007F28DDE9000132
:104CB00002D928F02FFB01E003F0B8F96D1CB542D2
:104CC000D3DB0299009808440090039804990444A7
:104CD000894408F101008046B842C4DB4FE7002058
:104CE00018E004EB8800B9F1000F026826D019F82B
:104CF0000800130E13FB00F000FB0BF0000C60F338
:104D00001F6295F8223008EB0A01009801F03AFE84
:104D100008F101008046B042E3DBB9F1000F01D099
:104D20000499894402990098084400900398044427
:104D30000198401C0190B842D1DB20E7110E11FB15
:104D40000BF0000ADBE700002DE9F04F06468FB0BC
:104D5000D6E90170804696F821B03568F0680D906C
:104D6000D6E906400C90D6E904A0089096F82200F7
:104D700008B10020B6E0BAF1000F05D0BBF1FD0F7D
:104D80004FF000005DD280E0BBF1FD0F4FF000005E
:104D900016D21BE000260BE004EB860ADAF80000CE
:104DA0000FF02FF89AF80320A9190FF0ADFA761C2E
:104DB000BE42F1DB0D9805440C98044409F1010052
:104DC00081464045E6DB0FB0BDE8F08F81464045A7
:104DD000F9DA00260FE000BF04EB860ADAF80000DB
:104DE0000FF00FF89AF8032012FB0BF10A0AA91929
:104DF0000FF08AFA761CBE42EEDB0D9805440C9843
:104E0000044409F10100E1E7002610E004EB860B01
:104E1000DBF800000EF0F5FF9BF803201AF80610EF
:104E200012FB01F10A0AA9190FF06EFA761CBE42B4
:104E3000ECDB0D98089905440C988A44044409F168
:104E4000010081464045DFDBBDE7002613E000BFDF
:104E500004EB8601069108680EF0D3FF0699CA7824
:104E60001AF8061012FB01F101FB0BF10A0CA9194B
:104E70000FF04AFA761CBE42EADB0D980899054409
:104E80000C988A44044409F1010081464045DCDB6A
:104E900099E7002018E000BF04EB8900BAF1000F89
:104EA000016823D01AF809000B0E13FB00F000FB79
:104EB0000BF0000C60F31F6196F8222005EB09004F
:104EC00001F0A1FD09F101008146B842E4DBBAF12D
:104ED000000F01D008998A440D9805440C980444A9
:104EE0000298401C02904045D3DB6CE70A0E12FB8F
:104EF0000BF0000ADEE700002DE9F04F814693B089
:104F0000D9E90170824699F821000E90D9F8004045
:104F1000D9F80C000F90D9E906500C90D9E904B0EB
:104F20000D9099F8220008B1002067E10E98BBF1BE
:104F3000000F04D0FD284FF0000060D283E0FD2870
:104F40004FF0000018D21DE00026B0460CE000BF74
:104F500005EB080034F81610C2780EF0F1FF24F8C3
:104F6000160008F10408761CBE42F1DB0F980444D9
:104F70000C98054409F1010081465045E4DB13B06B
:104F8000BDE8F08F81465045F9DA0026B0460FE0C3
:104F900005EB08000E99C27812FB01F10A0A34F8F9
:104FA00016100EF0CDFF24F8160008F10408761C48
:104FB000BE42EDDB0F9804440C98054409F1010052
:104FC000E0E70026B04610E005EB08001BF80610ED
:104FD000C27812FB01F10A0A34F816100EF0B0FF85
:104FE00024F8160008F10408761CBE42ECDB0F988A
:104FF0000D9904440C988B44054409F10100814645
:105000005045DEDBBBE70026B04612E005EB0800AA
:105010001BF80620C17811FB02F20E994A43120CCC
:1050200034F816100EF08CFF24F8160008F104086E
:10503000761CBE42EADB0F9804440C9805440D9898
:10504000834409F1010081465045DCDB97E70026E7
:1050500003960694C4E000BF99F8220001282FD0DF
:10506000022864D003287DD0042888D10698039AAA
:10507000AB1830F816109A78C80AA0EBD2000028B6
:1050800002DCD008A0EBD1204FF6FF7202EAC02C60
:105090005A78C1F34518A8EB9200002801DCC8EB50
:1050A00092000CEB401082B2039801F01F012B5CC0
:1050B000A1EBD300002801DCC1EBD300104424E0B5
:1050C000069803996A1830F816009178C30A03EB22
:1050D000D1011F2900D31F214FF6FF7303EAC1231B
:1050E0005278C0F3451101EB92013F2900D33F21D3
:1050F00000F01F02039803EB411189B2285C02EB18
:10510000D0001F2800D31F2008440E9980B2BBF1A5
:10511000000F52D01BF80620FD2957D203992944CD
:10512000C97812FB01F10E9A51430A0C4EE0069821
:1051300003996A1830F816009178C30AA3EBD101DD
:10514000002900DC00214FF6FF7303EAC1235278E7
:10515000C0F34511A1EB9201002900DC002103EB13
:10516000411100E00AE000F01F02039889B2285CB8
:10517000A2EBD0000028C7DC0020C5E7069830F875
:1051800016100398CA0A28448378DB0812FB03F23E
:1051900052094078D202C1F34513800813FB00F096
:1051A000800902EB401001F01F020399695CC908F5
:1051B00012FB01F100EB5110A7E7FD2903992944E7
:1051C000CA7803D20E9912FB01F10A0A34F81610BC
:1051D0000EF036FE24F816000398001D761C03908E
:1051E000BE42FFF639AF0F98BBF1000F04440C9894
:1051F000054401D00D998B440598401C05905045FD
:10520000FFF625AFBBE600002DE9F04F804687B0E2
:10521000D8E90170814698F821B0D8F80040D8F854
:105220000C000290D8E906500190D8E904A0039040
:1052300098F8220008B1002082E1BAF1000F05D0F1
:10524000BBF1FD0F4FF0000070D299E0BBF1FD0FF4
:105250004FF000001DD222E00026B04611E000BF52
:1052600034F816000FF01CFA014605EB0800C2786E
:105270000EF09FFE0FF014FA24F8160008F104084F
:10528000761CBE42ECDB02980444019805440AF106
:10529000010082464845DFDB07B0BDE8F08F82465B
:1052A0004845F9DA0026B04614E000BF34F816008D
:1052B0000FF0F6F9014605EB0800C37813FB0BF27B
:1052C000120A0EF076FE0FF0EBF924F8160008F142
:1052D0000408761CBE42E9DB0298044401980544A8
:1052E0000AF10100DBE70026B04615E034F81600AD
:1052F0000FF0D6F9014605EB08001AF80620C3782E
:1053000013FB02F2120A0EF054FE0FF0C9F924F852
:10531000160008F10408761CBE42E7DB02980399E8
:10532000044401988A4405440BF101008346484532
:10533000D9DBB1E70026B04618E000BF34F816000C
:105340000FF0AEF9014605EB08001AF80620C37805
:1053500013FB02F202FB0BF2120C0EF02AFE0FF00E
:105360009FF924F8160008F10408761CBE42E5DB1C
:1053700002980399044401988A4405440098401C0B
:1053800000904845D6DB87E739462046049414F060
:10539000D7FF00260096C5E098F8220001282FD0FC
:1053A000022853D0032876D00428C2D1049830F8BC
:1053B00016300098D90A2A189078A1EBD00100295C
:1053C00002DCC008A0EBD3214FF6FF7000EAC12C2D
:1053D0005278C3F34510A0EB9201002901DCC0EB29
:1053E00092010CEB411082B2009803F01F03295C7C
:1053F000A3EBD100002801DCC3EBD10010444BE04B
:10540000049830F816100098CB0A2A18907803EB0D
:10541000D0001F2800D31F204FF6FF7303EAC023DC
:105420005278C1F3451000EB92003F2800D33F2093
:1054300001F01F02009903EB401080B2695C02EB9F
:10544000D1011F2900D31F21084425E0049830F81A
:1054500016100098CA0A28448378A2EBD303002BC5
:1054600000DC00234FF6FF7202EAC3224078C1F34A
:105470004513A3EB9000002800DC002002EB401055
:1054800082B2009801F01F01285CA1EBD000002837
:10549000B4DC0020B2E711E080B2BAF1000F2CD0EA
:1054A0001AF80620BBF1FD0F30D200992944C978C3
:1054B00012FB01F101FB0BF10A0C27E004980099A3
:1054C000294430F816008B78C20ADB0812FB03F27D
:1054D00052094978D202C0F34513890813FB01F140
:1054E000890902EB411100F01F020098285CC008F6
:1054F00012FB00F001EB5010CEE70099BBF1FD0F5D
:105500002944CA7802D212FB0BF10A0A34F81610A9
:105510000EF096FC0FF0C4F824F816000098001D59
:10552000761C0090BE42FFF637AF0298BAF1000F2A
:1055300004440198054401D003998A440598401C0D
:1055400005904845FFF620AFA6E600002DE9F34F91
:10555000064685B0D6E90170804696F821B03568D8
:10556000F0680190D6E906400090D6E904900390D7
:1055700096F8220008B10020BCE0B9F1000F05D078
:10558000BBF1FD0F4FF000005DD280E0BBF1FD0FDD
:105590004FF0000016D21BE04FF000094E4609E024
:1055A00004EB860005EB0901C2780EF03BFD06997D
:1055B000761C8944BE42F3DB0198054400980444FC
:1055C0000AF1010082464045E6DB07B0BDE8F08FF6
:1055D00082464045F9DA4FF000094E460DE000BF23
:1055E00004EB8600C27812FB0BF10A0A05EB0901F5
:1055F0000EF018FD0699761C8944BE42F0DB019836
:105600000544009804440AF10100E1E74FF0000A64
:1056100056460EE004EB860019F80610C27812FB1D
:1056200001F10A0A05EB0A010EF0FCFC0699761C52
:105630008A44BE42EEDB01980399054400988944F0
:1056400004440BF1010083464045DFDBBDE700BFAA
:105650004FF0000A564610E004EB860019F80610D9
:10566000C27812FB01F101FB0BF10A0C05EB0A01F8
:105670000EF0D8FC0699761C8A44BE42ECDB0198F9
:10568000039905440098894404440298401C029000
:105690004045DDDB99E7002002901DE004EB8A0025
:1056A000B9F1000F016829D0029A0B0E19F8020017
:1056B00013FB00F000FB0BF05FEA104060F31F618A
:1056C000029896F82220284401F0CCF90699029815
:1056D000084402900AF101008246B842DEDBB9F1CB
:1056E000000F01D0039989440198054400980444AF
:1056F0000498401C04904045CDDB66E70A0E12FB7F
:105700000BF0000ADAE700002DE9F04F064693B0EF
:10571000D6E90170804696F821B03568F06812909D
:10572000D6E906401190D6E904A007900DA80EF026
:1057300046FF96F8220008B1002036E1BAF1000FCA
:1057400005D0BBF1FD0F4FF0000073D2E9E0BBF1D3
:10575000FD0F4FF000002FD234E0002624E000BF00
:1057600004EB86000068010E1DD04FF47F42B2FBAF
:10577000F1F1C0F307424A43120A62F31740C0F343
:1057800007224A43120A62F30F20C2B24A43110AA7
:1057900005EB860A61F30700DAF800100DAA0EF097
:1057A00067FCCAF80000761CBE42D9DB129805449B
:1057B0001198044409F1010081464045CDDB13B046
:1057C000BDE8F08F81464045F9DA002629E000BFA8
:1057D00004EB86000068010E19D04FF47F42B2FB43
:1057E000F1F2C0F3074353431B0A63F31740C0F3BE
:1057F000072353431B0A63F30F20C3B253431A0A10
:1058000062F3070011FB0BF1090A61F31F6005EB5E
:10581000860A0DAADAF800100EF02AFCCAF8000079
:10582000761CBE42D4DB129805441198044409F159
:105830000100C7E737E000262BE000BF04EB86003D
:105840000068010E1BD04FF47F42B2FBF1F2C0F3AF
:10585000074353431B0A63F31740C0F30723534323
:105860001B0A63F30F20C3B253431A0A62F3070003
:105870001AF8062011FB02F1090A61F31F6005EB1B
:10588000860B0DAADBF800100EF0F2FBCBF800003F
:10589000761CBE42D2DB12980799054411988A44BF
:1058A000044409F1010081464045C4DB87E7002636
:1058B0002DE000BF04EB86000068020E1DD04FF4FF
:1058C0007F41B1FBF2F1C0F307434B431B0A63F383
:1058D0001740C0F307234B431B0A63F30F20C3B2E7
:1058E0004B43190A61F307001AF8061012FB01F284
:1058F00002FB0BF2110C61F31F6005EB86010491B2
:1059000009680DAA0EF0B4FB0499761C0860BE422B
:10591000D0DB12980799054411988A44044409F190
:10592000010081464045C2DB49E700202FE000BF6F
:1059300004EB89000168080E14D04FF47F42B2FBDB
:10594000F0F2C1F3074353431B0A63F31741C1F35A
:10595000072353431B0A63F30F21CBB253431A0AA5
:1059600062F30701BAF1000F23D01AF8092010FBE7
:1059700002F000FB0BF0000C60F31F6196F8222090
:1059800005EB89000DAB00F08FFF09F101008146A6
:10599000B842CDDBBAF1000F01D007998A441298C2
:1059A0000544119804440B98401C0B904045BCDB07
:1059B00005E710FB0BF0000ADEE700002DE9F04FD1
:1059C000064693B0D6E90170804696F821B0356856
:1059D000F0681290D6E906401190D6E904A00C9028
:1059E0000DA80EF001FE96F8220008B1002063E138
:1059F000BAF1000F05D0BBF1FD0F4FF000006ED2E1
:105A000002E1BBF1FD0F4FF0000018D21DE00026AF
:105A10000DE000BF05EB860A04EB8600DAF8001003
:105A200000680DAA0EF06FFBCAF80000761CBE429B
:105A3000F0DB129805441198044409F101008146F5
:105A40004045E4DB13B0BDE8F08F81464045F9DA0C
:105A5000002639E004EB86000068020E14D04FF4F3
:105A60007F41B1FBF2F1C0F307434B431B0A63F3E1
:105A70001740C0F307234B431B0A63F30F20C3B245
:105A80004B43190A61F3070012FB0BF1090A61F39A
:105A90001F60C0F307424A43120A62F31740C0F383
:105AA00007224A43120A62F30F20C2B24A43110A84
:105AB00005EB860A61F30700DAF800100DAA0EF074
:105AC00022FBCAF80000761CBE42C3DB12980544D4
:105AD0001198044409F10100B7E700263CE045E0D5
:105AE00004EB86000068020E14D04FF47F41B1FB36
:105AF000F2F1C0F307434B431B0A63F31740C0F3B3
:105B000007234B431B0A63F30F20C3B24B43190A0D
:105B100061F307001AF8061012FB01F1090A61F39C
:105B20001F60C0F307424A43120A62F31740C0F3F2
:105B300007224A43120A62F30F20C2B24A43110AF3
:105B400005EB860B61F30700DBF800100DAA0EF0E1
:105B5000DAFACBF80000761CBE42C1DB12980C9931
:105B6000054411988A44044409F1010081464045E6
:105B7000B3DB67E700263DE004EB86000068020E19
:105B800014D04FF47F41B1FBF2F1C0F307434B4314
:105B90001B0A63F31740C0F307234B431B0A63F34D
:105BA0000F20C3B24B43190A61F307001AF806101D
:105BB00012FB01F101FB0BF1090C61F31F60C0F353
:105BC00007424A43120A62F31740C0F307224A43CE
:105BD000120A62F30F20C2B24A43110A61F30700AE
:105BE00005EB8601039109680DAA0EF08CFA039962
:105BF000761C0860BE42BFDB12980C9905441198D0
:105C00008A44044409F1010081464045B2DB19E7AA
:105C1000002043E004EB89000168080E14D04FF423
:105C20007F42B2FBF0F2C1F3074353431B0A63F315
:105C30001741C1F3072353431B0A63F30F21CBB270
:105C400053431A0A62F30701BAF1000F38D01AF869
:105C5000092010FB02F000FB0BF0000C60F31F6149
:105C6000C1F30742080E12FB00F2120A62F3174159
:105C7000C1F3072212FB00F2120A62F30F21CAB22B
:105C800012FB00F0000A60F3070196F8222005EBF2
:105C900089000DAB00F04DFF09F101008146B842CB
:105CA000B8DBBAF1000F01D00C998A441298054470
:105CB000119804440698401C06904045A8DBC1E6B4
:105CC00010FB0BF0000AC9E72DE9F04F804693B0B6
:105CD000D8E90170814698F821000E90D8F800406C
:105CE000D8F80C000F90D8E906500C90D8E904A021
:105CF0000D9098F8220008B10020DEE10E98BAF16C
:105D0000000F04D0FD284FF000007CD2FCE0FD28FD
:105D10004FD3002637E000210A462DE0A81834F8BA
:105D200011A0C378A3B3FF2B35D0C3F1FF0B837849
:105D30004FEADA284FEAD30C18FB0BF30CEB132EC7
:105D40004378CAF345184FEA930C18FB0BF300781D
:105D50000CEB1328C0080AF01F0C1CFB0BF300EB24
:105D600013204FEACE2C0CEB481318441FFA80F096
:105D700024F81100491C121DB942CFDB0F98761C84
:105D800004440C9805444E45C5DB13B0BDE8F08FC4
:105D9000FFE75046ECE7837890F801C003F0F80382
:105DA0001B020CF0FC0C007803EBCC0303EBD000DF
:105DB000DCE7002082464845E7DA0026B04628E0C6
:105DC00005EB0800C17809B34FF47F42B2FBF1F153
:105DD00015F808204A43120A8DF81C2042784A43DD
:105DE000120A8DF81D2082784A43110A8DF81E1080
:105DF000C0780E9910FB01F0020A34F8161007A8BB
:105E00000EF09EF800E043E024F8160008F10408C4
:105E1000761CBE42D4DB0F9804440C9805440AF16A
:105E20000100C7E70026B04628E000BF05EB0800E8
:105E3000C17801B34FF47F42B2FBF1F115F80820AD
:105E40004A43120A8DF8242042784A43120A8DF8F8
:105E5000252082784A43110A8DF82610C1781AF855
:105E6000060011FB00F0020A34F8161009A80EF023
:105E700067F824F8160008F10408761CBE42D5DB4A
:105E80000F9804440C9805440D9882440BF10100CE
:105E900083464845C6DB78E70026B0462AE000BFC7
:105EA00005EB0800C17811B34FF47F42B2FBF1F16A
:105EB00015F808204A43120A8DF8242042784A43F4
:105EC000120A8DF8252082784A43110A8DF826108F
:105ED000C1781AF8060011FB00F00E994843020C35
:105EE00034F8161009A80EF02BF824F8160008F163
:105EF0000408761CBE42D3DB0F980D9904440C981D
:105F00008A4405440BF1010083464845C4DB3CE765
:105F10000026B3460794C2E098F8220001282FD04B
:105F2000022864D003287DD00428B4D1079805EB5B
:105F30000B0330F816109A78C80AA0EBD20000289C
:105F400002DCD008A0EBD1204FF6FF7202EAC0209D
:105F50005A78C1F3451CACEB9203002B01DCCCEB6F
:105F6000920300EB431001F01F0315F80B1082B2EF
:105F7000A3EBD100002801DCC3EBD100104424E0E6
:105F8000079805EB0B0330F816009A78C10A01EB6D
:105F9000D2011F2900D31F214FF6FF7202EAC1224E
:105FA0005B78C0F3451101EB93013F2900D33F21FA
:105FB00002EB411100F01F0215F80B0089B202EB51
:105FC000D0001F2800D31F2008440E9980B2BAF1D8
:105FD000000F52D01AF80620FD2957D205EB0B010D
:105FE000C97812FB01F10E9A51430A0C4EE0079852
:105FF00005EB0B0130F816208878D30AA3EBD0000C
:10600000002800DC00204FF6FF7303EAC020497827
:10601000C2F34513A3EB9101002900DC002100EB42
:10602000411000E00AE081B215F80B0002F01F02F7
:10603000A2EBD0000028C7DC0020C5E7079830F8A5
:10604000161005EB0B00CA0A8378DB0812FB03F27B
:1060500052094078D202C1F34513800813FB00F0C7
:10606000800902EB401001F01F0215F80B10C9085F
:1060700012FB01F100EB5110A7E7FD2905EB0B0125
:10608000CA7803D20E9912FB01F10A0A34F81610ED
:106090000DF0D6FE24F816000BF1040B761CBE4260
:1060A000FFF63AAF0F98BAF1000F04440C9805447C
:1060B00001D00D998A440498401C04904845FFF68D
:1060C00027AF62E62DE9F04F804693B0D8E9017022
:1060D000814698F821000E90D8F80040D8F80C00BE
:1060E0000F90D8E906500690D8E904A00D9098F8D2
:1060F000220008B1002006E20E98BAF1000F04D089
:10610000FD284FF000007DD21DE1FD284FF000007A
:1061100040D255E00026B04634E000BF05EB080B46
:1061200034F816000EF0BCFA9BF8031019B3FF29DF
:1061300036D09BF80220C1F1FF01D208C30A13FB3D
:1061400001F302EB13239BF80120C0F3451C9208D6
:106150001CFB01FC02EB1C229BF800C000F01F009E
:106160004FEADC0C10FB01F0D9020CEB102001EB24
:106170004211084480B20EF093FA24F8160008F198
:106180000408761CBE42C9DB0F98044406980544F7
:106190000AF1010082464845BCDB13B0BDE8F08F30
:1061A0009BF8020000F0F80001029BF8010000F0EB
:1061B000FC0001EBC0019BF8000001EBD000D9E727
:1061C00082464845E9DA0026B04631E005EB080B87
:1061D0009BF8030048B34FF47F41B1FBF0F015F892
:1061E00008104143090A8DF824109BF8011041431F
:1061F000090A8DF825109BF802104143080A8DF812
:10620000260000E05BE034F816000EF049FA9BF837
:1062100003200E9912FB01F10A0A014609A80DF0AC
:10622000C8FE0EF03DFA24F8160008F10408761CAA
:10623000BE42CBDB0F980444069805440AF10100E6
:10624000BEE70026B04630E005EB08000190C078BC
:1062500040B34FF47F41B1FBF0F015F80810414313
:10626000090A8DF82810019949784143090A8DF8E7
:106270002910019989784143080A8DF82A0034F8D9
:1062800016000EF00DFA01991AF80620C97811FBD4
:1062900002F10A0A01460AA80DF08BFE0EF000FA80
:1062A00024F8160008F10408761CBE42CCDB0F98D7
:1062B0000D99044406988A4405440BF10100834675
:1062C0004845BEDB69E70026B04632E005EB080032
:1062D0000990C07850B34FF47F41B1FBF0F015F84E
:1062E00008104143090A8DF804100999497841437F
:1062F000090A8DF80510099989784143080A8DF833
:10630000060034F816000EF0CBF901460998C27861
:106310001AF8060012FB00F00E9A5043020C01A876
:106320000DF047FE0EF0BCF924F8160008F1040841
:10633000761CBE42CADB0F980D99044406988A4425
:1063400005440BF1010083464845BCDB25E739468F
:1063500020460B9413F0F4FF0026B346C5E000BFBF
:1063600098F8220001282FD0022864D003287DD07D
:106370000428A7D10B9805EB0B0230F81630917862
:10638000D80AA0EBD100002802DCC808A0EBD3207B
:106390004FF6FF71527801EAC021C3F3451CACEB04
:1063A0009200002801DCCCEB920001EB401015F8C4
:1063B0000B2003F01F01A1EBD20380B2002B01DC04
:1063C000C1EBD203184424E00B9805EB0B0130F825
:1063D00016208878D30A03EBD0001F2800D31F2093
:1063E0004FF6FF7303EAC0234978C2F3451000EB70
:1063F00091003F2800D33F2003EB401081B215F8F5
:106400000B0002F01F0202EBD0001F2800D31F2058
:1064100008440E9980B2BAF1000F52D01AF8062043
:10642000FD2957D205EB0B01C97812FB01F20E9939
:106430004A43120C4EE00B9805EB0B0230F81600A5
:106440009178C30AA3EBD101002900DC00214FF6AB
:10645000FF7303EAC1235278C0F34511A1EB920107
:10646000002900DC002103EB411100E00AE000F00C
:106470001F0215F80B0089B2A2EBD0000028C7DC80
:106480000020C5E70B9805EB0B0130F816008B7860
:10649000C20ADB0812FB03F252094978D202C0F3A8
:1064A0004513890813FB01F1890902EB411100F042
:1064B0001F0215F80B00C00812FB00F001EB501092
:1064C000A7E7FD2905EB0B01CA7803D20E9912FB51
:1064D00001F10A0A34F816100DF0B2FC0EF0E0F8E3
:1064E00024F816000BF1040B761CBE42FFF638AF01
:1064F0000F98BAF1000F04440698054401D00D9896
:1065000082440898401C08904845FFF620AF44E6B6
:106510002DE9F04F07468FB0D7E90160814697F823
:1065200021000B903D68F8680C90D7E906400E906A
:10653000D7E904800D9097F822008B4608B100201F
:1065400047E10B98B8F1000F04D0FD284FF0000090
:106550007DD2F6E0FD2843D300233CE00022114623
:1065600032E000BF04EB810AA8189AF803704FB319
:10657000FD2F08D39AF8007007709AF801704770E1
:106580009AF802701DE09AF800C090F80080C7F1F8
:10659000FF0718FB07F80CEB182C80F800C09AF8DE
:1065A00001C090F8018018FB07F80CEB182C80F85C
:1065B00001C09AF802C090F8028018FB07F70CEBB4
:1065C000172787705A44491CB142CBDB0C985B1CDF
:1065D00005440E9804444B45C0DB0FB0BDE8F08F76
:1065E000002082464845F8DA4FF00008474627E089
:1065F00004EB8700006801909DF80710F1B14FF49B
:106600007F40B0FBF1F09DF806204243120A8DF85E
:1066100006209DF805204243120A8DF805209DF8BA
:1066200004204243100A8DF804000B9811FB00F07F
:10663000020A05EB080101A80DF0F4FCD8447F1C08
:10664000B742D5DB0C9805440E98044400E03AE0CC
:106650000AF10100C5E700BF4FF0000A574628E0E5
:1066600004EB8700006805909DF81710F9B14FF40E
:106670007F40B0FBF1F09DF816204243120A8DF8DE
:1066800016209DF815204243120A8DF815209DF81A
:1066900014204243100A8DF8140018F8070011FB6B
:1066A00000F0020A05EB0A0105A80DF0BBFCDA4474
:1066B0007F1CB742D4DB0C980D9905440E98884492
:1066C00004440698401C06904845C5DB85E700BF9A
:1066D0004FF0000A57462AE004EB87000068089054
:1066E0009DF8231009B34FF47F40B0FBF1F09DF803
:1066F00022204243120A8DF822209DF82120424395
:10670000120A8DF821209DF820204243100A8DF8AE
:10671000200018F8070011FB00F00B994843020C09
:1067200005EB0A0108A80DF07DFCDA447F1CB74296
:10673000D2DB0C980D9905440E98884404440698C1
:10674000401C06904845C3DB47E70020029032E03A
:1067500004EB8A000168080E14D04FF47F42B2FBAC
:10676000F0F2C1F3074353431B0A63F31741C1F32C
:10677000072353431B0A63F30F21CBB253431A0A77
:1067800062F30701B8F1000F27D0029B18F803202D
:1067900010FB02F00B9A50435FEA104060F31F6158
:1067A000029897F82220284400F05CF90298584497
:1067B00002900AF101008246B042C9DBB8F1000F35
:1067C00001D00D9988440C9805440E98044406980D
:1067D000401C06904845B8DBFFE60B9A10FB02F020
:1067E000000ADBE710B5416C98B0044601B3684677
:1067F0000AF0C6FD214668460AF085FE0F49684644
:106800000AF06BFE6846616C0AF05FFE012200210F
:1068100068460AF072FE0A4968460AF060FE0949B5
:1068200068460AF04BFE68460AF08EFE18B010BDAE
:1068300018B0BDE8104021F04FBD00005D83020894
:10684000451401085F830208F0B415460A46014664
:10685000D4B2012D13D0022D19D0032D1DD0042D3B
:1068600020D10E78351B002D00DCA51B65F3070039
:10687000F0BC120A62F30F201A460DF0FFBA0D7831
:106880002C44FF2C00D3FF2464F30700F0E70D78BD
:106890002C1B002CF8DC0024F6E70D7815FB04F423
:1068A000240AF1E7F0BC70472DE9F0411746044691
:1068B000C1F30746C1F30725CAB2012F27D0022F23
:1068C0003BD0032F4DD0042F1FD194F802C0ACEB66
:1068D0000607002F01DCA6EB0C0767F3174067786B
:1068E0007E1B002E00DCEE1B66F30F202678B51A07
:1068F000002D00DC951B65F30700090E61F31F6096
:1069000021681A460DF0B4FB2060BDE8F081A7783D
:106910003E44FF2E00D3FF2666F3174066783544C9
:10692000FF2D00D3FF2565F30F2025782A44FF2A89
:1069300000D3FF2262F30700DFE7A778BE1B002E1B
:1069400000DC002666F317406678751B002D00DC1E
:10695000002565F30F202578AA1A002AEADC002218
:10696000E8E7A77817FB06F6360A66F3174066785D
:1069700016FB05F52D0A65F30F20257815FB02F2AD
:10698000120AD7E72DE9F84380461E460F46154602
:1069900010460DF036FA04463946404605F0E3F954
:1069A000C0EB0020C0B28DF80000012E18D0022EDE
:1069B0001CD0032E1FD0042E10D1011B002900DC97
:1069C000211AC8B22A0E69460DF090FC9DF800000D
:1069D00039467F28404613D926F09CFCBDE8F88351
:1069E0002044FF2800DBFF20C0B2EBE7001B00289B
:1069F000FADC0020F8E710FB04F0C0F30720E1E721
:106A000001F014FBEAE770B5044616460D46084649
:106A10000DF0F7F9012E11D0022E16D0032E1AD048
:106A2000042E1ED12278111A002900DC811AC8B266
:106A30002A0E2146BDE870400DF066BC217808445E
:106A4000FF2800DBFF20C0B2F2E72178081A0028F7
:106A5000F9DC0020F7E7217811FB00F0C0F30720F4
:106A6000E6E770BDF8B50D4600210091ECB2C5F324
:106A70000723C5F30741012A20D0022A34D0032A74
:106A800046D0042A19D10678321B002A00DCA21B4A
:106A90008DF800204478E21A002A00DC1A1B8DF8D9
:106AA000012083785A1A002A00DCCA1A8DF80220C5
:106AB00001462A0E68460DF0B5FAF8BD0278224468
:106AC000FF2A00D3FF228DF8002042781A44FF2AC3
:106AD00000D3FF228DF8012082781144FF2900D3D2
:106AE000FF218DF80210E3E70278121B002A00DC78
:106AF00000228DF800204278D21A002A00DC002201
:106B00008DF801208278511A0029EADC0021E8E79B
:106B1000027812FB04F2120A8DF80020427812FB70
:106B200003F2120A8DF80120827812FB01F1090AA2
:106B3000D7E72DE9F04117460E0EC578C1F3074C93
:106B4000C1F307220446C9B2012F25D0022F39D044
:106B5000032F4ED0042F1DD1A778A7EB0C05002DD5
:106B600001DCACEB0705677865F31740BD1A002D13
:106B700000DCD51B65F30F2025786A1A002A00DC9B
:106B80004A1B62F3070066F31F6021681A460DF086
:106B9000BAFA2060BDE8F081A7786744AF4200D31D
:106BA0002F4667F3174067783A44AA4200D32A4633
:106BB00062F30F2022781144A94200D20D4665F3FA
:106BC0000700E0E7A578A5EB0C05002D00DC00250B
:106BD00065F317406578AA1A002A00DC002262F3E8
:106BE0000F202278511A002900DC002161F30700F0
:106BF000C9E7A57815FB0CF5012E01D9374601E050
:106C00004FF00107B5FBF7F565F31740657815FB05
:106C100002F501D9324601E04FF00102B5FBF2F274
:106C200062F30F20227812FB01F201D9314601E014
:106C30004FF00101B2FBF1F1D8E770B504464068AE
:106C40000D46800801D10BF041FD6868616820F0B5
:106C50000300001D08446060204600F044F8204610
:106C600070BD4068103120F00300884201D301203C
:106C70007047002070472DE9FC47054648680C46E0
:106C800020F0030001AA694620F0A1FADDE90070B6
:106C900005EBC71101EB80098046D9F83C600EB9BD
:106CA0000BF014FD0CB90BF011FDC4E90265F460A2
:106CB00004F1080630460421FDF76AF8864201D047
:106CC0000BF004FDC9F83C400120296900FA07F2E5
:106CD0001143296105EB870100FA08F04A69024374
:106CE0004A61BDE8FC8710B5044600F08EF80460E8
:106CF00010BD2DE9FC4705464FF000005FEA010892
:106D000000900646019046D04446E94601AFB8F1EE
:106D1000800F07D3404628F04EFB411F01208840DA
:106D2000401E04443A464946204620F050FA009C52
:106D30000A2C30DA05EB8400019947694FF0FF30E7
:106D400000FA01F10F400FD1641C2969A0400140F5
:106D5000080020D028F027FB0446009005EB8000B7
:106D600047690FB90BF0B2FC384628F01CFB05EB65
:106D7000C411019001EB8000C66B66B1706820F011
:106D80000301414501D20BF0A1FCDDE900233146AE
:106D9000284622F05BFD3046BDE8FC8710B504466E
:106DA000FFF7A1FF416841F002014160606840F0D7
:106DB0000100606010BD10B5044600F026F841687F
:106DC00021F002014160606820F00100606010BDA8
:106DD00070B506460D46084600F017F8040001D1CC
:106DE0000BF074FC2079C0070DD06868800801D1D1
:106DF0000BF06CFC2146304600F03FF82146284657
:106E0000FFF71BFF0546284670BD10B5426800F12C
:106E1000080122F00300001F0C18900801D10BF0AC
:106E200055FC204610BD70B5064615460C004FF0C7
:106E3000000021D00DB90BF049FC2079C00701D129
:106E40000BF044FC29462046FFF70BFF78B129469A
:106E5000204600F023F805462046FFF744FF686807
:106E6000294640F0020068603046FFF704FF2046E4
:106E7000FFF7A1FF04F1080070BD7CB50546486826
:106E80000C4620F0030001AA694620F0A0F9DDE9D4
:106E900000232146284622F0D9FC7CBD2DE9F04193
:106EA0000D46044600F10801281F0E18606806F11F
:106EB000080720F00300401BA0F104083846042115
:106EC000FCF766FF874201D00BF000FC606820F001
:106ED000030108EB0500001D814201D00BF0F6FB19
:106EE000307900F0030040EA0800706020F00300F1
:106EF0000C2801D20BF0EAFB207900F003002843B4
:106F000060603046FFF74AFF3046BDE8F08138B593
:106F1000044615F0D1FE054616F0ABF800282046D1
:106F200005D0616C21641AF08BFD012038BD14F08E
:106F30001EF8002820461ED013F0BEFED4E9100132
:106F400081420CD06064206C00906A462321204668
:106F50001BF0D5FF0128E9D120461AF071FD284623
:106F600016F097F80428E0D1204619F072F90021B4
:106F700015F013F9D9E714F05DF8D6E7002802D030
:106F8000C01C20F00300704714F0D0BDC01C17F0E7
:106F9000C9BC2DE9F0410446006815461346476A0E
:106FA0000E4600222046B84701280FD10020BDE838
:106FB000F0812946204600F013F80028F7D0206819
:106FC0002B460022476A31462046B8470228F0D0B7
:106FD00020682A46314603692046BDE8F04118473B
:106FE00070B5044600680E46026A204690470500C8
:106FF00010D02068324629464369204698472846E3
:107000000CF056FCA2693146904728460CF040FC33
:10701000012070BD002070BD10B5044640680CF022
:107020005EFC01462046BDE81040024B042216F0EB
:10703000FCBB00003970000870B5164604460D0010
:1070400001D10BF043FB296804F1340089B117F03A
:1070500077FB286000280BD0006861680469084647
:107060000CF03DFC02462146304617F0E3FC0120BF
:1070700070BD17F053FBECE72DE9F04F0C4685B0DF
:107080000546002119F026F878B32146284600F07D
:107090008FFA002830D02146284600F06BF80028EF
:1070A0002AD00021284619F002FF834600212846F5
:1070B00019F03CFF04900021284619F0EBFD01284F
:1070C0001DD00027002128461AF0C8F8804600216C
:1070D000284619F04DFE6FF040490646C84510D1CC
:1070E000688D00050DD401200CE0FFE7204620222A
:1070F000002117F05AFD002005B0BDE8F08F0127F0
:10710000E0E700208046284619F055F882462846D8
:1071100000217F2219F02EFFC2B22369A1682068E6
:10712000CDE90031CDE902075B464146504605F006
:10713000D1FDA0614E4504D1688D400501D40126E2
:1071400000E00026284619F021F8074628460021CD
:10715000802219F00FFFC2B2606900256368E16800
:107160008DE82B0031463846049B05F0B3FDE06105
:107170000120C1E72DE9F34F81B00C46019805F0DD
:1071800007F806004FF000081ED1019819F0CAF860
:1071900004F0FEFF071E74D0019804F0FDFF814645
:1071A000019804F0FDFF80468500281D17F0BAFB0A
:1071B00006462A4607EB890117F03CFC6FF0604158
:1071C00046F828104FF00108019818F0F4FF8346A4
:1071D000304600F03DFF2061800017F0A3FB2060E7
:1071E0002069800017F09EFB0025DFF828A1A06031
:1071F00038E056F82510DFF82091514531D10027AD
:107200001FE03946019818F065FF444900901AF0D4
:10721000FEF8A8B9009804F0C3FF012810D1009827
:1072200004F0BAFFA8420BD100981AF0A0F8494622
:10723000484501DA084602E000981AF098F88146BD
:107240007F1C019818F05EFFB842DAD8B9F1000F40
:1072500003DBA16841F8259003E0A168002041F814
:1072600025006D1C2069A842C3D8DFF8A89000252E
:1072700009F10109C9F1000352462F4628469A46F2
:1072800014E045E056F82010494503DB6B1803EB8A
:107290000A050AE0914204D1A16851F820100F4478
:1072A00003E0A3680F4443F82010401C2169814289
:1072B000E8D80021019819F0FAFD2169C1F1010215
:1072C00000FB02B0C01B00D50020002114E000BF6D
:1072D00056F821204A450EDB02EB0A0300FB03F2BD
:1072E00005EBD57702EB670292FBF5F2A768ED1A82
:1072F000801A47F82120491C22698A4201D9002DB1
:10730000E6D1B8F1000F02D0304614F00FFC012096
:10731000BDE8FE8F9AFFFF1F010000E0010006009C
:107320002DE9FC5F054619F03DF98346A86808B1D0
:10733000002141620021284619F008FF0190002138
:10734000284619F076FE8246284619F05FFC014671
:1073500001982E4C014401EB0A07284618F0D2FE92
:107360008046002639E0A868DFF8A0902849006828
:1073700050F8260000901AF04AF868BB00981AF0FE
:10738000C7FBE0BB0021009819F069FCB8B30128E5
:1073900036D0022834D0032832D00021009819F0CA
:1073A00069FF60B9009814300AF0A1FF019900EB61
:1073B00001090021009819F002FD4844814600218E
:1073C000009819F0E1FC4844A04205DB0021009838
:1073D00019F0DAFC00EB0904761C4645C3D3A86813
:1073E00010B1CBF1000141626FF06040C44203D0A4
:1073F00004EB0A00B84200DA3846BDE8FC9FFFE71C
:107400000098A969006A401A401CD7E7010000E013
:10741000010004002DE9FE4F054619F0BDF8029069
:10742000A86808B1002101620021284619F05FFE1A
:1074300000900021284619F02BFE8346284619F0BB
:10744000F3FB00EB0B010098DFF85C9101EB000807
:107450004C46284618F056FE07460021284619F0EB
:107460000DFC01284FF0000645D082E0A868CA460E
:107470004E49006850F82600019019F0C8FFC8BBBB
:1074800001981AF045FB20B10198E9694069081A92
:1074900014E00021019819F0E2FB58B1032809D04B
:1074A000062807D0082805D00021019819F0DFFE32
:1074B00030B112E00199E8694969401A401C0BE0BB
:1074C000019814300AF022FF009900EB010A002114
:1074D000019819F062FC504482460021019819F08D
:1074E0005CFC5044A04205DB0021019819F055FCDA
:1074F00000EB0A04761CBE42B8D34C453FD05C4436
:107500003DE0A868CA462949006850F82600019065
:1075100019F07DFF60BB01981AF0FAFAE0BB002178
:10752000019819F09CFBB8B3012836D0042834D058
:10753000072832D00021019819F099FE58B9019816
:1075400014300AF0E3FE00EB0B0A0021019819F059
:107550002DFC504482460021019819F027FC50442C
:10756000A04205DB0021019819F020FC00EB0A0481
:10757000761CBE42C5D34C4501D000980444A8688F
:1075800010B10299494201624C45404602D044453F
:1075900000DD2046BDE8FE8FFFE701986969C069FC
:1075A000401A401CD6E70000010000E00100040082
:1075B0002DE9F34F81B00C46019805F0ECF9060077
:1075C0004FF000081ED1019818F0ACFE05F0E3F969
:1075D000070028D0019805F059FA8146019805F076
:1075E00059FA80468500281D17F09CF906462A4660
:1075F00007EB890117F01EFA6FF0604146F828107A
:107600004FF00108304600F023FD6061800017F064
:1076100089F960606069800017F084F90025DFF85F
:1076200038A1E0603DE00020BDE8FE8F56F825005F
:10763000DFF82891504533D10027DFF824B11FE04F
:107640003946019818F046FD5946009019F0DFFEC2
:10765000A8B9009805F01EFA012810D1009805F08D
:1076600015FAA8420BD1009818F0FDFD494648458F
:1076700001DA084602E0009818F0F5FD81467F1C0B
:10768000019818F03FFDB842DAD8B9F1000F03DBDA
:10769000E16841F8259003E0E168002041F8250009
:1076A0006D1C6069A842C1D8DFF8AC90002509F1D3
:1076B0000109C9F1000352462F4628469A4613E0B5
:1076C00056F82010494503DB6B1803EB0A050AE066
:1076D000914204D1E16851F820100F4403E0E368BF
:1076E0000F4443F82010401C61698142E8D8002112
:1076F000019819F01BFC8346019818F047FD0146DC
:107700006069C0F101020BFB0210C01B00D5002014
:10771000002113E056F821204A450EDB02EB0A0354
:1077200000FB03F205EBD57702EB670292FBF5F263
:10773000E768ED1A801A47F82120491C62698A42DD
:1077400001D9002DE6D1B8F1000F02D0304614F077
:10775000EDF9012068E700009AFFFF1F010000E03B
:107760000100060070B504460021702219F002FCE9
:10777000D8B9204600216E2219F0FCFB4FF4807529
:10778000A84212D1204600216F2219F0F3FBA84233
:107790000BD120460021732219F0ECFB28B92046BA
:1077A0000021742219F0E6FB08B1022070BD2046CA
:1077B0000021632219F0DEFBC0B2FF280DD1204664
:1077C0000021752219F0D6FB38B920460021692224
:1077D00019F0D0FB10F0FF00E8D0012070BDF8B523
:1077E0001D4617460446DDE90860DDE90623022947
:1077F0000FD003290CD10090294638461EF0E0F83E
:10780000054630460AF082FD401B2168084420608E
:10781000F8BD0090294638461EF0D2F8054630469D
:107820000AF074FD00EBD071491005EBD570A1EBA7
:107830006000EAE72DE9FF4F95B0C878269DC007A4
:107840000E46002801D0FA4800E0FA480A9001D01C
:10785000F94800E0F9480F9001D1F74800E0F748F7
:10786000109001D0F64800E0F648069001D0F648A6
:1078700000E0F648049001D1F14800E0F14803909F
:1078800001D1F14800E0F1484FF0140A059067E09B
:107890004FF0000004461190D5E90120A2EB00084A
:1078A0004FF000000FE000BF00EB40022B690AEB35
:1078B000C207DF5DFF070AD00C2707EBC2029B5807
:1078C000A8EB0308401C8142EED8002743E01027B4
:1078D00007EBC2029A581444F4E700BF07EB4709CC
:1078E0002A690AEBC90B12F80B00C00732D10CB998
:1078F0000AF0ECFE98FBF4F22869102101EBC90EA6
:10790000089050F80E1008235143042202EBC902DC
:1079100003EBC9038258C058884201DD0B4600E0E2
:1079200003469A4201DD104602E0884200DD084627
:10793000884204D0089A012342F80B3011930C219D
:107940002B6901EBC901A8EB000858502A6952F8CD
:107950000E10641A7F1C6869B842BFD8119810B124
:107960006969002994D10021159819F099F9012825
:1079700000D00020804600200C900E900EA90CA88C
:10798000CDE900013078EB686A6824991FF042FF66
:10799000F17811EA080F05D0159818F00CFC0C9935
:1079A00008440C901799159818F094FB0446DFF8DA
:1079B000A0926FF0704B5DE1A649204619F027FDBB
:1079C000002870D1608D0021C0F3C027C0F3802A49
:1079D000204619F0C4F9E8B30020079069690FE068
:1079E0002B6900EB400253F83220A24207D100EB92
:1079F00040020C2000EBC2001858079002E0401C27
:107A00008142EDD8F078C007608D04D020F480600A
:107A100040F4006003E020F4006040F48060608582
:107A200004F114000F99019088470799884224D0E7
:107A300020461AF005F860691190A0691290E0697B
:107A40001390206A14900A9A07990198904711AAF6
:107A5000312100E00DE020461BF051FA204618F0DD
:107A600061FC22462A211BF04AFA204619F0E8FF61
:107A700003E0608D20F440606085608DC0F3C0221B
:107A8000BA4203D1C0F38021514502D020461AF0FA
:107A900077F87078012823D0022805D0039A0021B6
:107AA0002046904727E0DDE0109904F11400884754
:107AB0002968039A491C21F00101081A00EBD070D3
:107AC0004FEA600A0021204690470746059A0021A8
:107AD00020469047381A00EBD0710AEB61000AE0AB
:107AE000109904F1140088472968059A0F1A00219B
:107AF00020469047381A0790F07810EA080F06D011
:107B00000F9904F1140088470C99081A0C90002171
:107B10006C22204619F02EFA0746204600216D22DD
:107B200019F028FA8246204619F021FC0D902046D3
:107B300018F099FBC7F3417101290DD127F0C0411D
:107B4000494509DCB1F1805F01DBABEB01010D9A26
:107B50005143642291FBF2F7CAF3417101290CD120
:107B60002AF0C041494508DCB1F1805F01DBABEB95
:107B700001014143642091FBF0FA61692298401AA7
:107B80000744A1692398411A01EB0A000190F0789B
:107B9000C00706D0069A0021204690470C99084459
:107BA00000E0079800EB070AF078C00701D00798BB
:107BB00005E0069A0021204690470C990844019957
:107BC00047185AEA070019D0204619F039FF6169B1
:107BD00001EB0A006061E16901EB0A00E061A06964
:107BE0003844A061206A38442062204619F028FFFA
:107BF00000233A465146204619F0D6FFF07810EAA5
:107C0000080F29D10F9904F1140088472599069A85
:107C100008440E9947180021204690470744049ACB
:107C20000021204690470C993844084419E0000090
:107C3000E9250108DF2501080D230108EF220108CD
:107C4000A70D0208CB0D0208B90D0208950D020818
:107C5000FEFFFF1F010006000E99259808440C99AD
:107C6000081A0C90F07817AAC0F38001159804F058
:107C70005FFD0446002C04D0DDE9170188427FF443
:107C80009BAE19B0BDE8F08F2DE9F04F91B00E001A
:107C900005462FD0AE61286808B113F047FF06EB08
:107CA0004600062101EB400016F03CFE286008B9B2
:107CB0000AF00CFD0221286801EB46010144E9604D
:107CC000042101EB86010144C5E9010101210024E1
:107CD000012E07D03001103016F052FE5FEA000886
:107CE0000BD00CE0B4220270E8680480E8684180A0
:107CF000A868048011B0BDE8F08F0AF0E7FC08EB3B
:107D0000C60000F1080A4FF0000BB000CDE90B0BE4
:107D1000C0F101078010CDF834B05C4603908DE0CF
:107D20004FF00009002F05DC0C99032000EB410007
:107D3000074409E0DDE90B10411A052000EB410082
:107D400007440B98401E0B900C98401C0C900BA8FD
:107D500000F0DBF878B10B9803A9821041F82920D4
:107D60000B980DAA00F0030142F8291009F101094E
:107D7000B9F1040FD6DBB9F1040F65D10699039868
:107D800088420BD148F824004AF824B0DDE90D01FF
:107D90004218DDE90F010844104419E004998842B3
:107DA00018D048F824004AF824B069680D9808559E
:107DB0006968000108550398641C401E48F82400B7
:107DC0004AF824B0DDE90E0101441098001D084472
:107DD00069682CE0059948F8240088424AF824B0E4
:107DE000DDE90D01084411D0696808556968000192
:107DF00008550398641C401E48F824004AF824B033
:107E0000DDE90F0108440830696810E00F99084463
:107E1000696808556968000108550398641C401E8C
:107E200048F824004AF824B0109869680C300BF127
:107E3000010B0855696800010855641C0BA800F087
:107E400064F800287FF46CAF08EB840140F2D32083
:107E5000464351F8041CB012814205D10AEB84015B
:107E600051F8041C814219D0A6EB8021B1F5007FA6
:107E700003DC494341F3CF3106E0C1F5806149435A
:107E800041F3CF31C1F10F0148F824004AF8240032
:107E900068680155686809010155641CA01E0CE062
:107EA0005AF8202048F8242058F820204AF82420A6
:107EB00069680A5C0A55401E641C0028F0DAEB6809
:107EC0000021084619801AE0EA6822F81100AB6820
:107ED00038F8202023F811200AE0AE6858F8202056
:107EE00036F81130934200DA1A4626F81120401C69
:107EF000A04203DA5AF820208A42EED0491CA04260
:107F0000E2DB404613F012FEF4E603C8814201DCD6
:107F1000012070470020704710B50446007DC1075E
:107F200008D1800706D5204600F005F8207D20F016
:107F30000200207510BD2DE9F047002580462C4633
:107F4000476816E0214640460AF053FB064629469C
:107F500040460AF04EFB8146306803F0A2F918B1A2
:107F6000306813F0E3FD03E031686D1CC9F80010C0
:107F7000641CBC42E6D32DB129464046BDE8F0471B
:107F80000AF08CBB4046BDE8F0470AF043BB000056
:107F90002DE9F0410746007900260D46072831D12A
:107FA000786DC4692068B8B104F114000AF09FF933
:107FB00001462068008980B248431B49D1F82C2132
:107FC000824203D3101AC1F82C0101E0C1F82C61E0
:107FD00020680DF010FC2660A5B1D5F8B00206E0CF
:107FE000C168A14202D1E168C16002E008460028F0
:107FF000F6D1D5F8B82212B121462846904720463E
:1080000013F094FD384612F093FD040007D094F865
:108010005D00C00703D0E06913F088FDE6613846D3
:10802000BDE8F04113F082BD78B50020CA1701EB1E
:10803000527200EBE20022F00702891AC1F1070236
:108040000378012191408B430370704701207047F2
:10805000014600206FF0604200E0401C51F82030E3
:108060009342FAD170471FB5044690F8640000F0BF
:108070000100884225D094F8640011B140F001005D
:1080800001E020F0010084F8640004F1500168462A
:108090000AF0B2F8E06A009942691144009101992E
:1080A000806908440190E06A02994069084402909E
:1080B000E06A03998069084403906946204619F0F4
:1080C000DEFC1FBD2DE9FC5F088C0D46C0F30720C8
:1080D000D1F848900CF042F904001FD0288D0722F7
:1080E00080B2C100B1FBF4F102EBC102D7086B6AA8
:1080F00000971A0C02FB01F600FB02FA99B20E235C
:1081000035480DF035FB070008D0286AD7F81080F5
:10811000000C000705D5D9F8200019E00020BDE8C3
:10812000FC9F287C012801D088B116E001A80090AE
:10813000534642460C21D9F8000003F0B0FD10B9B7
:108140000199514509D038460DF055FBE6E7E8683E
:1081500052460169404616F06DFC288CC0F307209A
:108160000E2834D008EB0A00A0F1010E08EB06003F
:10817000A0F1010B0120A040401EC0B20022134616
:10818000009022E09EF800000099D040084010D0F6
:10819000824621460AE000BFC1F1080800FA08FC47
:1081A0004CEA0A0C21440CF0FF0AC9B20829F3D3A7
:1081B00050468BF800001019C2B2082A02D30022E0
:1081C000AEF1010EABF1010B5B1CB342DAD3C9F87F
:1081D0001C700120EF62A2E770B600202DE9FC4779
:1081E0008F6C086A0E46D7F800A0C0F307254FF43D
:1081F0008079072D0DD0082D0DD0092D0DD00A2D19
:108200000DD0002189008846C0F3C04048B1386ACB
:108210002AE00221F6E70421F4E71021F2E74946BB
:10822000F0E7307C012801D0E8B117E0084616F0ED
:1082300079FB040009D001A80090434622460C2196
:10824000504603F02CFD30B902E00AF03FFA05E099
:108250000199414505D0204613F068FC0020BDE897
:10826000FC877C6001E0F06804693463072D09D065
:10827000082D09D0092D09D00A2D09D000207063DE
:108280000120ECE70220FAE70420F8E71020F6E7E7
:108290004846F4E72DE9F0430024DDE90759D617F5
:1082A000072808D0082810D0092819D00A2821D07A
:1082B0000020BDE8F08302EB567405EBE40502F004
:1082C00007020120C2F1070416E002EB96740220B7
:1082D00005EBA40502F003020624A4EB42040BE024
:1082E00002EBD274042005EB640502F00102A0EB5E
:1082F000820401E00820154401228240521E1FFA28
:1083000082FC0026C0F1080211E02F7809EB8608F4
:10831000E74007EA0C0701EB8707241A3F6864B2BD
:10832000C8F80070002C01DA14466D1C761C9E42C1
:10833000EBDB0120BDE7000010B50420F9F7DBFA04
:1083400006484FF47A710078B1FBF0F004490968EF
:10835000BDE81040B1FBF0F0F9F7D9BA2C020020CB
:108360002802002070B5054600244FF47A7603E019
:10837000304600F005F8641CAC42F9D370BD000033
:1083800070B54FF0E024002165690B4A0B4B126871
:10839000B2FBF3F25043A3690BE0A2699A4208D002
:1083A00002D2A3EB020302E0A5EB02063344194418
:1083B00013468142F1D370BD2802002040420F00D5
:1083C00010B10268D26910470AF080B970B505464D
:1083D00013F000F80446284613F06BF8382C07D148
:1083E000D0F80803002803D0BDE870401EF0FCBAA6
:1083F00070BD000038B50848007800280BD0009206
:10840000888983B2088982B2888884B20888214624
:1084100080B2F9F7E3FD38BDBC0100202DE9F0473B
:108420008946C169002601254FF0FF38002901D097
:108430004FF000054FF0000100F11C0416D14FF081
:10844000010248460DF0A6FC07000FD048460EF08A
:108450007FFA58B1012602203865276094F824007D
:1084600040B104F110001EF037F903E015B14046A9
:10847000BDE8F0873046FBE7414302EBA1214143D1
:1084800003EBA12141438812704700007CB50446EC
:108490001CF0FEFA94F8A01004F12C0541F0010143
:1084A00084F8A010F8B101281DD002281DD114F0C5
:1084B00003FC694614F0C0FD0322694620461BF008
:1084C00066F90021204618F0F1FB01280ED00026A5
:1084D000204607F020FB014694F84C000E40B042C5
:1084E00006D0012205E0C4F89C507CBD0126EFE7D0
:1084F000002204F1380099B3009912B3D4F8842013
:108500009142F0DBE26F91423CDC626FE16F891ACD
:1085100001EBD17102EB61020099511A002901DCD3
:108520000099891AD4F88430D4F88C20D21A02EB3E
:10853000D27203EB6203009A9A1A002A4ADC009A6C
:1085400047E0D4F88C209142CDDC626F914219DB78
:10855000DBE700BF44F89C5F207920F0020006E0D2
:1085600007E000BF44F89C0F207940F00200207122
:108570007CBD01994AB1D4F890209142B3DCA26F3E
:1085800091420ADAC4F89C007CBDD4F8882091425C
:10859000A9DBD4F880209142F4DCA26FD4F88010DB
:1085A000891A01EBD17102EB61020199511A00297C
:1085B00001DC0199891AD4F89030D4F888209B1AEC
:1085C00003EBD37302EB6303019A9A1A002A01DCCE
:1085D000019AD21A8A42C5DABCE72DE9FF4FB5B03D
:1085E0001546359A1F460C4602A83832DDF8088138
:1085F000449E09F09DFE00287DD002A809F086FE69
:108600002B9011A82C22002116F0CFFA2B9816F0EF
:1086100089F90890179000201F9020902190012345
:10862000424629462CA811F02FFD2CA81F90002FA0
:1086300007DD00233A46214622A811F025FD22A895
:1086400020900DA811901990BDF80C01ADF85900BB
:108650009DF80E018DF85B008DF858602068C119F7
:108660002868814200DD08460990A068C11BA868FF
:10867000814200DA08460B906068C119686881423F
:1086800000DD08460A90E068C11BE868814200DA14
:1086900008460C9009A809F039FE61686A689142A1
:1086A00001DC012100E000218946E168EA6891428D
:1086B00001DB012100E000218A4621682A689142FD
:1086C00001DC012600E00026A168AA68914201DBD6
:1086D000012100E00021884606EA080101EA0901BB
:1086E0004FF0010B11EA0A0F03D0322801DA4FF0E4
:1086F000000B012000E033E18DF8600019EA0B0F58
:108700000CD009980D900B980F9060680E906868D7
:1087100011A9401E109035980FF0CDF81AEA0B0FF2
:108720000CD009980D900B980F90E86811A9401C87
:108730000E90E068109035980FF0BDF82968A86891
:10874000814205DB96B1B8F1000F02D0206812E03B
:1087500066B120680D90286811A9401E0F900A98F4
:108760000E900C98109035980FF0A5F8B8F1000F06
:108770000CD0A868401C0D90A0680F900A980E902D
:108780000C98109011A935980FF095F80298BBF14C
:10879000000F0D9006D009980499401E81423EDAE0
:1087A00008463EE004980F9068686168401AB84235
:1087B00000DA3846814600252EE060684619E068F8
:1087C000A0EB05080398B04202DD0599414522DB84
:1087D000FF212B9A089816F0E8F92B980090334661
:1087E0001FA80D9A089911F035FB8DF860000398C9
:1087F000B04205DC0E9611A9109635980FF05BF883
:108800000599414507DBCDF8388011A9CDF84080A6
:1088100035980FF050F86D1C4D45CEDB95E009986A
:10882000401E0F900DA809F071FD051E39DD56EAB6
:10883000090019D0039C14E00E942A46FF211094DD
:10884000089816F0B2F9009523461FA80D9A0899CA
:1088500011F000FB8DF8600011A935980FF02BF88E
:10886000641C0A98A042E7DC56EA0A0619D00C9C60
:1088700013E00E942A46FF211094089816F095F9FB
:10888000009523461FA80D9A089911F0E3FA8DF878
:10889000600011A935980FF00EF80598641CA042ED
:1088A000E7DA0F980299401C814201DD084601E099
:1088B0000F98401C0D900B98401C814201DD08462A
:1088C00001E00B98401C0D9004980F900DA809F042
:1088D0001DFD051E39DD58EA090019D0039C14E07E
:1088E0000E942A46FF211094089816F05EF9009520
:1088F00023461FA80D9A089911F0ACFA8DF8600074
:1089000011A935980EF0D7FF641C0A98A042E7DC45
:1089100058EA0A0019D00C9C13E00E942A46FF2155
:108920001094089816F041F9009523461FA80D9A57
:10893000089911F08FFA8DF8600011A935980EF0A2
:10894000BAFF0598641CA042E7DA2CA811F0C0FA1F
:10895000002F02DD22A811F0BBFA089813F0E6F808
:1089600039B0BDE8F08F2DE9FF4794B015460C46AD
:10897000824604A82C220021209E16F016F9CDF87C
:1089800010D0BDF85C00ADF825009DF85E008DF8B4
:1089900027008DF8246060686968884201DC01273F
:1089A00000E00027E068E968884201DB012600E07A
:1089B000002620682968884201DC012100E00021AE
:1089C0008946A168AA68914201DB012100E00021EB
:1089D0000090A06802906068019068688846401E18
:1089E00003901FB104A950460EF065FFE868401CD3
:1089F0000190E06803901EB104A950460EF05BFFA1
:108A0000206800902868401E02900FB1686800E05E
:108A1000606801900EB1E86800E0E0680390B9F189
:108A2000000F03D004A950460EF045FFA868401C73
:108A30000090A0680290B8F1000F03D004A950463E
:108A40000EF039FF18B0BDE8F0872DE9FF4FA2F511
:108A50007F419FB092460646FF3949D0F46A208D87
:108A60008146984204D02385608D40F008006085DF
:108A70004FF4802B5D465946204618F0A9FB074667
:108A80002946204618F0BCFB0546384613F035F859
:108A90008046304603F023FD070001D109F016FEA1
:108AA000B96908EB05020AFB021005EBD571A0EBD2
:108AB00061001B9040446D1E28441D90F06A41697E
:108AC0001A91C0691C9068460EF0B0FC2098049082
:108AD0006A465946204618F0EFFD1AAA69462098C2
:108AE0000EF09CFAA4F82890608D20F008006085B4
:108AF00023B0BDE8F08F2DE9F04F0D46A2F57F4180
:108B0000ABB090460646FF395DD0F46A278D9F4290
:108B100004D02385608D40F00800608568460DF024
:108B200097FB4FF480296A4649462046049518F081
:108B30006DFD4946204618F063FB0C90304603F06B
:108B4000CEFC06003FD00A9812F0D7FF0C9AB1690C
:108B5000131808FB03111D9111461D9A01EBD171E9
:108B6000A2EB61010C9A1D911144401E08441F9014
:108B700060691C90E0691E901CAA05F1340125A8CB
:108B800009F0D6FBD0B134350DF1940C95E80F0007
:108B90008046894692469B469CE80F0085E80F0078
:108BA0003046343D15F0EEF8079006F114026946A0
:108BB00028460DF01BFB343585E8000F2785608DB6
:108BC00020F0080060852BB0BDE8F08F7FB504462B
:108BD000D0F8B05204E000BF0DF082F80DF012F8AA
:108BE00068680028F8D120460BF0ECFF18B129483E
:108BF00000692AF03EF901206063E16BC90702D0E9
:108C0000E16B890700D40020A063A06B08B10126A6
:108C100000E00026E06A20B3286821696A460569F9
:108C2000D4F81003084400906169D4F81403084490
:108C300001902169D4F81803084402906169D4F8BE
:108C40001C03084403903D2120460CF09DF8E36A84
:108C50002A466946204698476A463E2120460CF03F
:108C600093F820460BF0AEFF002812D094F83D0098
:108C7000012801D1002E0CD0A16AE069814201D106
:108C8000206A05E0226A914202D1616A01B1084678
:108C9000A0627FBD78B5002038B540680C46010C55
:108CA000491E83B200220091114620465B1E09F046
:108CB00091FC38BD2DE9F047C2B0054612F095FB96
:108CC0000446284612F0D6FB0746E06A15F05AF82B
:108CD000054694F86400C00775D020A80EF0A6FBE6
:108CE0004FF4C02A20AA51462046249718F0E4FCED
:108CF00004F1500101A809F07FFAE06A0199426984
:108D0000114401910299806901AA08440290E06A25
:108D10000399406908440390E06A04998069084413
:108D2000049020A938460EF079F95146204618F0F3
:108D300013F806465146204618F0DAF800EB06080C
:108D40005146204618F013F94FF000091F49064418
:108D5000CDF8F490CDF8F890206E09682844884743
:108D60000246206E41193DA815F064FE0199582273
:108D700001EB080001900298494630440290E06AF5
:108D800018F0F8F8054605A80DF062FA05AA514654
:108D90002046099718F03AFC9DF8AE00022805D845
:108DA000294610980BF0CCFA00280CD13DA80C9065
:108DB0009DF8710001AA40F001008DF8710005A92D
:108DC00038460DF013FA42B0BDE8F08714CC040821
:108DD0002DE9F04FABB0064612F0FCFA05463046DE
:108DE00012F003FB04461A2D38D01D2D7ED1206CC5
:108DF00000287BD0E06B002878D0A06C002875D0CC
:108E0000E06C002872D0E06A00286FD0304612F083
:108E100031FB0546A06D00F00301012968D08007F1
:108E200066D002297FD108A80DF012FA08AA002105
:108E300020460C9518F0EAFBE06A0F9004F114004C
:108E4000064609F063FAE16B88426FD1304609F0BB
:108E50004EFA216C8842F8D1012031E1304612F0FF
:108E60001AFB0546007802285DD0A06D4FF0010680
:108E7000C143890756D000F00301022952D0C0F344
:108E800084000BF0A2FA90BB20460021442218F087
:108E900071F8C0B2FF2845D1606C40BBA06C3102B4
:108EA000884207D1E06C884204D1002204F1140109
:108EB000686831E00CA9204613F0E6FC204617F064
:108EC000D2F90746204618F052FAB4F84820B4F810
:108ED0004C1092B200920CAB89B2CDE9011301465D
:108EE00000233A4608A813F07CF902E01BE019E0E1
:108EF0001DE0089960690022084408900999A0695A
:108F0000084409900A99606908440A900B99A0697D
:108F100008440B9008A9686809F02AFA10B1206B80
:108F2000002800D02E702BB0BDE8F08FC7E008A855
:108F30000DF068F808AA002120460C9518F0F7FA01
:108F400005F134000FC881468A46934619A9204688
:108F5000269313F099FCA06C1590E06C1690606C51
:108F6000149094F85800C109BDF8700061F30C30FA
:108F7000ADF87000B4F85800010B9DF8710061F372
:108F800003008DF87100206B2290E06A0F90A269B7
:108F9000206C1044401E00906169E06B0B181EA805
:108FA0005B1E039009F016FB204600210C2217F0EF
:108FB000E1FF1390B4F85800C0F303220A2A08D244
:108FC000A06B0090636B04F11400039908F0E9FFB3
:108FD0003FE00D2A14D00E2A12D00C2A40D01EAC2D
:108FE00094E80F0027AC84E80F0027AA08A92846B8
:108FF0000CF01FFF269BC5E90FB3C5E90D9A92E758
:10900000204613F052FC8046E66B204606FB08F62D
:1090100018F0ADF9F11706EB1161A0EB212000EB80
:10902000D070266C471006FB08F6204617F01BF997
:10903000F11706EB1161A0EB212000EBD07042107C
:109040003946039809F0B9FAD4E90D12039809F0EA
:10905000B4FA1EAE96E80F0027AE86E80F00C4E70C
:1090600005F1340104F11402084609F061F9D4E96C
:109070000D12039809F0A1FAA86B1F99411A206CF0
:10908000091A491C91FBF0F24243686B1E99411A80
:10909000E06B091A491C91FBF0F14143039809F078
:1090A0008CFA343527AE95E80F0086E80F00BDF83E
:1090B0007000343D40F40050ADF8700095E700209A
:1090C000B4F85810C1F30321012900D918B10020C8
:1090D000626B22B901E00120FAE7A26B02B1012222
:1090E0000A2901D3012100E000211043884320D048
:1090F000149800226FF060418DE8070003A8159BCB
:10910000129A0F991CF000FC04980090002211465E
:1091100023A8039B09F05EFAA06B0090B4F85800F6
:1091200023A9C0F303223046636B08F03AFF23AA59
:1091300000E0324608A928460DF058F8F3E6000092
:109140002DE9F04FADF50D7D054612F04EF90446C0
:10915000284612F08FF9869001A9204617F040F8B2
:1091600000216A22204617F005FF054600216B22E8
:10917000204617F0FFFE0246294601A809F0CBF869
:1091800001A809F0C3F8249001A809F0B0F88346BB
:10919000D4E90C10401A5FEA000801D14FF0010831
:1091A00094F870000027C0F3C200012804D0022800
:1091B00005D02498584501DB012700E00027204610
:1091C00009F0FDFB2C900021204617F07FFE7390E4
:1091D0000021204617F095FE72900021204617F0DE
:1091E000B4FE71900021204617F04CFE6F9004F100
:1091F0003C0001A9229008F0E4FFE16B73986FF046
:1092000001050144E163616C7298091A6164216C83
:10921000719801442164A16C6F98091AA164229885
:109220006FB109F064F8042817DA0BEBDB70A16961
:1092300005EB600008442064001DA0640DE009F007
:1092400065F8042809DA2498616900EBD07005EB11
:1092500060000844E063001D6064229809F056F83D
:109260000546229809F043F82FB1A94604F14405B8
:10927000C648229E05E08146C54804F1400604F137
:1092800048051F90E26E501C14D0616E206BA36ED7
:10929000091A181A01FB09F100FB09F091FBF8F11A
:1092A00090FBF8F0401A5043C21700EB126001EB3C
:1092B000202006E0A16B206B081A00FB09F090FB50
:1092C000F8F0E26D8246501C14D0616D206BA36DE6
:1092D000091A181A01FB09F100FB09F091FBF8F1DA
:1092E00090FBF8F0401A5043C21700EB126001EBFC
:1092F000202006E0D4E90B10081A00FB09F090FBCF
:10930000F8F0009020460021272217F033FEC0B26B
:109310000FB1012800D0002094F84C10814209D0F0
:109320000098324601212E46401E15464042CAF1A1
:10933000000A02E000980021401E3FB1326810444C
:109340002860326802EB0A00306006E02A68101AD2
:1093500030602A68A2EB0A0028602C9840B3206B8A
:10936000404200FB09F090FBF8F097B129B1336857
:109370002A46181A3146401C03E033683246294613
:1093800018442B6811E00B6010601FE01360086048
:109390001CE021B12B682A463146184404E02B68B2
:1093A0003246181A2946401C33688342EEDDEAE74C
:1093B0001F9922988847012808DC00222221204694
:1093C00019F09DFD0DF50D7DBDE8F08F74A8229973
:1093D00008F0F7FE05A80EF029F88698099005AA6E
:1093E0004FF40031204618F067F9204600210C2286
:1093F00017F0C0FD054624985946584500DB08463D
:10940000B5EB600F00DD4510DDF83080229808F0E4
:109410007DFF0446229808F06AFF8442229802DA0F
:1094200008F074FF01E008F062FFB8EB600F01DDA7
:109430004FEA60089DF85400002600F00F0017B1B5
:10944000022802D002E0012800D101260D9800B1C7
:109450000126739801244FF00009002810DB729850
:1094600000280DDB719800280ADB6F98002807DBC5
:10947000A84505DA2A4601A974A808F079FF98B32F
:109480004C4696B3682205A939A8F7F755F88DF828
:1094900013918DF814918DF812918DF80F9174AA93
:1094A00039A986980DF0BAFD8DF84590682205A976
:1094B0001FA8F7F741F88DF8AC900DF5E87A8DF814
:1094C000AB908DF8AD909AE80F000DF5087A8AE818
:1094D0000F00EEB197B101997398084488900399F1
:1094E0007298081A8A9011E000E04CE056F00100F2
:1094F00049D08DF843908DF84490D5E70299719842
:109500000844899004996F98081A8B90CDF8989028
:1095100088AA102186980DF051FA074688AA1FA93B
:109520000DF07CFD79A80DF074FD4CB101AC94E810
:109530000F0080AC84E82F0079A938460DF033FD88
:109540004EB174AC94E80F0080AC84E80F0179A9A7
:1095500038460DF028FD53A80CF054FD88AA53A9F5
:109560005A9786980DF0A6F9682205A91FA8F6F764
:10957000E3FF8DF8AA908DF8A79074AA1FA986988A
:109580000DF04CFD1EE774AA05A9F8E70D230108AC
:10959000EF2201082DE9F043B9B0054611F025FF8F
:1095A0000446284611F066FF81460021204617F048
:1095B0007DFB01280BD00025204606F0ACFA0646BC
:1095C00094F84C103540A94203D0012502E0012552
:1095D000F2E7002520461BF066FA074620467EB1DA
:1095E00016F041FE804637B1E06A002803DA1DB16B
:1095F00004E034900EE00DB1E06BFAE7606CF8E740
:1096000017F0B5FE80461FB3E06A002820DA05B3E4
:1096100021E0359068460DF009FF6A464FF440316D
:109620002046CDF8109018F047F83346424634A94A
:1096300020461EF051F904F1840034A9074608F0D1
:10964000D2FD20461BF024FA022806D03A462AE032
:109650000DB1A06CDDE7206CDBE7682269461AA833
:1096600015F0E8F93A46694648460DF0D7FC2EB1A8
:1096700015B1606C349004E0E06BFBE7D5B1206C71
:1096800035903346424634A920461EF025F904F1B0
:10969000740034A9044608F0A6FD68221AA9684699
:1096A00015F0C8F92246694648460DF0B7FC39B0B6
:1096B000BDE8F083A06CE3E72DE9F04FB3B00446BA
:1096C00011F093FE054616F02DFE0646204611F0D9
:1096D000D1FE044607A80CF0BBFD07AA00213046C6
:1096E0000B9417F093FF284614F042FB40B19DF80D
:1096F0007800082141EAD00161F3C7008DF87800B5
:1097000004F134000FC88B46CDE92323824604F1CF
:10971000340106F1140229A8319108F009FE00284D
:1097200060D029AF97E80F0004F1340787E80F00F5
:109730002DA9304603F0B2F968690190A86902903A
:10974000E86903902E98049001AA1046319908F018
:10975000EFFDC8B1D4E90F81F4E90D670DF1040CF8
:1097600089469CE80F0084E80F002846343C14F03A
:1097700009FB0E9005F1140207A920460CF036FDF6
:1097800004F1340080E8C0036869019030980290C9
:10979000E8690390286A049001AA1046319908F0FC
:1097A000C7FDC8B1D4E90F81F4E90D670DF1040CD0
:1097B00089469CE80F0084E80F002846343C14F0EA
:1097C000E1FA0E9005F1140207A920460CF00EFDF7
:1097D00004F1340080E8C003DDE92323C4E90F234A
:1097E000C4E90DAB33B0BDE8F08F2DE9F0479CB074
:1097F000994615460C00824626D02079032824D0AD
:1098000005DC58B1012820D002281DD11DE0042814
:109810001BD0082819D0192816D116E0E0680028B6
:1098200012D068460BF015FEE07D8DF82800A08A66
:10983000ADF82000A07D8DF8220001200990694636
:109840005046E2680FF031F988E0216A4FF4616216
:1098500091FBF2F302FB1311E9BB192858D0A2685F
:109860000BAE0FCA86E80F002069006812F05AF9A3
:10987000022718B12069017C08292DD0E16A2069EE
:1098800012F02AF820600BA808F040FD0E210CF021
:109890008DF90B99401E08440D9068462C2200213A
:1098A00015F083F9A08AADF81500A07D8DF817009A
:1098B000E07D8DF814002068016908960691008902
:1098C00080B20990A06800908DF81C7069465046DF
:1098D0000DF0F1FF42E01BE0417C41F002014174D8
:1098E000206912F0B9F8804668462C22002115F054
:1098F0005CF9A08AADF81500A07D8DF81700E07D19
:109900008DF81400CDF8188008962069C089D8E732
:10991000E16A206911F0E0FF206068460CF072FBFC
:10992000206A0C904FF480700D900E90E07D8DF8C1
:10993000500020680790A08AADF84C00A07D8DF8FB
:109940004E002169606A0A89B1F90C101144CDE911
:10995000110169465046A26810F0DEF8002D0AD0C9
:10996000B9F1000007D002461CB029465046BDE8B8
:10997000F0470FF01DBE1CB0BDE8F0872DE9F34F96
:10998000086B0C46401E431000F00100C518C96961
:10999000606A8FB0814201DA0A4600E00246009216
:1099A00000DD0846A0F101000290206A0F9AA0EBAA
:1099B00005000190206A694618440390084602F1A8
:1099C000380208F0B5FC002838D0A06B18B1606BE5
:1099D00008B1012600E000262C2104A815F029F981
:1099E000CDF810D0A08DADF8250094F82E008DF89C
:1099F000270094F83C006D468DF82400D6B16846E7
:109A000008F084FC0646039F01980390D4E90D10EA
:109A10000844009991FBF0F200FB121A304614F052
:109A200081FF4FF0020B0C958DF82CB081460A9007
:109A3000019D32E004A90F980DF03DFF11B0BDE883
:109A4000F08F3246FF21484615F0AFF8002150460E
:109A50008C465B4614E0626B824204DB121A12B23F
:109A60001144104408E0D4F838804244824201DABC
:109A7000002001E009F801C0401C8DF82C30491C81
:109A8000B142E8DB04A90F980DF015FF0198401CC6
:109A900001900398401C6D1C0390BD42D1DD4846E7
:109AA00012F044F8CAE700002DE9F34F8A46096A2C
:109AB000DAF82800D9B00AF11C040AF12406814220
:109AC00005DA214668461AF013F8314604E03146BB
:109AD00068461AF00DF82146DDE9005768461AF08D
:109AE00007F8DDE90046A4EB0508A6EB0709B8F185
:109AF000000001DCC8F10000B9F1000101DCC9F18E
:109B00000001884201DD012000E000200090DAF829
:109B1000301058B1B9F1000001DCC9F10000420178
:109B2000B8F100000DDCC8F100000AE0B8F1000057
:109B300001DCC8F100004201B9F1000001DCC9F10B
:109B4000000092FBF0F0924A105C48433F30C01195
:109B50004FEA600B00F0010202EB0B010691A542F7
:109B600001DA294600E02146A1EB00010A9101DD5E
:109B7000294600E0214601440C91B74201DA3946FA
:109B800000E03146A1EB00010B9101DD394600E018
:109B900031460844599A0D900AA9084602F1380244
:109BA00008F0C6FB00287DD014210EA8F6F7FEFCB5
:109BB0001EA80E902CA80F9000990020002972D0AA
:109BC000B8F1000F13DDA6EB0B01CDE90010234621
:109BD000A7EB0B0229461EA810F0C2F90698012136
:109BE0003044CDE90001069823463A1812E0069960
:109BF00023463144CDE90010069829463A181EA89C
:109C000010F0AEF90121A6EB0B002346A7EB0B02E7
:109C1000CDE9000129462CA810F0A2F99AF83D00E0
:109C20004FF0020B40071AD4032107EB0800CDE9DF
:109C30000001A5EB09033A4629463AA810F090F92D
:109C400006EB0801CDE9001BA4EB090332462146CF
:109C500048A810F085F93AA8109048A811900AA8D1
:109C600008F054FB04461AF003F90AF01FFF0546FA
:109C70000AA808F041FBA84203D20AA808F03CFB5E
:109C80000546A846284614F04DFE81460D9F0B98C8
:109C90000D9000254246FF21484614F086FF2C21F6
:109CA00013A801E071E014E014F0C3FF0AA91391B6
:109CB000BAF82C20ADF861209AF82E008DF86300D8
:109CC0009AF83C008DF86000CDF864901B910B9ED3
:109CD0003AE0CDE9006006983A46231829181EA8F4
:109CE00010F03EF90120CDE90060A4EB0B033A46E9
:109CF000A5EB0B018FE7009409EB05010A9A3346A7
:109D00000EA8089110F0A6F88DF8680018B9214641
:109D1000089814F08EFF25442919414503D20D9867
:109D2000401C0D900FE08DF868B013A959980DF004
:109D3000C2FD0D980025401C0B900D904246FF215E
:109D4000484614F032FF761CBE42D4DD0D990B98C4
:109D5000884207D0481E0D908DF868B013A9599815
:109D60000DF0A9FD484611F0E1FE1EA810F0B0F874
:109D70002CA810F0ADF89AF83D00400705D43AA899
:109D800010F0A6F848A810F0A3F85BB0BDE8F08F7B
:109D9000F49104082DE9F04F8346086B0C46401EF1
:109DA000411000F001004218E06991B0821A0844A5
:109DB00000920290216AA06A814200DA084601906E
:109DC000216AA06A814200DD0846401E6946039070
:109DD0000BF13802084608F0ABFA00283BD0A06B24
:109DE00018B1606B08B1012600E000262C2104A800
:109DF00014F01FFFCDF810D0A08DADF8250094F819
:109E00002E008DF8270094F83C006D468DF8240054
:109E1000EEB1684608F07AFA0F90039F019803901C
:109E20000F9814F07FFD80460A9002200C958DF863
:109E30002C00D4E90D10084401994FF0000991FB62
:109E4000F0F200FB12150E464FF0010A25E004A9BE
:109E500058460DF030FD11B0BDE8F08FFF214046AF
:109E60000F9A14F0A2FE606BA84202DA8DF82C90D3
:109E700001E08DF82CA0D4E90D100844A84200DCC4
:109E8000002504A958466D1C0DF015FD0198401CD5
:109E900001900398401C761C0390BE42DEDD4046D4
:109EA00011F044FED7E72DE9FF47054611F09DFA72
:109EB000C46A284611F0DEFAE26A054600F1340170
:109EC0006846143208F034FA002834D0D5E90F81FE
:109ED000F5E90D6789469DE80F0085E80F0094F8C5
:109EE0004C00343D800628D5A26C206C824208D1FB
:109EF000212329462046FEF7A8FD20462123A26CF7
:109F000013E0202329462046FEF79FFD204620230C
:109F10002946A26CFEF7EFFD204601232946226C5C
:109F2000FEF793FD226C204601232946FEF7E3FD50
:109F3000343585E8C003BDE8FF8720462023294645
:109F4000A26CFEF782FD20462023A26CEDE72DE9EE
:109F5000F04FADB0054611F048FA0446284611F01E
:109F600089FA054624A9204616F0E9F8204602F0B1
:109F7000C0FA064604A80CF06BF9E06A0B9094F85E
:109F80005C0001099DF86D0061F341008DF86D00E2
:109F9000606D1290A06D1390D4E91801CDE90C0109
:109FA00094F85C0000F00F00032808D024A808F003
:109FB0009EF9B0F5806F02DB04F138001C909DF82B
:109FC0006C0004AA66F3C7008DF86C0000212046DF
:109FD000089517F01BFB9DF86800012708B98DF85C
:109FE0006870204613F0DCFE1590204613F0D1FE79
:109FF000169015994FF6FF70814226D0169981422E
:10A0000023D04FF48028264658224146204616F099
:10A01000B1FF02464146304619F0FCF90290BDF806
:10A020000800ADF85C009DF80A008DF85E0020463F
:10A030001C22414616F09EFF0290BDF80800ADF8C4
:10A040005F009DF80A008DF8610020460021612222
:10A0500016F090FF0290BDF80800ADF874009DF86E
:10A060000A008DF8760020460021602216F082FF5B
:10A070008DF86B00204600215F2216F07BFF1E90BA
:10A0800094F85C0000F00F00022801D003280DD1E5
:10A090009DF86800022801D0032807D124A8266E65
:10A0A00008F034F9B04201DA8DF8687005F1340235
:10A0B00024A91FA808F03CF900287ED094F85C0081
:10A0C000000709D1204616F061FA4242002124A877
:10A0D00008F073FA206A279094F85C0000F00F00F3
:10A0E000022829D0032827D0042825D0D5E90F91AC
:10A0F000D5E90D6722988846286424AA04A9284631
:10A100000CF074F805F13400C5F8408080E8C00216
:10A11000D5E90FA30DF17C0C9B469CE80F0005F1DF
:10A12000340CB0468CE80F0094F85C00B94600F09F
:10A130000F00032816D043E0D5E90F80F5E90D673D
:10A140000DF17C0A81469AE80F0085E80F00343D46
:10A1500024AA04A928460CF049F805F1340080E847
:10A16000C003D5E7D4E9186724A808F0CFF8B042B7
:10A1700011DA202211460E9811F087FC616D00EB78
:10A180004000314408441290A06D139024AA04A901
:10A1900028460CF02BF824A808F0A9F8B8420FDAEA
:10A1A000606D12900E9811F0A8FCA16D24AA39449C
:10A1B0000844139004A9284600E004E00CF016F8C7
:10A1C000343585E8000F2DB0BDE8F08F2DE9F04F54
:10A1D000ADF5077D054611F008F90446806B0028AF
:10A1E0007ED0284611F046F98046608D40F0080187
:10A1F0006185204623A915F0F3FF0025278D2585CD
:10A20000608D2E4640F00801618562A80DF00EF9C0
:10A2100047A8CDF898810CF01BF84FF4A02A62AA49
:10A2200051462046CDF82C8117F046FA47AA5146F0
:10A23000204617F0EBF9608D20F00801618520467B
:10A240002785002116F087FE85900021204616F014
:10A250001FFE84900021204616F03EFE83900021D0
:10A26000204616F054FE834630E1761CE06A9DA13C
:10A2700050F826001AF0A2FC0028F6D0606B30F8E7
:10A280001500C10670D44FF00009C10501D54FF08B
:10A290000109400602D549F0800012E0206CA84276
:10A2A00010D1B80601D549F02009B80701D549F009
:10A2B0000209780701D549F00409380702D549F0A9
:10A2C00008008146206B00EB051104A807F082FF0F
:10A2D000239904980844049024990598084400E0C0
:10A2E000FCE0059023990698B9F1000F0844069008
:10A2F00024990798084407902BD0A4F82890608DE3
:10A3000040F00801618509A80DF090F827A8CDF864
:10A3100034800BF09DFF09AA51462046CDF8AC8051
:10A3200017F0CAF927AA5146204617F06FF927857A
:10A33000608D20F008016185606B30F81500C0F376
:10A34000C02000289DF8F8000FD0082141EAD00174
:10A350000EE0682262A909A814F06CFB6C2247A9E0
:10A3600027A814F067FBE7E7AEE0172101EAD00168
:10A3700061F3C7008DF8F8009DF86C000B95C106DD
:10A3800034D520F01F000F308DF86C00636983997D
:10A39000049A19448A4203D120F004008DF86C001D
:10A3A000E2690699A2EB0B00814205D19DF86C0091
:10A3B00020F008008DF86C00A2698598059910447A
:10A3C000814205D19DF86C0020F002008DF86C00F0
:10A3D000226A84980799101A814207D19DF86C006F
:10A3E0004108490061F304008DF86C0004A807F0EF
:10A3F0007EFF44905FEA896008D5606B30F81500F5
:10A40000400503D505994498081A059004AA09A99E
:10A4100040460CF003FE31987F9034987E9033993B
:10A420000191E06A50F826007D9023A807F06EFFA6
:10A430009DF8F810CA080199CDE900100292DDE9F3
:10A440007D1342A87F9A1BF05FFA04A807F05EFF15
:10A450004299401A049900EBD07001EB600004901F
:10A4600004A807F044FF4399401A059900EBD07007
:10A4700001EB6000059042990498084406904399C6
:10A480000598084407905FEA89600FD5606B30F843
:10A49000150040050AD54498059900EBD070A1EB52
:10A4A000600105910799A1EB600007907D982E90BF
:10A4B0009DF8F90004AA40F001008DF8F90027A9E1
:10A4C000404629950BF092FE6D1C761CA06BA842AD
:10A4D0003FF6CCAE608D20F0080060850DF5077D5D
:10A4E000BDE8F08F0A0000002DE9F04FADF5017DC9
:10A4F000054610F07AFF0446284610F0BBFF82465E
:10A500000021204616F022FC05460021122220469A
:10A5100016F030FD2844779000211322204616F0D3
:10A5200029FD2844769003A80BF092FE03AA4FF46D
:10A5300000312046CDF81CA017F068F8206B40B120
:10A54000814694F84C00002700F00F00012807D046
:10A5500007E0802254A9204610F0D7FC54A8EFE76A
:10A56000012720460021272216F004FDC0B2012851
:10A5700000D10127606B4FF00008002860D012F076
:10A580008AFB8346022818D06946606B11F09CFF55
:10A59000012824D04FF0FF363546A069691E7D9012
:10A5A00008447F906069711E7C900844CDF800805B
:10A5B0007E90C7B10722779B18E09DF868000F9A3C
:10A5C000C0086FF060410092CDE90110109B0D9A18
:10A5D00039A8616B1BF098F9DDE93965DDE7019871
:10A5E00086B2050CD9E77698434208227CA904F18B
:10A5F000140007F0D6FCBBF1020F4FD039A80BF0C6
:10A6000001FD4FF4003B39AA59462046CDF8F4A08D
:10A6100016F08DFF05EBD570421006EBD670411099
:10A620004AA819F06AFA20467022594616F0A2FC90
:10A630004590606B40907CAA39A950460BF0F9FB1D
:10A640001EA80BF005FE1EAA00212046CDF888A00A
:10A6500016F0DCFF9DF8D4002A9AC0086FF0604124
:10A660000092CDE90110494674A82B9B289A1BF053
:10A670004BF96069749978900844401E7A90A069FB
:10A68000759979900844401E7B90606B70B1CDF84D
:10A69000008087B17698434208220EE0606B0A90F2
:10A6A0007CAA03A950460BF0A1FDC9E700230922AB
:10A6B000CDF8008001E0779B072278A904F114000F
:10A6C00007F06FFCCDF89490206B28B99DF8D50069
:10A6D00040F001008DF8D50078AA1EA950460BF075
:10A6E00085FD0DF5017DBDE8F08F2DE9F047B0B097
:10A6F000074610F06FFE0546384610F076FE044619
:10A700004FF480261D2D7ED0202D7DD1384610F0AF
:10A71000B1FE054609A80BF09BFD09AA314620466B
:10A720000D9516F073FF2CA9204602F0B7F92CAA5C
:10A7300005F1340104A807F0FBFD002864D0204691
:10A7400001F0D4FE824613F013FB40B19DF8800067
:10A75000082141EAD00161F3C7008DF8800020464E
:10A7600016F005FE0646504613F00CFB159A4FF006
:10A7700001098DE84402014624A8169B139A1BF098
:10A78000C3F8204615F06FFD07460021204616F05D
:10A7900022FDC168DAF8182001EBD17102EB6101EA
:10A7A000A269064607EBD77802EB68000F1A5046FD
:10A7B00015F059FDF168401A002802DDB90391FB3C
:10A7C000F0F71398A26902EB6801C068259A121A83
:10A7D0007A4301EBA23100EBD070A1EB60080021BD
:10A7E000204616F0B6FA074620460021122216F03F
:10A7F000C1FB064620460021132216F0BBFB61690F
:10A80000F219114401E02EE02AE0CDE92618E169B1
:10A810003435081AC01B2599289008EB01002990AF
:10A820009DF880000DF1100C49EAD00161F3C700DA
:10A830008DF8800095E8D10080469CE80F0085E8FF
:10A840000F005046343D13F09DFA109026AA09A936
:10A8500028460BF0CBFCC5F83480383585E8D000AD
:10A8600030B0BDE8F087384610F004FE05461AA95E
:10A87000204602F013F968460CF0D8FD6A463146CE
:10A880002046049516F018FF1AAA694628460CF0CF
:10A89000C5FBE5E72DE9F043C3B0054610F0A5FD83
:10A8A0000446284610F0E6FD80463EA9204615F0F5
:10A8B00046FC04A80CF0BAFD04AA4FF4003120466F
:10A8C000CDF8208016F0F8FE3EAA04A940460CF010
:10A8D000A5FB60690090A0690190E0690290206A80
:10A8E000039004F11400064607F010FD05463046BB
:10A8F00007F0FDFC94F8301001F00701012903D0A6
:10A9000002292DD085422BDB204615F0ACFC0546F4
:10A91000304607F0FBFC461BE06A411C05D0704343
:10A92000C11700EB1160071208E0204616F08AF903
:10A9300010F0010F01D0374600E00027002120462B
:10A9400016F0BAF9012800D1F71B0098002D384401
:10A95000009001DD6D1E00E00025284402902AE0F1
:10A96000204616F004FD0546304607F0C0FC461BA5
:10A97000E06A411C05D07043C11700EB116007125B
:10A9800008E0204616F05EF910F0010F01D03746BE
:10A9900000E000270021204616F08EF9012800D1A2
:10A9A000F71B0398C01B0390002D01DD6D1E00E016
:10A9B0000025401B01904FF440363146204616F0EA
:10A9C00091FA81463146204616F0A7FA07463146ED
:10A9D000204616F0C6FA05463146204616F05EFAC5
:10A9E000009A0146A2EB0900029A0090D019029049
:10A9F0000198401B01900398084403901EA80CF096
:10AA000015FD1EAA31462046CDF8888016F054FE6A
:10AA10006A461EA940460CF001FB43B0BDE8F08336
:10AA20002DE9F04FADF51B7D054610F0DEFC044628
:10AA3000284610F01FFD804600F1340204F1140195
:10AA400044A807F075FC00287ED008F1340188ADD9
:10AA500091E80D00D8F840108B9185E80D0044AEC8
:10AA600008F1340096E82E0080E80E002046002110
:10AA70003022C8F8405016F07DFA9190002120460F
:10AA800016F072FA94900021204616F00AFA95907A
:10AA90000021204616F029FA93900021204616F056
:10AAA0003FFA9290208D002566902585608D40F0BC
:10AAB0000801618505A80CF0B9FC4FF4A02605AA91
:10AAC00031462046CDF8248016F0F6FD6CA80BF038
:10AAD000BFFB6CAA31462046CDF8C08116F096FD2A
:10AAE00066982085608D002620F00801204661854B
:10AAF00015F058FD0146A269949820951044411A1A
:10AB000091980844401ECDE92250204615F044FD9E
:10AB100099900021204616F0D5F8012800D0002099
:10AB200082460020A2E1A06B239950F8290098905A
:10AB3000491C401E084423902191084647998842A9
:10AB40007EDCBAF1000F00E09EE109D0E169929845
:10AB5000091A9998091A9198081A401E209008E03D
:10AB60006169939801449998091A91980844401E84
:10AB70002290002574E100BF606B4FF0000B50F88D
:10AB8000260008B190F800B0BAF1000F0AD0209862
:10AB9000401E2290E06B229950F82500081A401CB4
:10ABA000209009E02298401C2090E06B209950F8FA
:10ABB00025000844401E2290002718E0616BF01920
:10ABC00051F82000C0B10078C00715D0E91904225F
:10ABD000E06B02EB8101BAF1000F405803D02099DD
:10ABE000081A209002E02299084422907F1CE06A13
:10ABF0007919401E8142E1D34599239888427CDB34
:10AC000020983F902198409022984190239842901C
:10AC10009DF85C0041070BD5626993993F9B1144F5
:10AC20008B4205DD169901EBD171A3EB61013F91D8
:10AC300081070DD5A3699499409A19448A4200E08E
:10AC400019E105DD169901EBD171A2EB610140918B
:10AC5000010710D5E3699299419A591A491E8A420F
:10AC600009DA169901F0010201EBD17102EB6101E1
:10AC7000419A11444191C00710D0226A9598429997
:10AC8000101A401E814209DA169800F0010100EB0B
:10AC9000D07001EB6000429908444290626C002041
:10ACA0004A457CD1216CA94279D1218D4A0602D432
:10ACB0008A0600D520208A0701D540F002004A0705
:10ACC00001D540F00400090701D540F00800002834
:10ACD0007FD02085608D40F00801618548A80CF088
:10ACE000A5FB24A8CDF830810BF0B2FA48AA4FF4A6
:10ACF000A0212046CDF8A08000E099E016F0DCFC11
:10AD000024AA4FF4A021204616F080FC66982085E6
:10AD1000608D20F008016185CDE94A95CDE9269541
:10AD20003FAA48A940460CF079F9606B50F826001C
:10AD300000287DD04FF4A021204616F0D6F80290CE
:10AD40004FF4A021204616F0EBF88D904FF4A0218F
:10AD5000204616F009F901904FF4A021204616F084
:10AD6000A0F800210091209A029911446891229A3A
:10AD70008D99511A6A91219A0199114469912399E7
:10AD8000081A6B90CBF340005FEA000B0CD0012057
:10AD900000909DF8EC00012141EAD00100E018E0AC
:10ADA00061F3C7008DF8EC0068A807F0AFFA309A9D
:10ADB00000990092CDE90101606B319B769A50F8C1
:10ADC00026108FA808311AF09FFDBBF1000F0BD0A1
:10ADD0001CE0682205A948A813F02CFE6C226CA97F
:10ADE00024A813F027FE97E79899219A01EBD171D7
:10ADF000909802EB610200EBD070A2EB6002491068
:10AE000001EB60002199699208446B9020AA44A943
:10AE100062A807F08DFA58B10DF5C47B08F1340033
:10AE20009BE80E1080E80E00C8F840C0606B00E0A0
:10AE300012E050F8260068AA08302B9024A940465A
:10AE40000BF0D4F90DF5887B08F134009BE80E1067
:10AE500080E80E00C8F840C03E443D44761C6D1C9E
:10AE6000E06AA8423FF688AE09F101008146206BF6
:10AE700048453FF658AE88AD08F1340095E81E000D
:10AE800080E80E00C8F840400DF51B7DBDE8F08F4E
:10AE90002DE9F047A0B0054610F0A7FA0446284671
:10AEA00010F0E8FA8146E06A12F06CFF00780028A2
:10AEB00054D1206B002851D0007800284ED004A82F
:10AEC0000BF0C6F904AA4FF400212046CDF82090DB
:10AED00016F09CFB94F87000000708D59DF86C00F4
:10AEE000012141EAD00161F3C7008DF86C00002117
:10AEF000204615F0FDFF07460021204616F013F806
:10AF000006460021204616F032F8824600212046EF
:10AF100015F0CAFF80460021204615F01DFF0546AA
:10AF200004F11401684607F067F90098791908449C
:10AF3000009002987119401A029001980AEB0501DD
:10AF400008440190039808EB0501401A0390206B18
:10AF50000B906A4604A948460BF048F920B0BDE8BA
:10AF6000F08730B5A3B00C4605461EAA1AA915F005
:10AF70001FFB1AA807F0C0F920B91EA807F0BCF9FA
:10AF800000281CD06946284622F004F9012816D171
:10AF90001AA807F0B1F930B1002002901AAA694648
:10AFA00020460CF03BF81EA807F0A6F9002806D0B2
:10AFB000012002901EAA694620460CF02FF823B00B
:10AFC00030BD2DE9F843044610F00FFA80462046C4
:10AFD00010F061FA0646406D4068B0F5A02F62D1CE
:10AFE00030460FF09EFD054630460FF093FD0446B7
:10AFF00055EA040057D0706D00278668072E05DBE0
:10B0000040223146404608F034FB28B10DB185F8A6
:10B0100020700CB184F828704FF40042314640464D
:10B0200008F027FB20B354B140461BF013FB0090FF
:10B03000BDF8000020849DF8020084F8220075B15C
:10B04000662085F8200040461BF004FB0090BDF808
:10B050000000A5F821009DF8020085F82300404675
:10B0600008F000FBB04203D115B1B22085F82000F2
:10B070004FF480423146404608F0FBFA002812D0D7
:10B08000002C10D0FF2084F82800404620341BF00C
:10B09000E1FA0090BDF8000020809DF80200A07049
:10B0A0006068401C6060BDE8F8832DE9F0410F4600
:10B0B000040005D004F13400804613F02FFB14E0A7
:10B0C000BDE8F04107F002BB2868616806693046B8
:10B0D00008F0F6FB08F0FCFB18B9A26939463046C7
:10B0E00090472946404613F02BFB0500ECD104F1B4
:10B0F000280018F067FD404613F0F0FA0020E060E9
:10B10000BDE8F0812DE9F04117460D46040001D15C
:10B1100007F0DCFA0DB907F0D9FA002C2FD0002D7A
:10B120002DD004F128002946804618F07FFD050047
:10B1300025D02E69A269394630469047216C3046A9
:10B140008847E168091AE1603046616808F0B8FB99
:10B1500007462869216B0844294650F8046C40468C
:10B1600018F0F7FD384608F093FB314604F134003F
:10B1700013F09EFB3046BDE8F04110F0D7BCBDE8AF
:10B18000F0812DE9FC411D46089F16460C008046C3
:10B1900016D0202116F02EF9A8B1032F40461ED05C
:10B1A00015F0ECF9F0B101AB6A463946404601F0C2
:10B1B0007DFE9DF800009DF80410084216D00CE0BA
:10B1C0000020BDE8FC81002C00DD3546002D01DAB1
:10B1D000002402E0281B00D52C462046F1E715F09C
:10B1E000C5F9DFE7002D01DB002EF6DA002C02DACC
:10B1F000A41E002C00DDA41CE01704EB907080104E
:10B20000DFE70879062801D0072811D1486DC26B05
:10B21000C2B9026CB2B9826E02B10122008CC0F3D5
:10B2200007201AB10E280DD014280BD0302809D2CF
:10B2300091F85A00642805D3642081F85A0001204F
:10B2400081F859000020704707F0D3B910B50446C3
:10B25000007E400721D4A0682B2820D02C281ED0A7
:10B260004FF48041206816F0C5F8002816D0A06879
:10B2700016381F2813D2DFE800F010121212101037
:10B2800010101010101010121210121212101010B4
:10B2900010121212121010121000002010BD012006
:10B2A00010BD8068C0F300407047027D42F002028A
:10B2B0000275886840F48030886070472DE9F0415D
:10B2C000044611F0F9FC48B1207E810702D5012027
:10B2D000BDE8F081C00701D00020F9E7D4F8008074
:10B2E000D8F8085005B1083501222146284610F04B
:10B2F00035F90128ECD1217E8907E9D421460020C7
:10B3000014F0D2FE0128E3D1217E8907E0D4002287
:10B310002146284610F022F9054601284FD1207E0B
:10B3200080074CD4206814F0FDFF060008D02046AA
:10B33000FFF78CFF20B120462660FFF7BFFF0546D0
:10B34000207E00073BD44FF40011206816F052F81D
:10B3500010B3A06816381F2811D2DFE800F03010B3
:10B36000101030303030303030303010103010109D
:10B370001030303030101010103030103000404697
:10B3800014F0C0FE0700207E4FF0000640F00400DD
:10B39000207614D0012D0FD011E03146404614F034
:10B3A00099FE30B120602046FFF788FF054601284E
:10B3B00005D1761CBE4202D2207E8007EDD52846FC
:10B3C00086E7017900F108020C2928D2DFE801F0B4
:10B3D0002706090C0F1215211B181E24416D0EF0B3
:10B3E000E7B8416D0DF061BB416D0DF0CFBB416D14
:10B3F0000EF0FABB416D0EF0CFBB416D0EF08CBB71
:10B40000416D0CF05FB8416D0EF026BC416D0FF040
:10B41000ABB9416D0EF0CABB416D0EF0D5BE7047A1
:10B420002DE9FF4F83B09B46824615F09FF806003A
:10B430006FF0604111D088460C460021504615F04F
:10B4400042FD00900021504615F058FD01905046F5
:10B4500014F058FE074600255BE0084607B0BDE83B
:10B46000F08F00BFDAF808002D49006850F8250079
:10B47000814615F0CCFFE8BB4FF48051484615F0EB
:10B48000B9FFB8B3012E04D0022E08D0032E3FD14D
:10B490000CE0D9F81490DAF8141000981FE0DAF8EC
:10B4A0001C100198D9F81C90091A19E009F1140030
:10B4B00006F02CFFD9F8141000EBD07001EB6009F6
:10B4C0000AF1140006F022FF0099411A0198081AA7
:10B4D00000EBD0720098DAF8141000EB620001441F
:10B4E000049A09EB0B00904212DB059A90420FDCA4
:10B4F000401A00E00CE0002801DD014600E0414276
:10B50000002C01DD224600E06242914200DA04464E
:10B510006D1CBD42A6D3404684429FD060429DE749
:10B52000010004002DE9FF4F83B09B46824615F0D1
:10B5300025F806006FF0604111D088460C460021C6
:10B54000504615F0FFFC00900021504615F097FC86
:10B550000190504614F0D6FD074600255BE00846F2
:10B5600007B0BDE8F08F00BFDAF808002D49006889
:10B5700050F82500814615F04AFFE8BB4FF4805192
:10B58000484615F037FFB8B3012E04D0022E08D07C
:10B59000032E3FD10CE0D9F81890DAF81810009873
:10B5A0001FE0DAF820100198D9F82090091A19E064
:10B5B00009F1140006F09BFED9F8181000EBD070CA
:10B5C00001EB60090AF1140006F091FE0099411A9E
:10B5D0000198081A00EBD0720098DAF8181000EB06
:10B5E00062000144049A09EB0B00904212DB059AB9
:10B5F00090420FDC401A00E00CE0002801DD01461B
:10B6000000E04142002C01DD224600E0624291420E
:10B6100000DA04466D1CBD42A6D3404684429FD04A
:10B6200060429DE7010004002DE9FF4F83B00D4605
:10B6300017460021119C039815F013FE06460021C1
:10B64000039815F098FB0146E87882070BD5C307ED
:10B650006FF0404202D0964202D006E0914206D1FD
:10B6600020F00200E870C00701D0814800E0814866
:10B670008146E878C00712D07E48394680460020CF
:10B680006060A06060612060E06020618346009798
:10B69000039814F01FFD06464FF0010AC0E07448FD
:10B6A000EBE70098B84206D04FF40001304615F0A1
:10B6B000A1FE00287DD17049304615F0A8FE002873
:10B6C00078D10021304615F04AFB0190002873D054
:10B6D000E8784FF00001C007304602D015F087FB34
:10B6E00001E015F07EFB0099B94201D0109A104498
:10B6F000EA78920706D5A3680BEB00021344069A7A
:10B70000934256DC8344B94203D0A16810980844A0
:10B71000A0606069401C6061217EC90761D000EBB8
:10B720004000C100206918F05BFB5FEA000A0FD0FF
:10B73000606900EB40010AEBC1004FF0000140F8E6
:10B74000186CE878C007304605D015F050FB04E0CF
:10B7500006F0BCFF88E015F044FB616901EB410293
:10B760000AEBC20141F8140CE8784FF00001C00761
:10B77000304601D0052200E0072215F0FBFB61698D
:10B7800001EB41020AEBC20141F8100C616901981A
:10B7900001EB41020AEBC20141F8080C616900208B
:10B7A00001EB41020AEBC20141F8040CC4F810A0FD
:10B7B00017E038E025E0FFE7304649468847BAF110
:10B7C000000F01D110990844E978890706D5A268CD
:10B7D0000BEB00010A4406998A4224DCA168084464
:10B7E000A0604FF0000A3046414688470146206875
:10B7F000814202DD3046414688472060E068401CB7
:10B80000E060E878400702D54FF0FF3000E001200B
:10B8100000994118009106D4039814F05BFC064689
:10B82000002E7FF43EAF606908B1069800E0A06882
:10B830006060CEB10099B94216D103986A4680681B
:10B84000006850F82160E878C0F38001039800F0A8
:10B850006FFF4EB13046414688472060304649462A
:10B86000884760600120E060009807B0BDE8F08F75
:10B87000851302087D020208010006002DE9F04F41
:10B8800093B0044600217A2215F074FB9DF817103E
:10B89000421C62F30001820862F34101C00860F3B8
:10B8A00082018DF81710204600217B2215F062FBE3
:10B8B0008DF81400204600217C2215F05BFB8DF8EA
:10B8C0001500204600217D2215F054FB8DF816004E
:10B8D0000021204615F0E4F9012800D00020804620
:10B8E0009DF817004FF00001C00720460CD015F05E
:10B8F00020FB81469DF817004FF00001C00720464D
:10B9000005D015F0D7FA04E015F0D4FAF1E715F0F8
:10B9100010FB07909DF81700C007204602D014F0D6
:10B920004AFC01E014F032FC002106900F4620464C
:10B93000102215F01FFB05463946204615F000FA87
:10B9400006463946204615F0E3F9800700D5354410
:10B95000A0690544204614F025FE281A002108900D
:10B960000E462046122215F005FB054631462046BC
:10B9700015F0E6F907463146204615F0C9F94007AB
:10B9800000D53D4460690544204614F005FE281AA0
:10B9900011909DF817009DF81660C00701D008AD02
:10B9A00000E011AD0021204615F05BFC1290002153
:10B9B000204615F0E0F983469DF81700C10708D02E
:10B9C0006FF04042934502D1618D490509D5C10709
:10B9D00008D112996FF04042914203D1618D09055F
:10B9E00000D40026B8F1000F08D0C00706D116B168
:10B9F000012E02D002E0012600E000260027BA4610
:10BA0000109776B39DF81700400703D5A068028E03
:10BA1000521E13E0002211E000200F9009A90798A0
:10BA2000CDE9000105A92046069BFFF7FDFD099A17
:10BA300007EB090157180AF1010A0246A068008EB7
:10BA4000904201DD002AE7DABAF1000F01D0A7EB3E
:10BA500009079DF81700C007204603D014F096FB95
:10BA600002E00AE014F0A7FB10A9CDE9005101465D
:10BA700053463A4630461BF0CDFE9DF8170041076D
:10BA800003D5A1680E8E761E00E00026B8F1000FE7
:10BA900004D0C00702D128683844286009AFA068E4
:10BAA000008EB04243DD002E41DB01200F9007984D
:10BAB000CDE90007324605A92046069BFFF7B4FDF5
:10BAC0008246B8F1000F07D09DF81700C00703D1D8
:10BAD00028680999401A286006AB93E8070002AB72
:10BAE000019283E88300119800905346324605A9DD
:10BAF0002046FBF79FFE56460D9810F017F80020E1
:10BB00000D90B8F1000F03D09DF81700C00708D0C2
:10BB100028680999109A014402EB0900084428603A
:10BB2000BDE7109A296802EB0900081AF7E7129995
:10BB30006FF04040814201D0834502D1204616F08B
:10BB40000BFD00223321204617F0D9F913B0BDE8D0
:10BB5000F08F2DE9F74F0546007F93464FF0000A1E
:10BB6000C00760D14FF00108EC680026C1467CB9DF
:10BB7000287FC0F3C000401E304254D1B9F1000FFD
:10BB800051D00199284688474FF000080446C14625
:10BB90000EB9261E47D0B8F1000F06D02146284620
:10BBA0005A4690470446B0423DD04FF00108002C61
:10BBB000DED0206815F046F80006D8D427681FE0CC
:10BBC0000121384615F016FCB0B12FB101213846DD
:10BBD00015F010FC0028CAD1E868A04223D0B0B10B
:10BBE000284600F0CDFB0246E8681421006817F0F3
:10BBF00086F9012817D106E0384614F093FB074672
:10BC0000002FDDD1E8E7E868006815F019FF284645
:10BC1000EC6000F0B5FB0246E8681321006817F0FD
:10BC20006EF9012802D05046BDE8FE8FE868006832
:10BC300015F006FF296909B1284688470120F3E776
:10BC400070B5846C0546002C16D0206820B10FF02A
:10BC50009BFF20680FF06AFFE06908B109F0CBFD97
:10BC6000206A08B109F0C7FD60680FF05FFF204649
:10BC70000FF05CFF0020A86470BD70B5054600247D
:10BC800003E008460FF052FF641CE86A50F82410E5
:10BC90000029F6D10FF04AFF0020E86270BD2DE9BF
:10BCA000F0411D46069C164607460CB10020206058
:10BCB0000022384610F0F4F8002807D123462A461F
:10BCC00031463846BDE8F04110F001B8BDE8F081DA
:10BCD00070B50146C06ACA6C12F0060F1AD0C2F3E2
:10BCE0004102022A18D0012A13D1D1E90E54AC42E4
:10BCF00001DA04F5B4744A6B0E6B1346B24201DAF2
:10BD000003F5B472291901EBD17149108E4206DA9C
:10BD1000304470BD496B00E0096B084470BD8A4235
:10BD200001DD184470BD084470BDCA1701EB5272A2
:10BD300000EBE20022F007020078891AC1F1070146
:10BD4000C84000F001007047CA1701EB527200EBC7
:10BD5000E20022F007020078891AC1F10701C84009
:10BD600000F001007047CA1701EB527200EBE200CD
:10BD700022F007020078891AC1F10701C84000F0DB
:10BD800001007047CA1701EB527200EBE20022F08B
:10BD900007020078891AC1F10701C84000F00100CC
:10BDA0007047CA1701EB527200EBE20022F0070263
:10BDB0000078891AC1F10701C84000F001007047FE
:10BDC000CA1701EB527200EBE20022F00702007882
:10BDD000891AC1F10701C84000F001007047CA1775
:10BDE00001EB527200EBE20022F007020078891AA0
:10BDF000C1F10701C84000F0010070472DE9F34F81
:10BE00008BB00646694614F0EBF9304615F0AFFAF0
:10BE10000990304614F027FA08900021304615F0BA
:10BE20005BF883460021304615F071F80446002186
:10BE3000304615F090F805460021304615F028F8F8
:10BE400080460021304615F077F80746002130463D
:10BE500015F033F807F0010107EBD77201EB62012F
:10BE600000F0010200EBD07002EB6000401C491CA6
:10BE70000D2900DB0D2189460D2800DB0D208246AF
:10BE80000D2C00DB0D2427460D2D00DB0D25404633
:10BE9000B8F10D0F00DB0D208046002458E0306B18
:10BEA00000EB041104A806F095F904995846594589
:10BEB00010DC0099BBF10D0F00DB0D20081A04996E
:10BEC000084404900598A8421BDC01980D2D06DA61
:10BED000294605E0009AA2EB0A000844F1E70D218B
:10BEE000411A05980844059009980699C01B801EC0
:10BEF00081420846009923DB08440D2F06DA3946B3
:10BF000005E0019A0146A2EB0900EBE70D21084488
:10BF10000690DDE90720A0EB08000199801E82420F
:10BF2000114411DB4046B8F10D0F00DB0D20084431
:10BF30000790002204A80C9906F0B0FA58B906E060
:10BF4000014401EB0A00E3E701EB0900F0E7641CA0
:10BF5000B06BA042A3D8B06BA04201D14FF6FF74E2
:10BF60000DB02046BDE8F08F10F00F0000D1012089
:10BF700070472DE9F0410D46040001D106F0A6FB03
:10BF80000DB906F0A3FB7CB375B304F13400804611
:10BF900012F0C4FB58B1006861680669304607F0CA
:10BFA0008FFC07462269294630469047C8B129468A
:10BFB00004F1280017F03AFE050016D02969206B1D
:10BFC000084450F8046C404612F0A8FB0246314683
:10BFD000404612F03EFC61682869BDE8F04107F078
:10BFE0006FBC3846BDE8F081FFE70020FAE70000AB
:10BFF0002DE9F05F4FF0000A834605461C461646C1
:10C000000F465046C3F800A006E0E96B226851F8DD
:10C010002010401C11442160B042F6D30020EA6A8F
:10C0200081464FF0040C511E12E000BF07FB0208CE
:10C030006B6B53F8283073B11B78DB070BD006EB22
:10C040000008EB6B0CEB8808401C53F80880C144D7
:10C0500083198B42EAD30021584614F033FE01289D
:10C06000584617D014F098FA2168081A2060002169
:10C07000584614F03AFF216808442060E96B51F8F3
:10C0800026100144A9F101000844A0600020C4F872
:10C0900004A020E014F080FA21680844206058468B
:10C0A00015F065F980460021584614F039FF2268E2
:10C0B000A8EB0201081AA060E96B51F8262002EBF8
:10C0C0000901401A2060E1E7A96B626851F820106D
:10C0D000401C11446160B842F6D30021584614F068
:10C0E00043FF616808446060584614F05BFA616879
:10C0F000081A6060A96B51F827100844401EE060E0
:10C10000BDE8F09F2DE9F05F894693468246002105
:10C1100014F0DFFE05460021504614F0F5FE80467F
:10C120000021504614F014FF04460021504614F03C
:10C13000ACFE0646504615F01AF9411BA1EB080764
:10C14000504614F090F8001B801B8742504605DAD9
:10C1500015F00DF9411BA1EB080003E014F083F882
:10C16000001B801B00EBD0704010DAF8141042194D
:10C170000A44C9F800200219DAF81810BBF1000FC0
:10C180000A44C9F8042001D0CBF80000BDE8F09FB4
:10C190000021822214F0EEBE0021832214F0EABEB8
:10C1A0000021842214F0E6BE032901D2012300E01D
:10C1B0000023C01A03EB430301EB8301891EC1EB8B
:10C1C00041110C23B1FBF3F111446422B0FBF2F2F4
:10C1D000014401EB9001891A4FF4C872B0FBF2F0F0
:10C1E00008440721B0FBF1F201FB1200C0B2704716
:10C1F00010B50446806C002804D1442012F0C0FB26
:10C2000008B1A06410BD06F061FA002010BD000066
:10C210002DE9FC5F5FEA01097DD0856900210627D1
:10C22000688A4FF00C0B1223C0F3080C7EE000BFAD
:10C23000A86801EB8104042650F8242006EB84064C
:10C240009646865BA9EB020296426DD903EB840801
:10C25000002610F808A0BAF1020F13D0BAF1000FAF
:10C2600017D001EB810103EB8101334B10F8018002
:10C2700008214FF0100CB8F1030F19D0BAF1010FDB
:10C280002ED04EE001EB810107EB8101405A861868
:10C2900047E00BEB84040059845C0CB9CE4543D1D4
:10C2A000AB6801EB810107EB8101595A805C37E0F3
:10C2B000ADF80420009301EB84080CEB8402825A51
:10C2C00050F80810022301A81AF0FAFC28B3A96854
:10C2D00051F80820801A07EB84024010895A1FE0A9
:10C2E000ADF80420009301EB84080CEB8402825A21
:10C2F00050F80810022301A81AF0E2FC68B1A968FE
:10C3000007EB840351F80820801A0BEB84024010DD
:10C310008A58C95A02E00CE006E002E032F8100048
:10C320000E183046BDE8FC9F491C89B28C453FF68B
:10C330007FAF0020F6E70000E11F03082DE9F04180
:10C340000D46044600F0CBF8071E17D0B86900214F
:10C350002E1A384614F03CFF0FF0CFFB05460021A3
:10C36000384614F04DFF00EBD07106EB6101284414
:10C3700091FBF0F0E16B814200D8481EBDE8F081EE
:10C3800070B50646002528460BE000BF10F081FE80
:10C39000012820460AD010F03DFEB04200D12546CB
:10C3A000204610F03DFE0400F0D1284670BD00008C
:10C3B000FEB58369806900255B8AC4689B04A06818
:10C3C00026D4830F14D00123B3EB907F2CD11748D0
:10C3D00026688DE80700A068042320F0404231461B
:10C3E00001A81AF06DFCF8B1801B801061681AE09A
:10C3F0000F4826688DE80700A068022320F040421D
:10C40000314601A81AF05CFC70B1801B4010EDE7CA
:10C410006368805C595C39B130B1637B2268491E26
:10C4200011FB0321401E0D562846FEBDC1FE00082B
:10C43000D5FE00082DE9FF4F81B00E461D46174678
:10C440004FF40031019814F016FC00EBD07044104A
:10C450003F1B0198FFF73CFC8046019805F04FFC1C
:10C4600000EB080909F15A0000B21AF0EBFB78431F
:10C470004FEAE0380FFA89F01AF0E4FB7843C7136B
:10C480004FF440394946019814F023FD834649464C
:10C49000019814F039FD00904946019814F058FDB8
:10C4A00082464946019814F0F0FC32682044424428
:10C4B000A2EB0B01091B2960326800994244214418
:10C4C0001144A9607168CA19A2EB0A01091B6960CD
:10C4D000716839440844E86005B0BDE8F08FC06A6F
:10C4E000002802D0002113F0F5BD7047002113F0A1
:10C4F000F1BD70B590F85C1000248A0600D50824C0
:10C50000490601D544F001040546002114F0ACFEB3
:10C510006FF0404188420CD10021284614F05EFCA7
:10C520006FF06041884204D1688D000501D444F069
:10C530000204204670BD10B51446126972B151B1A3
:10C54000622214F017FD2169C0B291F84E1010FB61
:10C5500001F0000A10BD92F84E0010BDBDE8104079
:10C5600014F054BC2DE9F04104460F46618D0020C3
:10C570000426C1F305120FE0E36806EBC0055B5922
:10C58000DD0108D523F07F43BB4204D1E16851F8B7
:10C590003000BDE8F081401C8242EDD84FF0806051
:10C5A00000EBB1204FEAB050608510F47C7F01D1E0
:10C5B00006F08CF8608DC0F30510C100E06817F03C
:10C5C0000FFCE06008B906F081F8608DC0F3051536
:10C5D0006D1E17D06FF003025FEA4203E06802EBC2
:10C5E000C50141585FEAC11C0CD489010AD403EB90
:10C5F000C50C00EBC50184446D1EDCE9000CC1E9EB
:10C60000000CEBD1E068082100EBC50012F0F9FA4C
:10C610000C2012F0B5F9E16841F8350018F07CFB08
:10C62000E26806EBC500115841F080711150E268D4
:10C6300067F317011150E06850F83500A9E7096960
:10C64000006B0844001F70477FB516460A4690F8F5
:10C65000405004462946104609F0A8FA072D27D075
:10C66000082D27D0092D27D00A2D27D00021890099
:10C67000002829D0A26AD268511AB1FBF0F4B44262
:10C6800000DD34460020134E0090029025460190B4
:10C69000681E03906A463521306908F075FB6846CC
:10C6A00005F025FEA0420CDD6D1E002DF0DC0AE039
:10C6B0000221DCE70421DAE71021D8E74FF480718A
:10C6C000D5E7002D02DC002004B070BD0398401CAB
:10C6D000FAE7000078B50020491E01D5401E0C3154
:10C6E0000C2901DB401C0C3901290DD0072091FBDE
:10C6F000F0F200FB121000EBD07121F00101401AA2
:10C70000C0F11F00C0B2704781070CD16421B0FB9B
:10C71000F1F201FB120149B94FF4C871B0FBF1F21B
:10C7200001FB120010B100201C30EBE70120FBE7F9
:10C73000136821B15B1E13600BD4806805E05B1C9D
:10C7400013608068018E8B4203DA006850F8230082
:10C750007047002070472DE9FC4715460E460446F9
:10C7600010F0AAFA10F095FC01280AD0032808D08E
:10C770004FF6FF7005B1286006B130600020BDE8BB
:10C78000FC8710F099FA694610F056FC4FF000084B
:10C790004746C2465DB3204613F0FEFE009900EB0B
:10C7A00001090021204614F08DFA01280DD061699D
:10C7B0002046A9EB0109002114F097FBA9EB000228
:10C7C00000205146C5F800A014E00021204614F0D6
:10C7D000A7FB0146E069411AA1EB0902F0E7E36B10
:10C7E00053F821301844824202DA4FF0010804E085
:10C7F000491C2960E36A9942F1D3EEB1204613F057
:10C80000D1FE01990844A169451A0021204614F07F
:10C81000ABFB2A1A00205146C6F800A009E0A36B22
:10C8200053F821301844824201DA012704E0491C00
:10C830003160236B9942F2D3002018EA070F9ED093
:10C8400001209CE72DE9FF4F81B005460398800841
:10C850001E2800D91F20012787401FFA81F86FEAA0
:10C86000080080B2009095F82A0001F47F0AC0F316
:10C87000C0094FF0FF3600244FF0040B1DE0E968BB
:10C8800001EBC4004268930140D5B9F1000F13D108
:10C89000520111D40BEBC4028958C1F307410904BA
:10C8A000514509D100684168394205D0DDE90312DC
:10C8B00018F00EFA012831D0641C688DC0F3051001
:10C8C000A042DCD822E0EA6852F8340041683942DC
:10C8D0001BD00BEBC40151584A0116D4C1F30742D7
:10C8E0001204524511D1009A1FFA81F919EA020F78
:10C8F0000BD1B14509DDDDE9031218F0E9F9012892
:10C9000003D14846C14508D00646641C688DC0F373
:10C910000510A042D7D8002E03DB012005B0BDE8EA
:10C92000F08F0020FAE72DE9F04742F300061D469C
:10C930000F4681465408761C1AF07FF9A7EB0408CD
:10C9400000FB08F0C71148461AF07CF900FB08F01C
:10C95000C011002F06DD803F39120A1B32442144EA
:10C960002A6005E0803739120A1B2144891B2A609E
:10C97000A960002806DD80380012011B31442044E4
:10C98000696005E080300012011B2044801B696053
:10C99000E860BDE8F0870021812214F0EBBA0000C6
:10C9A0002DE9FF4F87B00746DDE917BA0D46099814
:10C9B0000FF0A3F800EB0B0101EB0A000690FC6AF4
:10C9C0000BEB0A006C43A1460025039055E07A6BFF
:10C9D00052F82410A1B3FB6B0026401E53F825E04B
:10C9E00016E000BF04EB060C52F82CC0BCF1000F9F
:10C9F00012D09CF800C05FEACC7C0DD005EB060895
:10CA00004FF0040C0CEB880C761C53F80C80C644D9
:10CA100006EB050C8445E5D30878800711D5099805
:10CA20000FF06BF800EB0B0106985144814206DDD4
:10CA300009980FF062F800EB0B0101EB0A00069079
:10CA400019E0DDE915020244AEEB0200149ACDE9CB
:10CA5000002000230293DDE9092304A8083118F01F
:10CA600053FF0599039808440699884200DC08465C
:10CA7000344435440690641C6D1CF86A00EB0901CF
:10CA8000A142A4D806980BB0BDE8F08F0021862201
:10CA900014F070BA0021872214F06CBA2DE9FF411E
:10CAA0000C460646002114F096FB05464FF4802103
:10CAB000304614F090FB074628460FF01EF8054656
:10CAC00038460FF01AF807460021304614F09BFB59
:10CAD0000146781900EBD07001EB6005304613F089
:10CAE000C2FBB16900EBD07001EB600005EBD571C2
:10CAF000A0EB610060602844E0606946304613F0B6
:10CB00006FFB009820600298A060BDE8FF81F0B53F
:10CB100085B00446FFF7EAFC06001DD04FF48027DD
:10CB20003946204614F057FB05463946204614F096
:10CB30005EFB0446304611F025F9014600206FF0F7
:10CB40006042CDE90002029023462A4603A818F06D
:10CB5000DBFE039805B0F0BD0020FBE72DE9F041B6
:10CB60001E461446054601F47F07FFF76BFE0128B9
:10CB700029D08A2C02D21848005D05E01748006BC6
:10CB8000A0B1A4F18A01405C10F0010F0ED00FB1EA
:10CB9000002700E06D68EDB1298D33463943224608
:10CBA0002846FFF74FFE01280DD0F3E797B9012C77
:10CBB00001D0022C0ED128680AE0012C05D0C169F1
:10CBC00029B101203160BDE8F0818169F8E7006892
:10CBD0000028F2D10020F6E788CB040878B50020C1
:10CBE0002DE9F04104460D46638D00200422C3F375
:10CBF00005110AE0E66802EBC007F659B70103D554
:10CC000026F07F46AE4202D0401C8142F2D88142DB
:10CC100004D0E16801EBC000BDE8F0814FF0806016
:10CC200000EBB3204FEAB050608510F47C7F01D157
:10CC300005F04CFD608DC0F30510C100E06817F0F1
:10CC4000CFF8E060608DC0F30510401E0DD06FF08E
:10CC50000702E16802EBC00601EBC0033144401E4D
:10CC6000D1E90061C3E90061F3D10821E06811F066
:10CC7000C8FF0C2011F056FEE168086018F04CF86F
:10CC8000E168486840F000704860E16865F31700AB
:10CC90004860E068C0E72DE9F041050001D105F0EA
:10CCA00015FD05F13400064611F051FD0CE0206839
:10CCB0006968006906F004FE074606F009FE38B10F
:10CCC0002146304611F040FD0400F0D1BDE8F0816E
:10CCD0003846FBE72DE9F0474FF0000CDDE9096429
:10CCE000089DDDF82CA0E1466F1EF1B9052A03D09E
:10CCF000062A01D0042A02D10023012D01D00021EF
:10CD000007E001225FF000019C4456F82180491C95
:10CD1000C444A942F8D3ACEB0301072A21D2DFE8CF
:10CD200002F004070B201B130D00C4F8009018E05C
:10CD3000411A01EBD1710CE0411A0BE0411A91FB51
:10CD4000F7F3C4F800900CE0411A91FBF5F303EB04
:10CD5000D3714910216004E0421A691C92FBF1F37F
:10CD6000236000210BE000BF54F8212056F821C0B9
:10CD7000624404EB810C1A44491CCCF80420B942EB
:10CD8000F2D304EB850106EB850251F8041C52F83E
:10CD9000042C114422688A1ABAF1000F0DD0002128
:10CDA00009E000BF54F8213056F82170C31ADB1B8C
:10CDB00044F82130491CA942F4D31046BDE8F0875D
:10CDC0002DE9F0418CB004466946FAF755F908A8F8
:10CDD0001022002111F0E9FE00210E462046122209
:10CDE00014F0C8F805463146204613F0A6FF074662
:10CDF0003146204613F086FF400700D53D44002110
:10CE00002E460F462046102214F0B4F80546394647
:10CE1000204613F092FF80463946204613F072FFF9
:10CE2000800700D54544204613F0B6FB61693144C4
:10CE3000081A0A90204613F0B5FBA1692944081A84
:10CE400000250B9007E0006808AA694650F8250005
:10CE500002F092FE6D1CA068018EA942F3D80098E2
:10CE60000EF064FE01980EF061FE02980EF05EFE78
:10CE700003980EF05BFE0021204614F0EFF9054602
:10CE80000021204613F074FF6FF040418D4201D025
:10CE9000884202D1204615F05FFB00223321204654
:10CEA00016F02DF80CB0BDE8F08100002DE9F84F28
:10CEB00004460120107018701E46174604F1140B2A
:10CEC0006FF0604A4FF000080329204609D013F0A4
:10CED00055FB0025012861D0022866D003286AD1BD
:10CEE00044E013F043FB002501281BD0022820D08A
:10CEF000032824D10021204613F0E5FF0546002138
:10CF0000204613F0FBFF00905846D4F8149005F02B
:10CF1000FDF9411B0098081A00EBD07109EB610183
:10CF20000D440CE00021204613F0CDFF6169451847
:10CF300005E00021204613F0E1FFE1690D1A00230E
:10CF4000D1465246691C2046FEF76AFA484501D18F
:10CF500086F8008000236A1E21492046FEF760FA09
:10CF60003AE000BF87F80080BDE8F88F0021204636
:10CF700013F0E8FF05460021204613F080FF0090E3
:10CF80005846D4F8189005F0B2F9411B0098081AD9
:10CF900000EBD07109EB61010D440CE0002120464B
:10CFA00013F0D0FFA169451805E00021204613F0D9
:10CFB00066FF216A0D1A0023D1465246691C20469D
:10CFC000FEF7B0FA484501D186F8008000236A1EBA
:10CFD00003492046FEF7A6FA4845C3D0C4E700003F
:10CFE000010000E0A0F13001092901D8C8B2704762
:10CFF000612801D32038C0B2A0F14101052901D830
:10D00000373800E00020C0B270472DE9F0470446F1
:10D01000C06A4FF4404106F075F894F83610A08EBF
:10D020000122FFF7C1F80546A06B08B300264FF0B8
:10D0300002084FF00309AF1D4FF4004A15E0A06B42
:10D04000A28E30F8261091420ED108EB8601425C88
:10D0500094F836108A4207D109EB86015246405CAB
:10D06000C119E06A06F018FB761CE06BB042E6D806
:10D07000A08E218E884210D194F8360094F8321098
:10D0800088420AD194F83300AD1D4119E06ABDE829
:10D09000F0474FF4804206F0FFBABDE8F087000089
:10D0A00070B505460EF096F9044628460EF001FAD2
:10D0B000102C0AD10FF000FE0FF0A8FF022804D1B7
:10D0C000BDE8704001481AF069BB70BD3001002016
:10D0D0002DE9F04F05468FB0D5E9016790F821A002
:10D0E0000468C0680E90D5E906B00D90D5E90490AB
:10D0F00008900BA807F04FFA95F82200002828D1D5
:10D10000B9F1000F03D0BAF1FD0F63D288E0BAF194
:10D11000FD0F4FF0000019D21EE000254FF0FF096F
:10D120000CE029465846FEF700FEC0EB002004F84C
:10D13000150004EB45016D1C81F80190B542F0DB50
:10D140000E980D9904448B4408F101008046B842C2
:10D15000E3DB0FB0BDE8F08F8146B842F9DA002575
:10D1600010E029465846FEF7E0FDC0EB002060F3D2
:10D17000070840466AF30F2004EB45010BAA06F0AE
:10D180007DFE6D1CB542ECDB0E980D9904448B447A
:10D1900009F10100E0E7002512E029465846FEF7B4
:10D1A000C4FDC0EB002060F3070819F805104046E5
:10D1B00061F30F2004EB45010BAA06F05FFE6D1C26
:10D1C000B542EADB0D990E988B44089904448944D2
:10D1D0000AF101008246B842DDDBBAE7002515E01E
:10D1E00029465846FEF7A1FDC0EB002060F3070872
:10D1F00019F80520404612FB0AF1090A61F30F20D5
:10D2000004EB45010BAA06F039FE6D1CB542E7DBC5
:10D210000E980D99044408988B4481440298401C50
:10D220000290B842DADB94E72DE9F04F054693B05F
:10D23000D5E9016790F8210005902C68E8680E9008
:10D24000D5E906B00D90D5E90480099095F8220043
:10D2500020B10FA807F0B3F90020CEE00598B8F18F
:10D26000000F04D0FD284FF0000065D28AE0FD28B1
:10D270004FF000001DD222E000252846804610E035
:10D2800001465846FEF760FD04EB8501C0EB002027
:10D29000C8708870487004F8250008F101008046C5
:10D2A0006D1CB045ECDB0E980D9904448B4409F1DC
:10D2B00001008146B842DFDB13B0BDE8F08F814644
:10D2C000B842F9DA4FF0000845460EE029465846C4
:10D2D000FEF73AFDC0EB0020C0B204EB8801059ACE
:10D2E00006F0E7FF08F101086D1CB542EEDB0E9871
:10D2F0000D9904448B4409F10100E0E74FF0000967
:10D300004D460FE029465846FEF71EFDC0EB0020B3
:10D31000C0B218F8052004EB890106F0CAFF09F134
:10D3200001096D1CB542EDDB0D990E988B440999EE
:10D33000044488440AF101008246B842DEDBBBE7C0
:10D340004FF000094D4613E029465846FEF7FCFC15
:10D35000C0EB002018F805200599C0B212FB01F1BE
:10D360000A0A04EB890106F0A4FF09F101096D1C0A
:10D37000B542E9DB0D990E988B4409990444884421
:10D380000AF101008246B842DADB95E74FF0000A65
:10D39000504624E001465846FEF7D6FCC0EB00217B
:10D3A0000098B8F1000F61F3174061F30F2061F3AB
:10D3B000070026D018F80A20059912FB01F1090A86
:10D3C00061F31F60009095F8222004EB8A000FABF8
:10D3D0000099F9F769FA0AF1010A09F10100814699
:10D3E000B042D7DBB8F1000F01D0099988440E98FC
:10D3F00004440D9883440A98401C0A90B842C5DB47
:10D400005AE70599DCE700002DE9F04F044693B098
:10D41000D4E9016790F8218000680090E0681190DD
:10D42000A0690990E0691090D4E904500890606AFE
:10D43000C11700EB517121F00701A0EB010994F82D
:10D44000220008B100200DE12DB1B8F1FD0F4FF021
:10D4500000007DD2CCE0B8F1FD0F4FF000001FD2EC
:10D4600024E000252C460FE021460998FEF77BFCBE
:10D470000028009805EB090102D01FF04BFF01E0E6
:10D48000FAF7D4FD641C6D1CB442EDDB11990098D1
:10D4900008440090109909980844099008F1010087
:10D4A0008046B842DDDB13B0BDE8F08F8246B8425B
:10D4B000F9DA00252C461DE021460998FEF753FCB9
:10D4C00005EB090101908B460098FEF74CFC019991
:10D4D00011FB08F2C8F1FF0110FB0120C0B27F2848
:10D4E0000098594602D91FF015FF01E0FAF79EFD9A
:10D4F000641C6D1CB442DFDB119900980844009055
:10D5000009991098084409900AF10100CEE700BF7C
:10D510004FF00008444621E015F804A02146099880
:10D52000FEF721FC08EB09010A9006910098FEF72E
:10D530001AFC0A9A12FB0AF2CAF1FF0110FB012041
:10D54000C0B27F280699009803D91FF0E3FE02E0DD
:10D5500012E0FAF76BFD08F10108641CB442DBDB52
:10D56000119900980844009010990998084409906E
:10D57000089805440BF101008346B842C8DB92E7E6
:10D580004FF0000A544625E0285D0190F8B121468D
:10D590000998FEF7E8FB0AEB0901CDE90A100098AB
:10D5A000FEF7E1FB019A014612FB08F0020A0B9814
:10D5B0005043C2F1FF0201FB0200C0B27F280A996A
:10D5C000009802D91FF0A6FE01E0FAF72FFD0AF13C
:10D5D000010A641CB442D7DB0099119808440090FA
:10D5E0001099099808440990089805440BF1010026
:10D5F0008346B842C4DB56E74FF0000B584621E0A3
:10D6000001460998FEF7AFFBC0EB0021019861F3DA
:10D61000174061F30F2061F307003DB315F80B20AD
:10D6200012FB08F1090A61F31F600190DDE90002B5
:10D6300094F822300BEB0901F9F7A4F90BF1010B77
:10D640000AF101008246B042DADB0DB108980544C8
:10D65000119900980844009010990998084409907D
:10D660000E98401C0E90B842C6DB1CE768F31F60A2
:10D67000DBE700002DE9F04F054691B0D5E90167E1
:10D6800090F8210005902C68E8680F90D5E906B065
:10D690000E90D5E904800C9095F8220008B1002086
:10D6A000CCE00598B8F1000F04D0FD284FF0000041
:10D6B00064D289E0FD284FF000001CD221E000BFB9
:10D6C0004FF0000845460EE029465846FEF75AFB43
:10D6D000C0EB0020C0B204EB0801059A06F014FE6E
:10D6E00008F101086D1CB542EEDB0F9804440E985A
:10D6F000834409F101008146B842E1DB11B0BDE885
:10D70000F08F8146B842F9DA4FF0000845460EE046
:10D7100029465846FEF736FBC0EB0020C0B204EBAA
:10D720000801059A06F0F0FD08F101086D1CB542EC
:10D73000EEDB0F9804440E98834409F10100E0E702
:10D740004FF000094D460FE029465846FEF71AFBF8
:10D75000C0EB0020C0B218F8052004EB090106F068
:10D76000D3FD09F101096D1CB542EDDB0F980C9951
:10D7700004440E98884483440AF101008246B8426A
:10D78000DEDBBBE74FF000094D4613E02946584663
:10D79000FEF7F8FAC0EB002018F805200599C0B292
:10D7A00012FB01F10A0A04EB090106F0ADFD09F1D3
:10D7B00001096D1CB542E9DB0E990F988B440C9959
:10D7C000044488440AF101008246B842DADB95E756
:10D7D0004FF0000A504623E001465846FEF7D2FAC1
:10D7E000C0EB00210098B8F1000F61F3174061F31E
:10D7F0000F2061F3070025D018F80A20059912FBC5
:10D8000001F1090A61F31F60009095F8222004EBF2
:10D810000A000099F9F7F7F80AF1010A09F1010085
:10D820008146B042D8DBB8F1000F01D00C99884492
:10D830000F9804440E9883440A98401C0A90B842FA
:10D84000C6DB5BE70599DDE72DE9F04F804691B037
:10D85000D8E90160814698F821B0D8F80040D8F89E
:10D860000C000F90D8F818000790D8F81C000E9004
:10D87000D8E904A00B9098F8220008B1002035E107
:10D88000BAF1000F04D0BBF1FD0F70D300276AE09E
:10D89000BBF1FD0F4FF000071CD23FE000252846EA
:10D8A00080460EE001460798FEF77BFAC0EB0020A9
:10D8B000C0B203F064FA24F8150008F101008046B4
:10D8C0006D1CB542EEDB0F980E99044407987F1C3F
:10D8D000084407904F45E1DB11B0BDE8F08F00250B
:10D8E0002846804611E001460798FEF75AFAC0EB39
:10D8F0000020C0B234F815105A4606F05FFC24F838
:10D90000150008F1010080466D1CB542EBDB0F9855
:10D910000E99044407987F1C084407904F45DEDBAE
:10D92000DAE700252846804612E001460798FEF710
:10D9300038FAC0EB0020C0B21AF8052034F81510F0
:10D9400006F03CFC24F8150008F1010080466D1C2F
:10D95000B542EADB0F980E99044407987F1C0844EF
:10D960000B9907908A444F45DBDBB5E7FFE70020C2
:10D9700022E000252F4613E039460798FEF711FAFA
:10D98000C0EB00201AF80520C0B212FB0BF10A0A06
:10D9900034F8151006F012FC24F815006D1C7F1CDD
:10D9A000B542E9DB0F98079904440E9808440B9997
:10D9B00007908A4408F1010080464845D9DB8BE78F
:10D9C00000252846059581E001460798FEF7E9F90C
:10D9D000C0EB0020C0B2019098F82200012814D0BA
:10D9E000022824D003282CD0042899D1019803F0D0
:10D9F000C6F934F81510081A002856DD019803F00E
:10DA0000BEF934F81510081A0FE0019803F0B7F9C1
:10DA100034F8151001444FF6FF70814205D2019889
:10DA200003F0ADF934F81510084480B22FE00198E6
:10DA300003F0A5F934F81510081A0028DEDC0020E0
:10DA4000F3E7019803F09BF934F81510C008C90AF0
:10DA500010FB01F0C006070C019803F090F934F8B0
:10DA60001510C0F38500C1F3451110FB01F08009CA
:10DA700047EA4017019803F082F914F8151000F0F6
:10DA80001F0001F01F0110FB01F047EA5010BAF12E
:10DA9000000F11D01AF80520BBF1FD0F02D212FBC6
:10DAA0000BF10A0A34F8151028E0019803F067F921
:10DAB00034F81510401AB8E7BBF1FD0F1BD300BFB7
:10DAC00024F815000598001D6D1C0590B542FFF661
:10DAD0007BAF0F980E9904440798BAF1000F0844E1
:10DAE000079001D00B998A440698401C069048453F
:10DAF000FFF666AFF0E634F815105A4606F0A0F9C6
:10DB0000DEE700002DE9F04F814691B0D9E90160D0
:10DB1000824699F821000390D9F80040D9F80C000A
:10DB20000F90D9F818000890D9F81C000E90D9E988
:10DB300004B00B9099F8220008B1002070E103981E
:10DB4000BBF1000F04D0FD284FF000077AD2A9E006
:10DB5000FD284FF000071ED248E0002528468046E9
:10DB600010E001460898FEF72BF9C0EB0020C0B288
:10DB700003F010F906F094FD24F8150008F10100F7
:10DB800080466D1CB542ECDB0F98089904440E9852
:10DB90007F1C084408905745DFDB11B0BDE8F08FCB
:10DBA00000252846804618E001460898FEF708F947
:10DBB000C0EB002000F0FF0934F8150006F070FDFE
:10DBC00001464846039A06F029FB06F069FD24F851
:10DBD000150008F1010080466D1CB542E4DB0F988A
:10DBE000089904440E987F1C084408905745D7DBD9
:10DBF000D3E700252846804619E001460898FEF73D
:10DC0000DFF8C0EB002000F0FF0934F8150006F043
:10DC100047FD01461BF80520484606F0FFFA06F0CE
:10DC20003FFD24F8150008F1010080466D1CB54247
:10DC3000E3DB0F98089904440E987F1C08440B9965
:10DC400008908B445745D4DBA7E70025284680463B
:10DC50001DE001460898FEF7B3F8C0EB002000F085
:10DC6000FF0934F8150006F01BFD1BF80510039A98
:10DC700011FB02F10A0A0146484606F0CFFA06F007
:10DC80000FFD24F8150008F1010080466D1CB54217
:10DC9000DFDB0F98089904440E987F1C0844089015
:10DCA0000B9883445745D0DB77E700BF4FF000085F
:10DCB0004046A4E006990898FEF782F8C0EB0020E1
:10DCC000C0B2049099F82200012811D0022827D070
:10DCD00003283BD004288BD134F8180006F0E0FC70
:10DCE0000546049803F056F8281A002823DC67E05C
:10DCF00034F8180006F0D4FC0546049803F04AF8FE
:10DD000029184FF6FF70814208D234F8180006F047
:10DD1000C7FC0546049803F03DF8284485B241E06D
:10DD200034F8180006F0BCFC0546049803F032F8FD
:10DD3000281A002808DD34F8180006F0B1FC054662
:10DD4000049803F027F843E00020E7E734F81800D0
:10DD500006F0A6FCC50A049803F01CF8C00815FBE1
:10DD600000F0C006050C34F8180006F099FCC0F36A
:10DD70004517049803F00EF8C0F3850017FB00F078
:10DD8000800945EA401534F8180006F089FC00F0D7
:10DD90001F07049802F0FEFF00F01F0017FB00F0C1
:10DDA00045EA50150398BBF1000F13D0FD2834F855
:10DDB00018003AD306F074FC01461BF8082013E063
:10DDC000049802F0E7FF054634F8180006F068FCF6
:10DDD000281AA3E7FD2801D3284608E034F81800E4
:10DDE00006F05EFC039A0146284606F029F806F084
:10DDF00057FC24F81800069808F10108001D069049
:10DE0000B045FFF657AF0F980E9904440898BBF140
:10DE1000000F0844089001D00B998B440798401CD0
:10DE200007905045FFF642AFB7E606F039FC0146D1
:10DE30001BF80820039812FB00F0020AD4E7000048
:10DE40002DE9F04F064691B0D6E9017890F821000F
:10DE500008903468F0680F90D6E906B00E90D6E9C5
:10DE600004900D9096F822008A4608B10020BDE08B
:10DE70000898B9F1000F04D0FD284FF000005AD2E5
:10DE80007CE0FD284FF0000018D21DE00025284658
:10DE90000BE001465846FDF7A2FF6119C0EB0020D8
:10DEA0008870487060555544701C0646B842F0DBD7
:10DEB0000F980E9904448B4409F1010081464045B6
:10DEC000E4DB11B0BDE8F08F81464045F9DA002669
:10DED00035460CE029465846FDF781FFC0EB00208F
:10DEE000C0B2A119089A06F0C9F956446D1CBD428A
:10DEF000F0DB0F980E9904448B4409F10100E3E72D
:10DF0000002635460DE029465846FDF768FFC0EB70
:10DF10000020C0B219F80520A11906F0AFF9564447
:10DF20006D1CBD42EFDB0F980E9904448B440D9994
:10DF300005988944401C05904045E1DBC1E7002677
:10DF4000354611E029465846FDF749FFC0EB002051
:10DF500019F805200899C0B212FB01F10A0AA119AB
:10DF600006F08CF956446D1CBD42EBDB0F980E9900
:10DF700004448B440D9905988944401C0590404504
:10DF8000DDDB9EE70020029022E001465846FDF7C7
:10DF900026FFC0EB0020294660F3174160F30F21F4
:10DFA00060F30701B9F1000F24D019F80520089893
:10DFB00012FB00F05FEA102060F31F61029896F8F0
:10DFC00022202044F8F74EFD029850440290681C2D
:10DFD0000546B842D9DBB9F1000F01D00D9989444B
:10DFE0000F980E99044405988B44401C05904045B9
:10DFF000C8DB66E70898DFE70D4900B50A6887B017
:10E0000042F002020A60096801F002010591D0E9BC
:10E01000022111430091112101910121029102215C
:10E02000039140686946F2F711FE07B000BD000099
:10E03000303802402DE9F041074600240121F4F771
:10E040001EFA0025802600213846F4F70BFA02203C
:10E05000FAF796F901213846F4F704FA3846F4F74E
:10E0600009FA10B126FA05F0044300213846F4F706
:10E07000F9F90220FAF784F96D1CEDB2082DE2D30C
:10E080002046BDE8F08110B504460021F4F7F7F909
:10E090000220FAF775F901212046F4F7E3F902208E
:10E0A000FAF76EF900212046F4F7DCF9BDE81040DC
:10E0B0000220FAF765B92DE9F04100240E46074623
:10E0C000802525FA04F131403846F4F7D8F90220CA
:10E0D000FAF756F901213846F4F7C4F90220FAF7A5
:10E0E0004FF900213846F4F7BDF90220FAF748F954
:10E0F000641CE4B2082CE4D3BDE8F08110B50446FA
:10E100000121F4F7BCF90220FAF73AF9012120467F
:10E11000F4F7A8F90220FAF733F900212046F4F7C2
:10E12000A1F9BDE810400220FAF72AB910B504465B
:10E130000121F4F7A4F901212046F4F793F9022014
:10E14000FAF71EF900212046F4F799F90220FAF7B0
:10E1500017F900212046F4F785F9BDE810400220A8
:10E16000FAF70EB910B504460021F4F77BF9002147
:10E170002046F4F784F90220FAF702F9012120463B
:10E18000F4F770F90220FAF7FBF801212046F4F7C2
:10E1900076F9BDE810400220FAF7F2B870B50546EE
:10E1A0000121F4F76CF90220FAF7EAF80121284678
:10E1B000F4F758F90220FAF7E3F82846F4F75AF989
:10E1C000044600212846F4F74DF90220FAF7D8F862
:10E1D000204670BD70B51269049D1E469AB1926CBE
:10E1E000144611B115F018F904464FEA14606DB1E8
:10E1F00078B12946304606F058FA01462046BDE877
:10E20000704006F006BA12F0D9FEEDE708B12046DC
:10E2100070BD29463046BDE8704006F046BA10B5DC
:10E2200002464B68127A097A40684FF0FF348A42FE
:10E2300015D1012A01D05AB10EE0194616F0BEFCE4
:10E24000002809D002DD4FF0010010BD204610BDAE
:10E25000984201D0FAD9F6E74FF0000010BDF5D989
:10E26000F1E770B5C56804461021284607F074FB35
:10E2700010B1284607F0BFFA207A012804D160685F
:10E28000BDE870400DF052BC70BD00002DE9F04FAC
:10E290000C46804687B00C21204610F0C2FC98F84E
:10E2A0001060D8F80C7016B93869002824D00EF028
:10E2B0002DFBDFF818A15FEA000908F1140B1ED04E
:10E2C000012E26D18DF80460009700226946DAF805
:10E2D000200105F051FA050013D005F0E9FA00F12C
:10E2E00008010EC984E80E00446900222946DAF8C4
:10E2F000200105F02DFB204607B0BDE8F08F012E70
:10E3000007D10222394658460DF092FC08B1002090
:10E31000F2E72F48009010F001FA13E0286868B186
:10E32000686858B10022114658460DF0B9FD2B68B7
:10E330002246414628469847012808D02946009899
:10E3400010F0FEF90500E9D1012E16D018E0208961
:10E350000004000CF8D12088C0F30720142808D04E
:10E3600005F0FCFFA18889B24843C01DC008208188
:10E37000EAE7A0880004C00BF9E758460DF004FC5A
:10E38000B9F1000F1CD0012E1AD1CDB18DF8046067
:10E39000384616F029FC0595009094E8070002AB7A
:10E3A000544683E8070000226946DAF8200105F0A8
:10E3B0000AFA010006D00022D4F8200105F0C8FABC
:10E3C000284699E700980DF0B1FBA0E778B500204A
:10E3D00088B6002010B502460B68127909790068EA
:10E3E0004FF0FF348A4215D1012A01D05AB10EE014
:10E3F000194616F0E3FB002809D002DD4FF00100BA
:10E4000010BD204610BD984201D0FAD9F6E74FF072
:10E41000000010BDF5D9F1E70179012902D10068AA
:10E420000DF084BB704700002DE9F04F95B0834696
:10E430001EA8894690E84005B1F84C10ADF81810B8
:10E4400099F84E008DF81A00106B0790506B0890E9
:10E45000244DD06A1C46174660B114B12068A8420A
:10E4600008D1CDE9006806AB49465846D04715B0FB
:10E47000BDE8F08F98E80F000DF1080C8CE80F0054
:10E48000706842423068414202A804F096F804B92C
:10E490000DAC25606560A560E560224602A938469E
:10E4A0000EF004F8054694E80F000DF1240C8CE8FA
:10E4B0000F00D6E9001209A804F07FF8012DD6D18B
:10E4C00009AA414611A803F033FF0028E5D011A99D
:10E4D00009A8CDE9000106AB3A4649465846D0475F
:10E4E000DBE70000010000E02DE9FF4F91B0086B71
:10E4F000DDE91E4B0D4638B9696B4FF480708142DF
:10E5000002D1A96B814201D0012000E000208246A7
:10E51000E86A002801DD012100E000211398894606
:10E52000C06A07690090018900881FFA81F8C0F36A
:10E5300007262C2102A810F078FB95F850008DF8E2
:10E540001C0095F85100CDF8108000F00F008DF8F8
:10E5500030005AEA090011D039EA0A006AD095F869
:10E560004F00022866D82346CDF800B02946139AFA
:10E57000119819F00DFF15B0BDE8F08F4FF00209AA
:10E580000E2E0FD0142E25D0062E05D0152E03D01A
:10E5900095F84F00022844D8CDE9024706948DF83B
:10E5A000146039E0119A21460DA8383203F0C0FEFC
:10E5B0000028E0D0CDE90A4800200897039035F8FC
:10E5C0004C0FADF81D00A8788DF81F008DF8249031
:10E5D000029421E095F84F00022822D8204603F04B
:10E5E00086FE0546204603F091FE08FB00F10098E8
:10E5F0000397089706948088029480B2B1FBF0F0EC
:10E6000000FB057008904FEA5800CDE90A4012203F
:10E610008DF824908DF8140002A9119809F04BF997
:10E62000A9E72346CDF800B02946139A11981AF0AD
:10E630001CFAA0E7CDE9004BDDE913232946119828
:10E6400021F000F997E72DE9F0410446D0F82401C4
:10E650000D4600282CD0296B042250F8317002EBB3
:10E66000C101465895F82000012808D1E06BB84256
:10E6700002D1206CB04202D0204600F0B7FD204607
:10E6800000F07CFF002813D1C4E90D7695F8200036
:10E69000012820460ED000F0A9FD207A60722046A5
:10E6A00000F06CFF002803D1606BE063A06B206476
:10E6B000BDE8F08100F010FCEFE7000070B5284CD9
:10E6C00005460421606D12F095FE00282AD0606D89
:10E6D00011F0BFFD0646D5F8DC0008B111F0B9FD18
:10E6E000864220D11EB1606D0DF05AFC12E0D5F8C3
:10E6F000DC00616D884212D01421226D14F0FFFB02
:10E70000284600F03BFF00280CD1D4E91420132147
:10E7100014F0F5FB284600F031FF002802D1606DAF
:10E72000C5F8DC0070BD88B1D5F8DC305BB1226D76
:10E7300098B115214FEA030014F0E1FB284600F0E0
:10E740001DFF0028EED1002EDFD0CCE7D5F8DC008D
:10E750000028F8D01421226DEEE71421EAE700002A
:10E7600078B500202DE9F0470D46044691F82010B9
:10E77000C07A4FF00009012930D0010708D520F0F8
:10E78000080121F00101C4F81090E17284F814919D
:10E7900094F8148195F8200084F81401E86AC4F80C
:10E7A0001801D4F820A15FEA0A007CD00DF066FCC5
:10E7B000C14E0028706576D095F8200008B1A5F804
:10E7C00034908021706D12F02DFE80F0010795F8D5
:10E7D0002000012805D0002866D012E1000762D48D
:10E7E000D6E7B8F1000F03D0B8F1010F37D008E138
:10E7F000E0682061E96A0A2906D014291AD0132991
:10E800001BD01B291DD086E0706D13F062F920B972
:10E810001021706D12F0EEFD00B1012080465046CF
:10E820000DF026FC38EA0000D7D1002FD5D001200A
:10E83000316D7CE0A88E401E01E0A88E401CA886A9
:10E84000DFE01B2150460DF092FC204600F096FEC2
:10E85000002828D1002FC0D02720316D67E0E07A52
:10E86000C00748D1D4E9030117F06AFFA18D88429F
:10E87000E07A3ED940F00100E072E0686061E86A49
:10E880000A2832D1D6E9140208210EF0D5FE306DE7
:10E8900000F074FE002806D1706D13F01AF938B933
:10E8A0001021706D01E09BE046E012F0A3FD88B1FD
:10E8B00050460DF0EAFB012817D950460DF0D8FB61
:10E8C00080F0010150460DF068FC2021706D14F0BD
:10E8D000B2F80AE04FB1D6E91420082114F00FFB7A
:10E8E000306D00F04BFE00287AD1E07A40F0010054
:10E8F00086E0C00717D06169E06817F021FFE18D5D
:10E9000088427ED9E0686061E96A0A290CD014293E
:10E9100090D0132991D050460DF029FC204600F0EC
:10E920002DFE00285CD16CE0F7B30920316D1EF09C
:10E93000BDFC002854D064E0B8F1010F61D1E86A51
:10E940000A2858D1706D13F0C4F820B91021706DE9
:10E9500012F050FD48B350460DF08AFB0028E07AD3
:10E960004FEAC07042D020B150460DF08EFB012816
:10E9700037D887B10B20316D1EF098FC002861D08C
:10E98000204600F0A7FD00285CD00A20316D1EF063
:10E990008DFC002856D00A2150460DF0E8FB204699
:10E9A00000F0ECFD002801E02BE001E04AD122E07C
:10E9B0002FB10B20316D1EF079FC002842D0E07A97
:10E9C00037EA000004D0204600F084FD002839D04A
:10E9D0008FB10A20316D1EF069FC002832D00AE0A8
:10E9E00030E02021706D14F026F804E018B9012100
:10E9F00050460DF0D2FBC4F81090E07A20F00100F0
:10EA0000E072C6F85490A88E00281BD050460DF036
:10EA10002FFB0028B5F9340028D0002814DA4FF075
:10EA200000060AE04FF0140150460DF0A0FB20460E
:10EA300000F0A4FD002805D1761CB5F93400404251
:10EA4000B042EFDCBDE8F087FCDD002609E01321D1
:10EA500050460DF08CFB204600F090FD0028F1D1CF
:10EA6000761CB5F93400B042F1DCEBE7002811DA8E
:10EA70004FF0000608E050460DF0DAFA204600F0AC
:10EA80007DFD0028DED1761CB5F934004042B0424D
:10EA9000F1DCD7E7D6DD002608E050460DF066FA37
:10EAA000204600F06BFD0028CCD1761CB5F934006F
:10EAB000B042F2DCC6E7000078B5002070B504462D
:10EAC000D0F8D80000287CD194F81101C00778D183
:10EAD0004FF40045D4F8D06003E0304611F022FC3A
:10EAE0000646002E75D02946304612F083FC0028D9
:10EAF000F3D1E06C002801DD014600E04142354DD4
:10EB00002A6D92F82A2091420ADA216D002900DC50
:10EB10004942914204DA0021C4F8F410C4F8F81014
:10EB2000D4F8F4100844C4F8F400226DD4F8F810B6
:10EB300000281144C4F8F81001DD024600E042420A
:10EB40002B6D93F82B309A4206DC002901DD0A4632
:10EB500000E04A429A423CDD94F81121002842F03C
:10EB6000010284F8112101DD024600E04242002941
:10EB700001DD0B4600E04B429A4209DD002894F883
:10EB8000100120F0F00001DD20300AE0103008E034
:10EB900094F81001002920F0F00001DD803000E041
:10EBA000403084F81001102130462A6D14F0A7F986
:10EBB000204600F0E3FC00280BD132461021286DDE
:10EBC00000E006E00EF038FD286DBDE8704000F072
:10EBD000D5BC70BD78B500202DE9F0470E4604463F
:10EBE00091F82010C07A0027012927D0010705D508
:10EBF00020F009002761E07284F81471D4F81881BC
:10EC0000F06AC4F81801D4F820915FEA09007DD0B9
:10EC10000DF034FA5F4D0028686577D0802112F03E
:10EC200001FC80F0010294F8140196F8201084F899
:10EC3000141196F82010012903D003E0000765D4D1
:10EC4000DCE730B1002A03D0012941D000297DD072
:10EC50009CE0E0682061F16A092908D00B290ED0F8
:10EC6000002A34D00A2912D01B291CD027E0002109
:10EC700048460DF092FA48460DF078F922E000215E
:10EC800048460DF08AFA48460DF0D2F91AE00A21FA
:10EC900048460DF06CFA204600F070FC002876D152
:10ECA0000120296D4DE01B2148460DF060FA2046F9
:10ECB00000F064FC00286AD12720296D41E0484615
:10ECC0000DF055FA204600F059FC00285FD15DE0B8
:10ECD00001285BD1F06A0A2805D10220296D1EF0B7
:10ECE000E5FA002853D0E07AC00716D1D4E9030131
:10ECF00017F026FDA18D8842E07A0CD940F0010082
:10ED0000E072F06A0A2841D1E06800E03FE060610B
:10ED10000820296D15E0C00738D06169E06817F058
:10ED20000FFDE18D884231D9E0686061F16A0A29FE
:10ED300005D009299BD00B29C1D1A0E706E0092005
:10ED4000296D1EF0B3FA002821D01FE001281DD143
:10ED5000C6F82C80B8F10A0F13D10B20296D1EF0D4
:10ED6000A5FA002813D0E07AC00704D1204600F0AD
:10ED7000B1FB00280BD00A20296D1EF097FA00285D
:10ED800005D02761E07A20F00100E0726F65BDE8F0
:10ED9000F087000078B5002070B50D460446006A83
:10EDA000496A6164A96AA16490F8001301F007013F
:10EDB000022901D0032909D101686A6A891A491E0A
:10EDC00069624168AA6A891A491EA96290F800130B
:10EDD00001F00701012901D0032906D1D5E9091263
:10EDE000A9624068801A401E6862206A05F05EFED3
:10EDF000206A05F0D3FED4F81C0150B1E26B696AB9
:10EE00008A4203D1226CAB6A9A4202D0AA6A14F0F9
:10EE10009CF9686A6063A86AA063B5F93400C4F815
:10EE2000FC00204600F010F8207A0128204608D087
:10EE300000F0DCF9207A6072606BE063A06B206404
:10EE400070BD00F049F8F5E7F8B5D0F8DC5004469D
:10EE5000002D1AD0D4F8FC00002816D01D4E2846EC
:10EE6000756512F036FE88B1256B0021706D12F0C9
:10EE7000C5F8D4F8FC104543694301F50041081476
:10EE80000090694612201EF011FAF8BDD4F8FC007B
:10EE9000002894F8280000DC4042C4F8D0502065D7
:10EEA00020460DF04BFF0028EFD00021256B12F01B
:10EEB000A5F8D4F8FC104543694301F50041081456
:10EEC000C4F8C400C4F8CC002046BDE8F8400EF0F9
:10EED00089B9000078B500202DE9F041C14D044604
:10EEE000D0F8D0006865E17A09077DD4296D04F176
:10EEF00034070026D1F8208038B1D4F8D810E9B909
:10EF00004FF4005112F076FAC0B93946404618F075
:10EF1000BBFC6865D4F8D80080B1D4F8400128B1B2
:10EF2000B149204602F0EEF9C4F8406120460EF0E7
:10EF30001EFA204600F022FB002855D1686DD4F857
:10EF4000D01088427CD0606BE063A06B2064607A54
:10EF5000002894F8110174D020F0040084F8110105
:10EF6000D4F8E000C8B1696D884216D02246192154
:10EF700013F0C5FF204600F001FB002834D1192111
:10EF80002046D4F8E0200EF057FB204600F0F6FAB9
:10EF9000002829D1686DC4F8E000D4F8D00040B151
:10EFA00003212A6D13F0ABFF204600F0E7FA00289A
:10EFB0001AD1686DC4F8D000686DC4F8D400686DCB
:10EFC000F0B3E0682061E07A20F00100E072C4F85C
:10EFD000B860C4F8BC6094F81001C4F8D86020F0A0
:10EFE000FF0084F8100100E09EE094F81101C4F8DD
:10EFF000F46020F00300C4F8F86084F81101E664BE
:10F000002665607A012817D08021686D12F00AFA0F
:10F0100090F0010F10D0D4F8E000696D884205D05F
:10F020001820296D1EF042F900287DD00120296D9D
:10F030001EF03CF9002877D0286DC17A090701E05D
:10F0400008E08FE070D4FFF739FB204600F096FA15
:10F05000002869D1E16B606B401AE064226CA16BFF
:10F06000891A216594F8B42004EBC202C2E91501A3
:10F0700094F8B410E06804EB8101C1F8940094F8AE
:10F08000B400401C00F0070084F8B400C4F8C0606D
:10F09000C4F8C4605FF0000604EB8600D0F894105A
:10F0A000E06817F04DFB804604EBC6074146786DDB
:10F0B00000F0E4FA54F8C01F084420604146B86DDF
:10F0C00000F0DCFA54F8041F761C084444F8C40924
:10F0D000082EE1DB04F18000D0E91010C4E9321001
:10F0E000E06C002800DC404294F82810884205DCDF
:10F0F000206D002800DC4042884205DD94F81101B3
:10F1000040F0020084F81101686D002867D080216A
:10F1100012F088F990F0010605D00220296D1EF04A
:10F12000C5F800285BD000E059E0286DC07A0007E0
:10F1300055D4D4F8D80008B114F05CF920460EF08C
:10F1400051F8204600F01AFA002848D12046FFF76F
:10F15000B5FC204600F012FA002840D1A07A02281F
:10F1600003D00AE040F00400F8E6606A28B117F026
:10F1700099FB10B1606A17F037FCD4F8D80000286A
:10F180002DD1E07AC0071AD1D4E9030117F0D8FADB
:10F19000296D8A8D90420BD926B108201EF086F881
:10F1A00000281CD0E07A40F00100E072E068606165
:10F1B000D4F8D800002812D1E07AC0070FD06169D6
:10F1C000E06817F0BDFA296DCA8D904207D926B1C3
:10F1D00009201EF06BF8002801D0E0686061BDE8EE
:10F1E000F081000078B5002029F600082DE9F04FE5
:10F1F0000446C07A9C4D99B000074FF0000807D430
:10F20000616BE06B884203D1A16B206C884253D0C4
:10F2100004F1E00605F022FC04F1340118F034FB9F
:10F2200031680746B94227D02246182113F067FEFD
:10F23000204600F0A3F900282FD13A461821204695
:10F240000EF0FAF9204600F099F9002825D122465F
:10F250001921306813F053FE204600F08FF9002882
:10F260001BD11921204632680EF0E6F9204600F045
:10F2700085F9002811D13760E07A00071CD52A6D86
:10F280000321D4F8D00013F03AFE204600F076F9BE
:10F2900030B1E07A20F00800E07219B0BDE8F08FDC
:10F2A000C4F8D080C4F8D480C4F81080C4F81480A6
:10F2B000E07A20F00800E072D4F8D0006865A07A07
:10F2C000D4F8D890022807D1606A28B117F0EAFA7A
:10F2D00010B9606A17F072FB686D00287ED080213B
:10F2E00012F0A0F890F0010F11D00B20296D1DF045
:10F2F000DDFF0028D1D0B9F1000040D00D212A6DEA
:10F3000013F0FDFD204600F039F90028C5D1C4F8FE
:10F31000D080C4F810804046C4F81480B9F10001D0
:10F32000BBD04FF4807B00275E46824602900D469C
:10F33000039028460021702211F01CFE384407B2C9
:10F34000284600216E2211F015FE002800DC012065
:10F350008046284600216F2211F00CFE002800DCB8
:10F36000012006FB08F646F30F26704340F30F28F2
:10F37000284610F0D7FF0500DBD19EB113E094F8CA
:10F3800011014007C3D5E07AC00704D1204600F040
:10F39000A1F8002881D00A20296D1DF087FF0028E0
:10F3A000A8D0B4E70126B8F1000F01D14FF0010851
:10F3B0001FB9D84501D15E451FD0784205B24FF440
:10F3C000803090FBF6F190FBF8F00DF10808CDE9E4
:10F3D000008A0EB207B23B46324600E00DE02946F5
:10F3E00004F1C00014F096FBCDE9008A3B4632469A
:10F3F000294604F1C80014F08DFBB9F1000F8FD03D
:10F40000D4F8400150BB0CB903F060F9684601F034
:10F41000B7FF2146684602F076F84FF4806529462A
:10F42000684602F052F82A460021684602F065F864
:10F430000E49684602F051F80D49684602F03EF860
:10F440000B49684602F03FF84FF0FF31684602F082
:10F4500048F8684602F078F8C4F8400119B0204630
:10F46000BDE8F04F00F08AB878B5002029F6000812
:10F4700065F6000870B50446C07A800726D50025D9
:10F48000C4F8D050C4F8D450C4F8D850C4F8E050F0
:10F490007C3417F05DF944F8700C14F8710C44F8E2
:10F4A0006C5C44F8685CE563256494F8941020F083
:10F4B000130021F00F0184F89410E5656564A564DC
:10F4C000A567E56704F8710C0148456570BD00004B
:10F4D00078B5002070B5044690F80001401C84F80F
:10F4E0000001D4F80C11E06817F02AF9A18D01226F
:10F4F000884215D82078012801D0032812D1616BE9
:10F50000D4F80401A36B401AD4F80811C91A404377
:10F5100001FB010094F8281011FB01F1884201DD84
:10F5200084F80021E068C4F80C0104F582712046DB
:10F530000DF082FD104D0420296D1DF0B7FE00284E
:10F5400018D094F800110322491E91FBF2F302FB3C
:10F55000131149B101290AD002290BD1296D0720C5
:10F56000BDE870401DF0A2BE0520296DF8E7062019
:10F57000296DF5E770BD000078B50020C17A8907D4
:10F5800002D5034A00215165C07AC0F3400070479C
:10F5900078B500202DE9F0410446C07A0D4640F0D0
:10F5A0000200E0721F480026016DA14200D14665AD
:10F5B0002078012801D0022832D11DB1D4F8DC0016
:10F5C000A84201D1C4F8DC60D4F8D0705FB1224603
:10F5D00017213846C4F8D06013F091FC3A46172141
:10F5E00020460EF029F81DB1D4F8D400A84201D16C
:10F5F000C4F8D460D4F8D8705FB1224617213846D9
:10F60000C4F8D86013F07BFC3A46172120460EF070
:10F6100013F81DB1D4F8E000A84201D1C4F8E060AD
:10F62000BDE8F08178B5002010B5040001D103F0E9
:10F630004DF820460DF09BFE94F81001000703D012
:10F64000D4F8D800002809D1D4F84001002805D00A
:10F650002046BDE81040024901F054BE10BD000034
:10F6600029F60008002808D00068002805D00021ED
:10F6700040F8C01F4160C0F880107047002902DDCB
:10F68000632901DB002070474902632291FBF2F1FC
:10F69000C1F500714143C81701EBD05040127047CB
:10F6A0002DE9F041044690F83C0000F003000128E9
:10F6B0003CD1E16AA06BB1FBF0F0216BB1FBF0F241
:10F6C00000FB1211A26B520802FB0011B1FBF0F219
:10F6D000216300FB1211A26B520802FB001161634F
:10F6E0002046002111F077FD05460021204611F04B
:10F6F0008AFD074628460CF000FA0546204610F021
:10F7000045FD06462046FCF7F1FE0246216BE8194E
:10F71000414306EBD67305EBD570BDE8F0415B10B5
:10F72000A3EB6000411A104613F049BEBDE8F0811A
:10F7300010B50446006908B902F0C8FFA06908B90D
:10F7400002F0C4FF606818B902F0C0FF6068B8B189
:10F750002069A8B1A06998B1606804F0C0F8021DE2
:10F7600004F12800216914F07BFA002807D0042155
:10F7700004F134000EF0EFFF02482064012010BDB8
:10F78000002010BD4D8000082DE9F843D0F8D85076
:10F7900004468021284611F02DFE584F7E42D0B1FC
:10F7A000284610F0EBFE01281ED002282BD003289B
:10F7B00039D0C4F8E870C4F8F060284610F0D6FEDE
:10F7C000012848D0022850D0032859D0C4F8E4704A
:10F7D000C4F8EC6075E0334639463A4604F1E4007B
:10F7E000009602F0F7FE66E0A9690023324628463B
:10F7F000491CFBF797FEC4F8E800AA6900233946C4
:10F800002846521E0AE0002332462846296AFBF7A2
:10F8100089FEC4F8E80000232A6A19E0FBF782FE9B
:10F82000C4F8F000C9E705F1140002F060FDA96911
:10F8300000EBD07001EB60080023324608F10101B3
:10F840002846FBF76FFE0023A8F10102C4F8E80088
:10F8500039462846E2E70023324628466969FBF725
:10F86000DFFDC4F8E4006A6908E000233246284658
:10F87000E969FBF7D5FDC4F8E400EA69002314E068
:10F8800005F1140002F042FD696900EBD07001EB54
:10F8900060080023324608F101012846FBF7C0FD4D
:10F8A0000023A8F10102C4F8E40039462846FBF71A
:10F8B000B7FDC4F8EC00D4F8E400B04201D1C4F8BC
:10F8C000E470D4F8E800B04201D1C4F8E870D4F88C
:10F8D000E40008B9C4F8E470D4F8EC0008B9C4F83E
:10F8E000EC60D4F8E80008B9C4F8E870D4F8F00087
:10F8F000002801D1C4F8F060BDE8F883010000E001
:10F9000010B50446006908B902F0E0FEA06908B924
:10F9100002F0DCFE606818B902F0D8FE6068B8B189
:10F920002069A8B1A06998B1606803F0D8FF021DF2
:10F9300004F12800216914F093F9002807D004216C
:10F9400004F134000EF007FF02482064012010BDCE
:10F95000002010BDF3D5020870B50D4C06460020FE
:10F960000D460A4620602421304613F0C8FA20686C
:10F9700058B1017839B1294615F020F928B130463F
:10F98000216816F099FA002070BD012070BD0000BA
:10F99000240200202DE9F0418CB01F4615460E468A
:10F9A000040001D102F092FE204612F0C9F80028AE
:10F9B00039D0AE4237D04FF4B470864201DDA6F59F
:10F9C000B476854201DDA5F5B475E16A0E440D44B7
:10F9D000864201DDA6F5B476854201DDA5F5B47554
:10F9E0000AAA04A92046FCF78DFB3946204611F0EF
:10F9F00042F9804620463946512211F0BBFA06A949
:10FA000008B1012200E00022CDE90058CDE9022131
:10FA10000A98334682B2DDE9040105F065FB06A9C8
:10FA2000204612F02CF80CB0BDE8F08110B588B07B
:10FA3000044606AA04A9FCF765FB6B4604A9204608
:10FA4000069AFCF7F7FC204600F04EFA011E03DD93
:10FA50000246684602F05FFC6946204612F00FF845
:10FA600008B010BDF0B50646A1F57F4089B00F463D
:10FA7000FF384ED0B06BB8424BD9306B00EB07115A
:10FA800004A802F0A7FB6946304610F0A9FB00214C
:10FA9000304611F051FA04460021304611F00DFABB
:10FAA0000546304610F0AAFB04F0DEFF0A2190FB69
:10FAB000F1F2A24201DB90FBF1F490FBF1F2AA42D9
:10FAC00001DB90FBF1F500990498091B08440490B0
:10FAD00001990598491B0844059000990698084427
:10FAE0002044069001990798084428440790306CF8
:10FAF000B8420AD1706B30F81700400505D504A84C
:10FB000002F0F5FB0599081A059004A9304611F09A
:10FB1000B6FF09B0F0BD70B5044690F8700010F063
:10FB2000380F04D0C0F3C20001280AD00AE02046F2
:10FB300011F01DFC0546204610F095FB854201DBC7
:10FB4000012070BD002070BD07E0816821B1498EA1
:10FB5000C1F38121022903D040680028F5D1704704
:10FB60000120704728B10A2803D00D2801D00020B9
:10FB700070470120704700002DE9F74F0D4686B011
:10FB80000446CD4911F043FC00287CD12046FCF707
:10FB900007FB82462046FCF77DFF5FEA000972D032
:10FBA000BAF1000F6FD02046FCF7F6FA0746204660
:10FBB000FCF76CFF804620460021852211F0DAF91F
:10FBC000C6B220460021882211F0D4F9C0B20390B9
:10FBD000296807EB0A006FF0030303EB8000D5F8F8
:10FBE00008C051F8272009585CF800000844A0EB31
:10FBF000020B6A6808EB090003EB8000EB6852F81F
:10FC00002810125818581044401A0290002120461B
:10FC100011F040F8012806D116B1022E02D002E000
:10FC2000022600E0002604F11400019002F06EFBB1
:10FC30000090019802F05BFB8246012E38D0022E24
:10FC40004FD0032E4FF00001204606D011F0A8F847
:10FC5000296851F82710084451E011F0A1F82968EB
:10FC600051F8271000EB01090021204611F098F807
:10FC700006460021204611F09CF83044ABEB000012
:10FC80000090608D00E014E140F40060608503980E
:10FC900001287CD002287BD003284FF000012046A9
:10FCA00032D011F08FF86A6852F828104718B8E07F
:10FCB00000992046ABEB0109002111F071F80646CE
:10FCC0000021204611F075F82968301A00EBD07039
:10FCD00051F8272009EBD971491001EB600010445D
:10FCE0000DE0204611F043FB296851F8272002EB74
:10FCF0000B010E1A0021204611F05BF8301A8146E4
:10FD0000608D20F40060C1E711F05CF86A6852F879
:10FD1000281047180021204611F054F8054600210C
:10FD2000204611F034F802992844A1EB000A608DB6
:10FD300040F480606085204611F019FB00998842EC
:10FD400004D1204610F08FFA504524D0606902900B
:10FD5000A0690390E0690490206A0590204611F0A4
:10FD60006FFEDDE9001002F03FFC5146019802F001
:10FD700036FC204611F064FE02AA3121204613F021
:10FD8000BEF8204610F0CEFA22462A2101E021E0FA
:10FD900039E013F0B4F8204600216C2211F0EAF8A3
:10FDA0000646204600216D2211F0E4F80546204663
:10FDB00011F0DDFA8246204610F055FA3F4A01461E
:10FDC000C6F3417053104FF080584FF0640C012877
:10FDD0002BD035E002980021A0EB0A06204610F057
:10FDE000F1FF07460021204610F0D1FF6A68381A5B
:10FDF00000EBD07052F8281006EBD672521002EBCE
:10FE000060000F180DE0204610F02DFA6A68029984
:10FE100052F8282011440D1A0021204610F0B7FF97
:10FE20002F1A608D20F4806084E726F0C040904255
:10FE300006DC404500DB181A00FB0AF090FBFCF6DC
:10FE4000C5F34170012809D125F0C040904205DC7E
:10FE5000404500DB181A484390FBFCF5089A09EB73
:10FE6000060178199268114462698D1A0899C96867
:10FE70000844A169461A55EA06001AD0204611F036
:10FE8000DFFD606928446061E0692844E061A069A1
:10FE90003044A061206A30442062204611F0D0FD39
:10FEA00009B0324629462046BDE8F04F002311F044
:10FEB0007BBE09B0BDE8F08F01000600FEFFFF1F0A
:10FEC0000A880368934201D0981A704740684988AD
:10FED000401A70470A780368934201D0981A704715
:10FEE00040684978401A70472DE9F0414FF4403698
:10FEF00004463C22314611F03DF805462046422298
:10FF0000314611F037F805443146204611F07CF8AF
:10FF100000283146204602DD11F076F802E011F0AB
:10FF200073F8404205443146204611F073F800282A
:10FF30003146204602DD11F06DF802E011F06AF85A
:10FF40004042054420463822314611F013F8074656
:10FF500020463B22314611F00DF83844854200DD41
:10FF60002846BDE8F08100002DE9F04F064691B02B
:10FF7000D6E90170804696F821B03468F0680F9099
:10FF8000D6E906500E90D6E904A009900CA804F01A
:10FF900002FB96F8220008B10020A2E0BAF1000F9F
:10FFA00005D0BBF1FD0F4FF000004ED26DE0BBF16C
:10FFB000FD0F17D30021FF220FE0002006E02B5C8D
:10FFC00004F8103004EB4003401C5A70B842F6DBD2
:10FFD0000F98491C04440E9805444145EDDB11B0CF
:10FFE000BDE8F08F002081464045F8DA00260AE09F
:10FFF000A95D0CAA61F307006BF30F2004EB460127
:020000040801F1
:1000000003F03CFF761CBE42F2DB0F9804440E98CE
:10001000054409F10100E6E700260CE0A95D0CAA01
:1000200061F307001AF8061061F30F2004EB460194
:1000300003F024FF761CBE42F0DB0F9809990444BC
:100040000E988A44054409F1010081464045E3DBEE
:10005000C5E700260FE0A95D1AF8062061F3070046
:1000600012FB0BF1090A61F30F2004EB46010CAA05
:1000700003F004FF761CBE42EDDB0F98099904449F
:100080000E988A44054409F1010081464045E0DBB1
:10009000A5E7002017E000BF15F80900BAF1000F2E
:1000A00060F3070122D01AF8092012FB0BF0000AB6
:1000B00060F30F2196F8222004EB49000CABF6F711
:1000C000C3FB09F101008146B842E5DBBAF1000F3C
:1000D00001D009998A440F9804440E980544029867
:1000E000401C014602904045D3DB78E76BF30F21BB
:1000F000E0E72DE9F04F064695B0D6E9017080465D
:1001000096F8210006903568F0680F90D6E9064011
:100110000E90D6E904900A9096F8220020B110A81B
:1001200004F04DFA0020B1E00698B9F1000F04D0B8
:10013000FD284FF0000052D271E0FD281DD30022AF
:1001400016E0002108460CE005EB8103265CDE701A
:10015000265C9E70265C5E70235C05F82130401C96
:10016000491CB842F0DB0F98521C05440E98044419
:100170004245E6DB15B0BDE8F08F002082464045E1
:10018000F8DA4FF000094E4608E005EB8901A05D62
:10019000069A04F08EF809F10109761CBE42F4DBE0
:1001A0000F9805440E9804440AF10100E6E74FF069
:1001B000000A564609E019F8062005EB8A01A05D01
:1001C00004F077F80AF1010A761CBE42F3DB0F98BF
:1001D0000A9905440E98894404440BF101008346B2
:1001E0004045E4DBC6E74FF0000A56460DE019F83B
:1001F0000610069811FB00F0020A05EB8A01A05DCB
:1002000004F057F80AF1010A761CBE42EFDB0F98A2
:100210000A9905440E98894404440BF10100834671
:100220004045E0DBA6E74FF0000B584620E014F80D
:100230000A100098B9F1000F61F3174061F30F2025
:1002400061F3070026D019F80B20069912FB01F183
:10025000090A61F31F60009096F8222005EB8B00DD
:1002600010AB0099F6F720FB0BF1010B0AF101002E
:100270008246B842DBDBB9F1000F01D00A9989440C
:100280000F9805440E9804440798401C0790404579
:10029000C9DB6FE70699DCE72DE9F04F054691B021
:1002A000D5E9016790F821000B90D5F800B0E86817
:1002B0000E90D5E906400D90D5E904900790686A44
:1002C000C11700EB517121F00701A0EB010A95F86D
:1002D000220008B10020F4E00B98B9F1000F04D01F
:1002E000FD284FF0000072D2B8E0FD284FF000006A
:1002F0001AD21FE04FF0000845460DE0605D08EBA4
:100300000A017F28584602D91DF004F801E0F7F7EA
:100310008DFE08F101086D1CB542EFDB0E98834499
:100320000D98044409F101008146B842E2DB11B0A6
:10033000BDE8F08F8146B842F9DA4FF00008454633
:100340001DE000BF08EB0A0158460391FBF70BFDC7
:10035000C0EB00208DF81C00605D07A90B9A03F02C
:10036000C5FF9DF81C0003997F28584602D91CF050
:10037000D1FF01E0F7F75AFE08F101086D1CB54204
:10038000E0DB0E9883440D98044409F10100D1E7A5
:100390004FF00008454620E0605D08EB0A010A9135
:1003A0000F905846FBF7DFFCC0EB00208DF82C00C7
:1003B00019F805200BA90F9803F098FF9DF82C0061
:1003C0000A997F28584603D91CF0A4FF02E00EE0EA
:1003D000F7F72CFE08F101086D1CB542DCDB0E9925
:1003E0000D988B440444079904988944401C049058
:1003F000B842CDDB9BE700BF4FF00008454623E045
:10040000605D08EB0A0110900A915846FBF7ABFCBF
:10041000C0EB00208DF83C0019F805100B9811FB7B
:1004200000F0020A0FA9109803F060FF9DF83C004D
:100430000A997F28584602D91CF06CFF01E0F7F7B3
:10044000F5FD08F101086D1CB542D9DB0E990D9838
:100450008B440444079904988944401C0490B84292
:10046000CADB64E700201EE014F808100298B9F116
:10047000000F61F3174061F30F2061F3070024D0F0
:1004800019F808200B9912FB01F1090A61F31F60AA
:100490000290024695F8223008EB0A015846F6F71A
:1004A00071FA08F101008046B042DDDBB9F1000FBE
:1004B00001D0079989440E9883440D980444049808
:1004C000401C0490B842CDDB31E70B99DEE72DE903
:1004D000F04F06468FB0D6E90170804696F82100AD
:1004E00006903568F0680E90D6E906400D90D6E982
:1004F00004900B9096F8220008B10020A3E0069823
:10050000B9F1000F04D0FD284FF0000045D264E09F
:10051000FD2810D3002609E03A46214628460EF071
:1005200089FA0E98761C05440D9804444645F3DB81
:100530000FB0BDE8F08F002082464045F8DA4FF05A
:1005400000094E4608E005EB0901A05D069A03F09C
:10055000DBFE09F10109761CBE42F4DB0E9805446E
:100560000D9804440AF10100E6E74FF0000A5646F0
:1005700009E019F8062005EB0A01A05D03F0C4FEAE
:100580000AF1010A761CBE42F3DB0E980B99054472
:100590000D98894404440BF1010083464045E4DB97
:1005A000C6E74FF0000A56460DE019F80610069807
:1005B00011FB00F0020A05EB0A01A05D03F0A4FEA6
:1005C0000AF1010A761CBE42EFDB0E980B99054436
:1005D0000D98894404440BF1010083464045E0DB5B
:1005E000A6E74FF0000B58461FE014F80A100098D9
:1005F000B9F1000F61F3174061F30F2061F30700B9
:1006000025D019F80B20069912FB01F1090A61F3B4
:100610001F60009096F8222005EB0B000099F6F77A
:10062000F2F90BF1010B0AF101008246B842DCDB62
:10063000B9F1000F01D00B9989440E9805440D982B
:1006400004440898401C08904045CADB70E70699AE
:10065000DDE700002DE9F04F804687B0D8E9017052
:10066000814698F821B0D8F80040D8F80C000190E5
:10067000D8E906600090D8E904A0039098F8220019
:1006800008B1002030E1BAF1000F05D0BBF1FD0F39
:100690004FF0000057D277E0BBF1FD0F4FF00000A4
:1006A00015D21AE00025A84609E000BF16F8080098
:1006B00000F065FB24F8150008F101086D1CBD422F
:1006C000F4DB01980444009806440AF101008246D4
:1006D0004845E7DB07B0BDE8F08F82464845F9DAC8
:1006E0000025A8460CE000BF34F8151016F80800E5
:1006F0005A4603F063FD24F8150008F101086D1C4B
:10070000BD42F1DB01980444009806440AF101005F
:10071000E3E70025A8460CE01AF8052034F8151088
:1007200016F8080003F04AFD24F8150008F1010846
:100730006D1CBD42F0DB01980399044400988A4483
:1007400006440BF1010083464845E2DBC2E7002581
:10075000A8460FE01AF8051011FB0BF0020A34F856
:10076000151016F8080003F029FD24F8150008F10B
:1007700001086D1CBD42EDDB01980444009806445D
:10078000039882440298401C02904845DFDBA1E7B1
:10079000002528460595029498E0305C98F82210D0
:1007A0004FEAD00E8008012925D002294FD0032915
:1007B0006AD004298ED1029931F81520CEEBD221CE
:1007C000002901DCAEEBD2214FF6FF7303EAC12C06
:1007D000C2F345110B1A002B00DC431A02F01F0173
:1007E0000CEB4310A1EB0E0280B2002A01DCAEEB51
:1007F000010210441CE0029931F815100EEBD122D1
:100800001F2A00D31F224FF6FF7303EAC222C1F34F
:10081000451318443F2800D33F2002EB401082B21A
:1008200001F01F0101EB0E001F2800D31F20104410
:1008300080B2BAF1000F40D01AF80520BBF1FD0FCD
:1008400002D212FB0BF10A0A34F8151054E0029997
:1008500031F81510CEEBD122002A00DC00224FF631
:10086000FF7303EAC222C1F34513181A002800DC03
:10087000002002EB401082B201F01F01A1EB0E003C
:100880000028D4DC0020D2E7029931F81510CB0AF9
:1008900013FB0EF253094FF6FF7202EAC322C1F3B3
:1008A000451313FB00F0800902EB401001F01F021A
:1008B00012FB0EF100EB5110BAE7BBF1FD0F18D39C
:1008C00024F815000598001D6D1C0590BD42FFF62B
:1008D00064AF0198BAF1000F04440098064401D0B7
:1008E000039882440498401C04904845FFF650AF9A
:1008F000F0E634F815105A4603F0A2FAE0E70000DB
:100900002DE9F04F804687B0D8E90170814698F80C
:1009100021B0D8F80040D8F80C000190D8E9066062
:100920000090D8E904A0039098F8220008B10020B4
:100930004AE1BAF1000F05D0BBF1FD0F4FF0000006
:1009400065D28AE0BBF1FD0F4FF0000017D21CE02A
:100950000025A8460BE000BF16F8080000F01AFAC0
:1009600003F09EFE24F8150008F101086D1CBD423D
:10097000F2DB01980444009806440AF10100824623
:100980004845E5DB07B0BDE8F08F82464845F9DA17
:100990000025A84612E000BF34F8150003F080FEE1
:1009A00016F8083001465A46184603F037FC03F0A3
:1009B00077FE24F8150008F101086D1CBD42EBDB41
:1009C00001980444009806440AF10100DDE700257F
:1009D000A84612E034F8150003F062FE16F808305D
:1009E00001461AF80520184603F018FC03F058FEDB
:1009F00024F8150008F101086D1CBD42EADB0198DE
:100A0000044400980644039882440BF10100834695
:100A10004845DCDBB6E70025A84614E034F81500AD
:100A200003F03EFE01461AF8050010FB0BF0020A27
:100A300016F8080003F0F2FB03F032FE24F815006C
:100A400008F101086D1CBD42E8DB019804440098E0
:100A50000644039882440298401C02904845DADB21
:100A600090E739462046029409F06AFC00252846A2
:100A700004959BE0305C98F822104FEAD00E800875
:100A8000012927D0022951D003296CD00429C1D1D2
:100A9000029931F81520CEEBD221002901DCAEEB12
:100AA000D2214FF6FF7303EAC123C2F3451CACEB1E
:100AB0000001002901DCA0EB0C0103EB411081B225
:100AC00002F01F00A0EB0E02002A01DCAEEB0002D8
:100AD00050181CE0029931F815100EEBD1221F2A94
:100AE00000D31F224FF6FF7303EAC222C1F345135E
:100AF00018443F2800D33F2002EB401082B201F09F
:100B00001F0101EB0E001F2800D31F20104480B2EC
:100B1000BAF1000F40D01AF80520BBF1FD0F02D248
:100B200012FB0BF10A0A34F8151055E0029931F85E
:100B30001510CEEBD122002A00DC00224FF6FF7305
:100B400003EAC222C1F34513181A002800DC002072
:100B500002EB401082B201F01F01A1EB0E00002851
:100B6000D4DC0020D2E7029931F81520D30A13FB18
:100B70000EF14B094FF6FF7101EAC321C2F3451391
:100B800013FB00F0800901EB401002F01F0212FB82
:100B90000EF100EB5110BAE7BBF1FD0F19D300BF06
:100BA00024F815000498001D6D1C0490BD42FFF64A
:100BB00061AF0198BAF1000F04440098064401D0D7
:100BC00003998A440598401C05904845FFF649AFB3
:100BD000D8E634F815105A4603F032F903F060FDF8
:100BE000DEE700002DE9F04F06468FB0D6E9017030
:100BF000804696F8210005903568F0680A90D6E99D
:100C000006400E90D6E904900C9096F822008B4690
:100C100008B10020ADE00598B9F1000F04D0FD281F
:100C20004FF000004DD26CE0FD2819D3002112E0F6
:100C30000022104608E0AB18265C9E70265C5E70B1
:100C4000235CAB545A44401CB842F4DB0A98491C5C
:100C500005440E9804444145EADB0FB0BDE8F08F2F
:100C6000002082464045F8DA4FF000094E4607E082
:100C700005EB0901A05D059A03F000FBD944761C41
:100C8000BE42F5DB0A9805440E9804440AF10100BF
:100C9000E7E700BF4FF0000A564608E019F80620C3
:100CA00005EB0A01A05D03F0E9FADA44761CBE42C6
:100CB000F4DB0A980C9905440E988944044406987C
:100CC000401C06904045E5DBC7E700BF4FF0000A37
:100CD00056460CE019F80610059811FB00F0020AC0
:100CE00005EB0A01A05D03F0C9FADA44761CBE42A6
:100CF000F0DB0A980C9905440E9889440444069840
:100D0000401C06904045E1DBA7E70020039022E06D
:100D100014F80A100098B9F1000F61F3174061F35D
:100D20000F2061F3070028D0039919F801200599D5
:100D300012FB01F15FEA112161F31F60009003983B
:100D400096F8222028440099F5F78CFE0398584421
:100D500003900AF101008246B842D9DBB9F1000FD5
:100D600001D00C9989440A9805440E9804440698C9
:100D7000401C06904045C8DB6FE70599DCE700F0B2
:100D8000F801090200F0FC0201EBC20101EBD00006
:100D900080B2704700F0F801090200F0FC0201EB9C
:100DA000C20101EBD00080B2704770B505460AF071
:100DB00011FB044628460AF018FB06460FF0B2FA6B
:100DC0000546322C01D0312C0BD1002130460DF0DC
:100DD0008DFB284618F04AF82846BDE870401CF004
:100DE0000BBC70BD2DE9F0438DB007461D4616467D
:100DF00089460846DDF850800FF026FA0446414641
:100E000048460FF0EDF922461146404601F083FABC
:100E100007F13404022E05D0012E32D000200DB08F
:100E2000BDE8F08398E80E00D8F80C0003908DE838
:100E30000E0000226946484610F01FFA6A46214615
:100E400004A801F075FA0028E9D004AC94E80F007A
:100E500008AC84E80F00022208A9484610F00DFAF9
:100E600008A94246084601F063FA0028D7D094E862
:100E70000F0085E80F0005221146284601F04BFAC5
:100E80000AE042462146684601F052FA0028C6D0E0
:100E90009DE80F0085E80F000120C0E7F8B5044683
:100EA00014300E46074601F022FA0546384601F096
:100EB0002DFA0096024694F84C102B46206804F058
:100EC0004AFE002803D1BDE8F84001F0FFBBF8BDA1
:100ED00070B504460FF016F90646002506E0A06836
:100EE000006850F82500FFF7F3FF6D1CB542F6D3FC
:100EF000608DC1070CD020F001006085204611F004
:100F00002BFB204611F03EFA16B120460DF0BAFB3D
:100F1000608D810708D520F0020060852046BDE87D
:100F20007040002110F035BF70BD00002DE9F04782
:100F30008046089D1F46A86A00FB01F39B1200280B
:100F400007DD934207DD00BF95F8340080070DD41C
:100F50008BE09342F8DBCB1943439B12002808DD5A
:100F6000934239DA95F8340080077ED40120BDE839
:100F7000F0879342F6DC686A521C504340F39500B8
:100F80000312C0B2FF22002828D000BF2E6BC0F190
:100F9000FF0404FB06F4A2EB242600BFA3EB01042C
:100FA000A14636D0002C15DBBC4213DAC0F1FF009D
:100FB000C6F1FF014843A2EB6020C1B295F83400AE
:100FC000800701D5C1F1FF0118F8040016F015F9EA
:100FD00008F80400641C1CE0686ACEE74FF0FF06C6
:100FE000DCE7002C10DBBC420EDAA6EB6000C1B2DD
:100FF00095F83400800701D5C1F1FF0118F804000D
:1010000016F0FBF808F80400286B641C361ABC4282
:1010100002DA286BB042E4DBBC4218DA002C16DBA3
:10102000686A704380127043C0F34721A86A0028A1
:1010300001DAC1F1FF0195F83400800701D5C1F153
:10104000FF0118F8040016F0D8F808F8040095F825
:101050003400800707D54946B94506DC00290DDB79
:10106000404609E001E0641C01D500207FE7BC4256
:1010700004DC391B08EB04000DF0DFFD022076E7ED
:101080002DE9F05F06460A9F8A461D46786A00FBF6
:1010900002F18C12002800DD641C97F834305445AE
:1010A00002DA980707D4D5E08C120AEB050CA445A8
:1010B00002DA98077ED483E0521C424341F3950143
:1010C00042F395044FEA2129221204F0FF08C9B225
:1010D000A9EB0A04914505D0002803DA11B9FF21D4
:1010E0009146641E914528D1002C0CDBAC420ADAF3
:1010F00001EB08004108980701D5C1F1FF01305DFF
:1011000016F07BF8305597F83400641C800706D53C
:10111000A9EB0A01A9424DDA8EE030460AE0AC4262
:1011200000DD2C46002C45D006DD00BFA5EB0401F8
:1011300006EB04000DF081FD89E04FF0FF0B002865
:1011400044DAB86A404248434FEAA028002C0DDB3D
:10115000AC420BDA08FB01F0C0F34721980701D538
:10116000C1F1FF01305D16F048F83055796AA8F1F9
:10117000FF0041438812641E11D4AC420FDAC8F15B
:10118000FF014143ABEB6120C1B297F83400800707
:1011900001D5C1F1FF01305D16F02FF8305597F8F9
:1011A0003400A41C800709D5A9EB0A01491EA942F5
:1011B0004DDC00E04EE00029AFDC48E0AC4202DD4F
:1011C0000120BDE8F09F002CB0DA40E0C1F1FF0043
:1011D000B96A41434FEAA128002C0EDBAC420CDA7D
:1011E00000FB08F0ABEB6020C1B2980701D5C1F15C
:1011F000FF01305D16F001F83055796AC8F1FF0043
:1012000041438912641C0ED4AC420CDA4843C0F34B
:10121000472197F83400800701D5C1F1FF01305D07
:1012200015F0EBFF305597F83400641C800707D5A4
:10123000A9EB0A01A9420DDC0029BFF66EAF06E05A
:10124000AC4200DD2C46002C04D03FF76FAF4FF0CE
:101250000200B6E74FF00000B3E7FEB5C46A0BF03A
:101260002BFD05460BF015FF04280CD1216C204600
:1012700061640EF0EEFF06460AF0FAFE18B1002196
:1012800030460AF08AFF28460BF003FF012804D0FD
:1012900028460BF0FEFE032809D1694628460BF0CC
:1012A000CBFE20460199FBF749F820646064204694
:1012B00009F002FD206B10B9204610F0C1FB206C34
:1012C000029002AA2321204611F019FEFEBD000063
:1012D00010B5602109480DF03EFA00221E21084891
:1012E00015F05EFA054CAC3CC4F8A800A434F2F743
:1012F00063FE00202070607010BD000024B6002046
:10130000214000082DE9F04105460F480E46002413
:10131000074616E00168A94200D01DB94168B142F4
:1013200009D046B1014638460DF00AFA0028F1D13D
:101330002046BDE8F08118F009FAF2F73DFE0124DD
:1013400038460DF0EBF9F1E724B6002070B50546FC
:101350000A480C4606460DF0E1F90BE00168A94287
:1013600004D14168A14207D0002C05D00146304687
:101370000DF0E6F90028F1D170BD000024B6002080
:1013800010B50446602200210DF00FFC4FF4FA70F6
:101390002063002060626420E062012060640448F1
:1013A000206294F85C0040F0100084F85C0010BDEE
:1013B000211401082DE9F84304464FF480601746D4
:1013C00000901E46D4E90C2088460023089D19464B
:1013D0000DF0EAFA33463A464146009503F0A4F987
:1013E000626AE16A891A414302EBA120BDE8F883F1
:1013F00008B5B0F94E200092B0F94C30B0F94A204F
:10140000B0F94810FFF7D6FF08BD08B54FF480616A
:101410000022009140F251231146FFF7CBFF08BD97
:1014200038B504464FF480600090D4E90C200023C6
:1014300019460DF0B9FA626AE16A891A414302EB72
:10144000A12038BDD0E90C128A4201DBC06A704786
:10145000406A704730B5002822DA8B1A002B00DC76
:10146000531A64225343C0F30901B3FBF1F1C0F3F3
:101470000953C0F38922C0F3095000EB800003EB4D
:1014800083034000B1EB430F01D20C4600E0044659
:1014900002EB8205B4EB450F03D202EB8200400061
:1014A00030BDB1EB430FFBD2084630BD10B5029CF6
:1014B00020F8481F83804280C48010BD01617047BE
:1014C000494241637047416170470163704710F8BA
:1014D0005C2F61F304120270704741607047016233
:1014E0007047416470470164704781637047C1630E
:1014F0007047C1607047C161704741624FF0004161
:10150000C0E90A1270470160704710B542F21074CA
:1015100042F2F673A04200D91846A14200D91946FA
:10152000A24200D91A460A23401D491D521DB2FB92
:10153000F3F2B1FBF3F1B0FBF3F0120502EB812102
:10154000084400F1004010BD70B5054690F85C00FD
:10155000C00606D5686808B9A86810B1284618F012
:1015600039F922480DF0FFF804003BD060222946EB
:101570000DF060FA2868A84200D124601B48AC38FE
:1015800090F8A51014F85C0F61F3820004F80C09C0
:1015900015F0DEF844F80C0B207820F0010004F878
:1015A0005C09C0061AD5A16939B120468847616A2D
:1015B00001446162E16A0844E062204618F0E0F903
:1015C000216A20468847A062626801460AB1206805
:1015D0009047A26812B12046A16A9047F2F7ECFC4E
:1015E000204670BD01F072F8002070BD24B60020C6
:1015F00070B516460D46040001D101F067F8D4E934
:101600000E23981A4FF4B471934239D002E000BF10
:1016100000F5B4700028FBDB02E000BFA0F5B47059
:101620008842FBDA00B9084685420EDC00EBD07038
:10163000B5EB600FE06C02DA40F0080001E020F04A
:101640000800E06440F0100017E0C0F5B471B1424A
:1016500003DCE06C40F00800F4E7C5F5B471B1427A
:1016600003DCE06C40F0080005E03044A84207DBF2
:10167000E06C20F0080020F01000E064012070BD54
:10168000002070BD10B50C4687212D22C4E90E1232
:101690000020C4E90B0149006163E16C21F00601FF
:1016A000E16413492164E16C606441F00801642045
:1016B000C4E9120121F00100E0641001206515F079
:1016C00047F86065606BA065E06C022120F01000B7
:1016D000E06420460DF024FD4FF44471204611F0E3
:1016E00037F92046BDE810400D2111F029BC00005B
:1016F0000080FFFF10B5014603480EF0ABF804462A
:101700000EF010F9204610BD3CCD04082DE9F04341
:10171000B1B0044609F069FE0546204609F0AAFE6C
:1017200080462BAA29A92846FAF7ECFC2B9800281A
:101730001CDD684603F0C1FC6A4600212846CDF84E
:1017400010800FF0A5FEDDE92901CDE90B01A96BA1
:10175000E86A08440990E96BE86A08440A902B9803
:10176000ADF838006946404603F078FC4FF4003984
:10177000494628460FF0ADFB0746494628460FF07C
:10178000C3FB0646494628460FF0E2FB044649469D
:1017900028460FF07AFBB74201DD394600E03146BA
:1017A000844201DD224600E00246914205DDB74257
:1017B00001DD384604E0304602E0844200DD204688
:1017C0002B990C1A002C1BDD684603F076FC6A4648
:1017D00049462846CDF810800FF05AFEDDE9290170
:1017E000CDE90B01D5E90B0108440990696BE86A62
:1017F000ADF8384008440A906946404603F02EFC94
:101800002CAB29A928462B9AFAF714FE0FA805F04D
:101810000DFE0FAA4FF440312846CDF84C800FF052
:101820004BFF2CAA0FA9404605F0F8FB31B0BDE8EC
:10183000F08300002DE9F04F89B08A46FC480EF095
:1018400033FC01287ED1504609F0C4FD05465046C0
:1018500009F0CBFD04464FF0640B4FF4B479022D30
:1018600013D00B2D6FD0032DFCD0112D6CD0122D69
:101870006BD0162D6AD01B2D69D01D2D62D109B0F9
:101880005046BDE8F04FFFF741BF0BF015FA0500D9
:1018900058D00BF0FEFB012854D101A928460BF0CB
:1018A000CBFB05AA03A92046FAF72CFC0399019863
:1018B000401A019002990498081A029094F84C007A
:1018C000C00731D14FF4003120460FF0D4F905465E
:1018D00005984FF48031401B059020460FF08AFD9B
:1018E0000028059806D1C11700EB9171B5EBA10F47
:1018F00000DA8D10401B0590012801DA01200590C7
:101900000198029A404302FB02010598404381423C
:1019100006DDE06C40F00101E16414F019FF606540
:1019200094F84C00C0070DD0019810B90298002817
:1019300008D0D4E90E06864201DA06F5B476DDE970
:10194000011005E0ACE0C3E0DCE001E10AE174E194
:1019500000F0F6FEE16A401AA16B451A02E000BFF2
:1019600005F5B475002DFBDB4846854202DBA5F585
:10197000B475FAE705984FF41D714843B0FBFBF7C7
:10198000142003F0FDFA4FF4B4714843B0FBF7F2B2
:1019900094F84C002946C0F3C0072046FFF728FE04
:1019A00000287DD0A06BA26D311AA2EB0008A5EB38
:1019B0000800002801DD024600E042424FF48C732B
:1019C0009A4205DD94F84C20120709D5002508E05D
:1019D000E26C5FEAC26C04D4120701D54D4200E00C
:1019E0000D4677B1E16C0A071ED4CA061CD4002844
:1019F00000DC4042984217DD67F3C3010025E16433
:101A000012E08FB9E26C5FEA027C0DD55FEAC26C2E
:101A10000AD4002800DC4042C0F5B470984203DDCF
:101A200067F3C3020D46E264A5EB0805606D14F090
:101A300089FE216D41434FF47A70B1FBF0F085428D
:101A400002DC4042854200DA0546D4E91132A16B3E
:101A5000D01A771AFF0097FBF0F0001DC717454416
:101A600000EB177005EB2010256C009208443246FD
:101A70000CF09AFF064694F84C00C0F3410002288F
:101A800003D1A06C811B606C0E18204600F03FF95A
:101A9000B04211D014F05CFE60653146204600E093
:101AA00013E000F064FAAE4206D000222321204663
:101AB00011F025FA012808D1606CB04202D0A06C68
:101AC000B04202D114F044FE606509B0BDE8F08F69
:101AD000E06C20F001012046E1640EF0BAFB0546FF
:101AE0000AF0C6FA04460BF0E7F80BF0D2FA042825
:101AF000EBD1002CE9D009B02846BDE8F04F002119
:101B00000AF04BBB504609F0A9FC256C214613286E
:101B100006D0112804D0142807D0122805D00CE0D4
:101B2000084600F0F4F8401C03E0084600F0EFF827
:101B3000401E0146204600F01AFA206CA842C4D08C
:101B400009B02046BDE8F04F0022232111F0D7B99B
:101B5000504609F0A2FC06462046256C00F0D7F856
:101B60008119E7E7504609F096FC054603AA01A94A
:101B70002046FAF7C7FAA068002600B1866A00215D
:101B800020460FF078F8804603993044081A0299ED
:101B900003900144009101990B1802990A1A0199C6
:101BA000091A04A800F016FD47F6FF7204A8296878
:101BB00000F074FC4FF0000AC8BB2868019A016865
:101BC0004068891A029A801A00F0BAFDE16A401A48
:101BD000A16B471A02E000BF07F5B477002FFBDBCB
:101BE0004846874202DBA7F5B477FAE703984FF43B
:101BF0001D714843B0FBFBF9142003F0C1F94FF409
:101C0000B4714843B0FBF9F239462046FFF7F0FCC7
:101C100068B108EB4602114604A800F07CFB47F6C9
:101C2000FF7204A8296800F039FC28714DE701E033
:101C30003CCD040885F804A047E700210FF049F9DE
:101C40000746002120460FF05FF906460021204696
:101C50000FF07EF90546002120460FF016F9B74235
:101C600001DD394600E03146854201DD2A4600E0CB
:101C70000246914205DDB74201DD384604E03046B8
:101C800002E0854200DD284680464FF4403949464F
:101C900020460FF01EF90746494620460FF034F95A
:101CA0000646494620460FF053F905464946204668
:101CB0000FF0EBF8B74201DD394600E031468542CE
:101CC00001DD2A4600E00246914205DDB74201DD12
:101CD000384604E0304602E0854200DD2846801C9C
:101CE000A0EB08052046FEF7FFF84419504609F01E
:101CF000D2FB0168A14200DD0C460460E5E610B5A8
:101D0000040001D100F0E2FCB4F95C0010BD10B594
:101D1000040001D100F0DAFC206C10BD70B50C4657
:101D20000546114600F07CF821462846BDE8704083
:101D300000F0E5B870B50C460546114600F006F80F
:101D400021462846BDE8704000F035B870B50C4615
:101D5000050001D100F0BAFCB4F5B47F01DDA4F5B3
:101D6000B474D5E90E10421AA4EB010101D502F5B5
:101D7000B472002901DA01F5B4718B1A002B00DC72
:101D8000531AB42B03DD28460FF05AFE0DE09142A2
:101D900003DA00230246214604E08A4205DA0023E2
:101DA000224601462846FDF7F5FD2846EC63BDE8CE
:101DB000704021F002B870B50C46050001D100F06A
:101DC00085FCB4F5B47F01DDA4F5B474D5E90E014A
:101DD0000A1AA1EB040101D502F5B472002901DA57
:101DE00001F5B4718B1A002B00DC531AB42B03DD00
:101DF00028460FF025FE0DE0914203DA002322462B
:101E0000014604E08A4205DA0023024621462846BC
:101E1000FDF7C0FD2846AC63BDE8704020F0CDBFA3
:101E200070B50C46050001D100F050FCB4F5B47F4C
:101E300001DDA4F5B474D5E90C10421AA4EB01013C
:101E400001D502F5B472002901DA01F5B4718B1ADB
:101E5000002B00DC531AB42B03DD28460FF0F0FDF5
:101E60000DE04FF40033914202DA0246214603E0CE
:101E70008A4204DA224601462846FDF78BFD2846B1
:101E8000FDF7D4FD28466C63BDE87040FDF7CEBD7C
:101E900070B515460E46040001D100F017FC606CC9
:101EA000B04202D1A06CA8420ED0C4E91165206CEA
:101EB000B04200DA2664206CA84200DD256420468A
:101EC000BDE8704020F079BF70BD000070B50C46D1
:101ED000050005D100F0FAFB02E000BF04F5B47480
:101EE000002CFBDB4FF4B470844202DBA4F5B47425
:101EF000FAE72846EC62BDE870400FF0A1BD70B56E
:101F00000C46050001D100F0E1FBB4F5B47F01DD22
:101F1000A4F5B474D5E90C010A1AA1EB040101D5AA
:101F200002F5B472002901DA01F5B4718B1A002BA5
:101F300000DC531AB42B03DD28460FF081FD0DE0C1
:101F40004FF40033914202DA2246014603E08A420E
:101F500004DA024621462846FDF71CFD2846FDF717
:101F600065FD28462C63BDE87040FDF75FBD70B588
:101F70000C46050001D100F0A9FB296CA1420FD04D
:101F8000A86CA04200DA0446686CA04200DD04465A
:101F9000A14205D028462C64BDE8704020F00DBF5A
:101FA00070BDF0B50D688C68D1F80CE0641BD0E909
:101FB00000654F68DDF814C0AEEB0707162A75D22E
:101FC000DFE802F0C7C71A272D2F454D5D0B656767
:101FD000757B7D8F97999B9DA1BD8268A2EB060EB4
:101FE0000EF1010E621C0EEBDE7E4FEA6E0E02EB6E
:101FF000D272AEEB620233E08068821B601C521C1E
:1020000002EBD272521000EBD070A2EB6002002003
:102010008AE08068621C801B401C821AF7E700225D
:102020000DE08268A2EB060E0EF1010E621C0EEBB3
:10203000DE7E4FEA6E0E02EBD272AEEB6202C06839
:1020400007F1010E401B401CA0EB0E006CE0826803
:1020500004F1010E921B521CA2EB0E02EFE70022CC
:10206000C068A0EB050E0EF1010E781C0EEBDE7EB3
:102070004FEA6E0E00EBD070AEEB600054E0826869
:1020800004F1010E921B521CA2EB0E02E8E70022A3
:102090000AE08068821B601C521C02EBD272521054
:1020A00000EBD070A2EB6002F8433DE051E08068A5
:1020B000621C801B401C821AF6E700220DE0826839
:1020C000A2EB060E0EF1010E621C0EEBDE7E4FEA55
:1020D0006E0E02EBD272AEEB6202C068401B401C77
:1020E00022E0826804F1010E921B521CA2EB0E0248
:1020F000F3E7E2438BE7E243B2E7E2439FE780681E
:10210000821B00200FE08268C068921BA0EB050EC6
:102110000EF1010E781C0EEBDE7E4FEA6E0E00EB28
:10212000D070AEEB6000521C324428441A44604424
:10213000C1E9002022443844C1E90220F0BD826890
:10214000C068921B401B07F1010E401CA0EB0E0063
:10215000E9E700225BE70A6802604A6842608A6831
:102160008260C968C16070470A6802604A6842605C
:102170008A688260C968C16070470A6802604A68FC
:1021800042608A688260C968C16070470A680260FC
:102190004A6842608A688260C968C16070470A689C
:1021A00002604A6842608A688260C968C16070479C
:1021B0000A6802604A6842608A688260C968C160D1
:1021C00070470A6802604A6842608A688260C9682B
:1021D000C16070470A6802604A6842608A6882602B
:1021E000C968C16070470A6802604A6842608A68CC
:1021F0008260C968C16070470A6802604A684260CC
:102200008A688260C968C16070472DE9F0470C4652
:10221000064615461146204600F0EDF8002863D02A
:1022200000222946204600F0A3F800284FF00000C5
:1022300058D1E26861682768A2EB010C6A68A3685C
:10224000521AA3EB0709002A06DD521E0A44376022
:10225000F260C6E901130120E96862688A1AACEBF2
:102260000203002B0EDDE26891420BDA4A1C19448E
:1022700006EB0013A768D4F800C0C3E90271C3E9F4
:1022800000C2401C6A6861688A4200DD1146EB6842
:10229000E268934200DA1A462F682368521AFF1A3E
:1022A000002F0CDD002A0ADB06EB00187F1E48F821
:1022B000043B1F4401EB020C88E88210401CAB6811
:1022C00024681D1BA9EB0505002D0BDD002A09DB89
:1022D0005C1C2B4406EB00150A442C60EA60C5E93F
:1022E0000113401CBDE8F0874FF0FF30FAE7C168EA
:1022F0004068081A401C704702688168891AC268E1
:102300004068101A401C491C4843704781680068A7
:10231000081A401C704703685B1A036083681944FD
:1023200081604168891A4160C1681144C160704789
:1023300070B50B681468A34200DC234603604D6847
:102340005468A54200DD2C4644608E689568AE4214
:1023500000DA35468560C968D268914200DB1146D3
:10236000C1600120AB4201DC8C4200DD002070BD69
:102370007CB50D460446006809681646884238DB7D
:1023800061686A68914234DBA268AB689A4230DCCB
:10239000E268EB689A422CDC4EB3CDE9000132468C
:1023A0006946284600F07AF8002821D0D4E90110C7
:1023B000CDE9000132466946284600F06FF8002852
:1023C00016D0E1682068CDE900013246694628460A
:1023D00000F064F800280BD0D4E90201CDE9000137
:1023E00032466946284600F059F8002800D00120FE
:1023F0007CBD00207CBD02688B689A420DDC82683F
:102400000B689A4209DB4268CB689A4205DCC068D7
:102410004968884201DB01207047002070477CB585
:102420000D460446806809681646884234DBE06839
:102430006968884230DB2168A86881422CDC6068CA
:10244000EA68904228DC2EB3CDE900103246694696
:10245000284600F023F8E8B9D4E90110CDE90001DD
:1024600032466946284600F019F898B9E1682068B4
:10247000CDE9000132466946284600F00FF848B918
:10248000D4E90201CDE9000132466946284600F050
:1024900005F808B100207CBD01207CBD2DE9FF417D
:1024A00014460E460A68016805468A422EDBA86873
:1024B00082422BDC72686B689A4227DBEF68BA4273
:1024C00024DC002C5DDD401A401C00EBD070421073
:1024D000F81A401C00EBD0704010824200DA10461F
:1024E000844200DD044600912868002220440290C6
:1024F0006868019068683146204403906846FFF799
:10250000CDFF38B102982044029032E0002004B0A0
:10251000BDE8F081E8680022001B0190E8680390A4
:1025200031466846FFF7BAFF18B10298204402907E
:102530000DE0A8680022001B0090A86802903146B8
:102540006846FFF7ABFF30B10098001B0090019880
:10255000001B019010E06868019068680022204428
:10256000039031466846FFF799FF50B10098001B71
:1025700000900398204403903146684611F0D5FA44
:10258000C5E70120C3E710B50C6813689C4200DA68
:10259000234603604C6853689C4200DA234643603C
:1025A0008C6893689C4200DD23468360C968D268CA
:1025B000914200DC1146C16010BD03680B4403600A
:1025C000836819448160416811444160C1681144C5
:1025D000C160704710B5029C80E81E0010BD4268C3
:1025E000491E1144C16070470268491E1144816050
:1025F000704770B5044640680D46A84201D80020D7
:1026000070BD206808B900F061F8E168206805FB3A
:10261000010070BD70B504460068002520B1217C22
:1026200009B109F083FA25606560A56070BD10B539
:102630000446231D002083E8070001FB02F00CF094
:1026400071F9012120602174002803D1BDE81040F8
:1026500000F03CB810BD70B5044600680D4608B9DE
:1026600000F034F8D4E90101884205D12046091D63
:1026700000F014F8002810D0D4E90001E26801FB52
:1026800002001DB129460CF0D5F902E000210CF042
:102690008CFA6068401C6060012070BD70B5044613
:1026A000007C0D4600280CD0E1682068694311F0D9
:1026B00097FB38B1A56020606068A84200D96560CA
:1026C000012070BD00F002F8002070BDFEE70000A0
:1026D0002DE9F04781468A46002014F0D7F80446D9
:1026E0004FF000080E4F16E0204614F0CFF80546D4
:1026F000A068B8420ED1E668316849450AD17168D0
:10270000514507D1204614F077F8304609F00EFA0B
:102710004FF001082C46002CE6D14046BDE8F0877A
:102720002527010870B5C568D5E9004614F064F89E
:10273000284609F0FBF93046A446BDE870406047E2
:102740000022002801DA01224042002901DA494230
:10275000921C884207D9C1EB011101EB4101B1FB89
:10276000F0F3103205E0C0EB001000EB4000B0FBCE
:10277000F1F30020D9B216290BD92C2900D8012059
:10278000292900D8401C252900D8401C20290BD914
:102790000BE0022900D30120062900D3401C0A299E
:1027A00000D3401C0F2900D3401C1844D10601D58A
:1027B000C0F15A0091074FEAC27105D509B1B43092
:1027C00005E0C0F1B40002E009B1C0F5B47080B218
:1027D0007047C16000680FF033B900684FF0FF32F6
:1027E0000168C26001F15002904202D18268CA625F
:1027F00005E001F16002904201D182688A630068BD
:102800000FF01EB910B50C4600206421C4E90C017C
:10281000A063E062E06360642064A06494F87010D8
:1028200021F03F0184F8701084F84C0004F150014D
:10283000204600F0BDF804F16001204600F0B8F831
:102840000821204610F084F81021204610F080F86E
:1028500020460022BDE81040114600F030B90000CB
:1028600010B5014603480CF0F5FF04460DF05AF888
:10287000204610BDACCC040810B50C46002104F174
:102880005000FEF73FFD04F16000BDE8104000215C
:10289000FEF738BD2DE9F0410D462F480DF004FC40
:1028A00001284FD1284608F095FD0446284608F037
:1028B0009CFD80461B2C0AD0012C45D00B2C43D00C
:1028C0001D2C3FD12846BDE8F041F6F739BC4FF446
:1028D00000310CF041FF0446284608F0DCFD0546B7
:1028E0000068A04200DD0446002140462C600EF046
:1028F000EDFA0746002140460EF003FB0646002194
:1029000040460EF022FB0446002140460EF0BAFA83
:10291000B74201DA394600E03146844201DA224604
:1029200000E00246914205DAB74201DA384604E097
:10293000304602E0844200DA2046002802DA2968A4
:10294000081A2860BDE8F08108F13C014046BDE866
:10295000F0410FF094B80000ACCC040810B50400AE
:1029600001D1FFF7B3FE94F8700000F0070010BD2E
:1029700010B5040001D1FFF7A9FE94F8700000F033
:102980000700022801D0206B10BDE06E401C01D072
:10299000A06E10BDA06B10BD10B5040001D1FFF7F3
:1029A00095FEE06D401C01D0A06D10BDE06A10BD29
:1029B0000860002048608860401EC860704710B5FD
:1029C000040001D1FFF782FE94F8700000F00700C8
:1029D00001280AD1206B002807DA616B002904DD89
:1029E000A16B814201D1012010BD002010BD2DE955
:1029F000F04115460E46040001D1FFF767FEAE42D6
:102A000001DD012000E0002084F84C00002801D006
:102A10002F4600E0374600D03546206BB84202D141
:102A2000606BA8421ED0C4E90C752046FFF796FFE4
:102A3000022800D0A763E06AA84205DD20462946A7
:102A40000022E56200F03BF8E06AB84205DA204671
:102A500039460022E76200F032F82046BDE8F04136
:102A60000EF0EEBFBDE8F081F8B515460E46040045
:102A700001D1FFF72BFE94F87010204601F00701FA
:102A800002291BD1D0E90C21B14201DD334600E01F
:102A90000B469A4201DD114602E0B14200DD3146AB
:102AA000C26A8A4200DA1146826B8A4206D000F17D
:102AB000600304F13802009500F028F8F8BDF8B57D
:102AC00015460C46060001D1FFF700FEF36A3046BA
:102AD000A3421AD0D0E90C21A14201DD274600E033
:102AE0000F46BA4201DD144602E0A14200DC0C466A
:102AF000816BA14200DC21468B4206D000F15003DD
:102B000006F12C02009500F001F8F8BDF0B599B07F
:102B100007461E981C4616460D4668B3E068401CE2
:102B200040D0A068C4E90105002118461560FEF7F1
:102B3000E9FB6846FEF724FC21466846FEF7E3FC05
:102B400019496846FEF7C9FC4FF4807200216846B7
:102B5000FEF7D3FC15496846FEF7B0FC3846002165
:102B600067220EF007FA01466846FEF7AEFC68469B
:102B7000FEF7EAFC19B0F0BD00211846FEF7C2FBD3
:102B80004FF0FF30E060384635600EF059FF00210D
:102B90002046FEF7B7FB19B021463846BDE8F040A5
:102BA000FFF706BF3068BDE7D3270108DB27010820
:102BB00070B58C6C0D462CB1206C18B102F01BFE68
:102BC000002020642846BDE87040F9F739B80000BD
:102BD0002DE9FF4F088C85B0C0F30724E01F1E4687
:102BE0000D46039003280DD9102C0BD0112C09D0C1
:102BF0000F2C07D0122C05D01B2C03D0132C01D086
:102C0000142C1ED1D5F848805FEA08001AD0D8F8F5
:102C100000000190204601F0A1FB81460798FFF7D4
:102C200075FB8346287C01280FD0002082467068FF
:102C30006FF06041C84231D10398032807D81020B3
:102C400006E0002009B0BDE8F08F0C20EEE720463A
:102C500002900020009001235A46D8F840000299C3
:102C600002F079FF070013D1D8F8400020B102F03C
:102C7000C2FD0020C8F84000002000900122594603
:102C80005A48029B02F074FD0700DAD0C8F8407081
:102C9000079907C986E80700F16006E0401C7060EC
:102CA000F068401CF060D8F8407007997068D7F859
:102CB0001080C9688842C4DC0399032948D80822D7
:102CC000B2FBF9F13268B2FBF1F301FB132102917F
:102CD0000BFB09F10123C91D03EBD10103916B6BC0
:102CE00002FB09F20AEB83012B8D9BB200FB031060
:102CF00000EBD209287C012810D0E868016901EBBB
:102D0000090600BFCDE900685B46296B2046029AA0
:102D1000F5F7C0FA287C012816D054E003980BF090
:102D200001FE06000DD00020009032464946039B6C
:102D30000198F8F7B4FF0028E4D0304608F0F6FE1A
:102D40007FE7FFF7C3FC7CE7304608F0EFFE3AE090
:102D5000102C3BD0112C39D00F2C37D0122C35D061
:102D60001B2C33D0132C31D0142CE9D139894FF0DE
:102D700000098CB2298D23468AB200FB02A031687B
:102D80004246090100EBD101CDF800900198F8F717
:102D900086FF0028D4D1696A0C200A0C298D8BB2D9
:102DA00002FB03007268C1F34E0102FB01003168AF
:102DB00008EB040201445B46CDF800900198F8F757
:102DC0006EFF0028BCD10120EF623BE70BFB09F14D
:102DD000CB08298D8AB200FB02A03168424601FB74
:102DE00009F100EBD10100200090E7E770B6002068
:102DF00038B50D46C968287C144620B1012807D093
:102E0000022823D033E00C2220460BF013FE22E0F0
:102E1000084608F0F1FE17A111F0D0FE38BB6B4652
:102E20000C22214605F1140008F051FFF8B9009872
:102E30000C281CD12078192802D06070192020702D
:102E40002068202141EA1040608004E00120A08039
:102E5000E0800E206070206810F47F4F07D0C1B270
:102E6000192902D0400C40006080012038BD0020AC
:102E700038BD000062696E0010B509F005FB040062
:102E800011D00B4909F0FCFB0A49204609F0FAFB76
:102E90000949204609F0F2FB0849204609F0ECFBFD
:102EA00007A0606110BDBDE81040FFF70FBC000037
:102EB000F12D0108C52E0108D12B0108B12B010805
:102EC00042494E002DE9F04782464FF00008087C49
:102ED0008EB00C464546C146012801D088B371E04A
:102EE000E06808F089FE6BA111F068FE98B92046F1
:102EF000F9F77EF906000ED00C20A6640BF012FD47
:102F0000070007D00222E16808F092FE38B1384687
:102F100008F00CFEB9E000200EB0BDE8F087376085
:102F2000216AC1F30720090C09074BD4C11F0329EB
:102F300023D90B38032863D821465046F5F7C2F849
:102F400004E007E021465046F5F748F9804601289D
:102F500038D155E0E66830690028DDD03088C0F30C
:102F60000727206A000C00072CD4F81F032807D875
:102F70000846F9F73DF90028CED0E07910BBE1E72B
:102F8000A7F10B00032807D80E2F05D00846F9F744
:102F90002FF90028C0D0CFE70846F9F729F93168A2
:102FA000090CC90601D5354622E000F12405308917
:102FB0000004000C0BD03146284602F072FC80461B
:102FC000012815D02046F8F73BFE4046A4E71C2216
:102FD00031466846EDF7B0FA384601F0BFF901997D
:102FE00089B24843C01DC008ADF808006946E3E750
:102FF000E56228890004000C01D1208D288101257B
:10300000E76A47B3206A000CC00703D001213846A5
:1030100002F0C6FD3946204609F0DAFA060034D03F
:10302000BE4207D000252046F8F70AFE2046F9F7F1
:10303000DFF8C661E662216A30460A0E03D0090E47
:10304000090202F0ADFD0DB9A07928B1207A10B1C6
:103050000DB184F8089016E009F08EF998B1207C43
:103060008DF82400E0680890E26A07A9D06807900C
:103070005046A36C09F0CEF938B160642046F9F7E8
:10308000B7F8C0F81C90012046E72046F8F7D8FDB5
:1030900041E7000062696E0010B50C461021204621
:1030A0000FF056FC2046BDE810404FF480610CF054
:1030B00037B8000010B5014603480CF0CBFB0446BE
:1030C0000CF030FC204610BDD0CC040870B516467C
:1030D0000D46040001D1FFF7F9FAA06BA84210D900
:1030E000606B30F81510B14320F8151029462046C2
:1030F000FCF7B8FC700504D52046BDE870400FF021
:1031000073BB70BD70B50E46050001D1FFF7DEFA46
:10311000002405E0324621462846FFF7D7FF641C0D
:10312000A86BA042F6D870BD084600214FF6FF728A
:103130008163C0E90F1201634163C162416C21F0F8
:1031400003014164014900F0E0BA000060CD0408C9
:1031500010B5014603480CF07DFB04460CF0E2FB81
:10316000204610BD7CCD040810B50C46086B08F055
:10317000DDFC606B08F0DAFC00202063606310BDAA
:103180002DE9F0478CB08A46FB480CF08DFF0128F2
:1031900035D1504608F01EF90646504608F025F98C
:1031A000002704461B2E02D0322E51D02EE0E06BB9
:1031B000A146002823D00025D9F82C8011E000BFBB
:1031C000D9F8340030F81500400509D5E06BC8B1D6
:1031D00020460CF0DBFF0146E06BB1FBF0F112E0A2
:1031E0006D1C58F82500002809D0E4A111F0E6FC78
:1031F000002804D058F8250000780028E0D10CB051
:10320000BDE8F0870021504608F003FA312E22D0A5
:103210004FF6FF75012E20D0022E5DD00B2E7BD0F5
:10322000092E74D0032E73D0132E72D0142EE6D034
:10323000152EE4D0112E6DD01D2E6CD0292EDED18E
:1032400094F844008007DAD52046F8F716FDD6E753
:103250001FF0F8F8D3E72046FAE7504608F0D5F813
:1032600006462046216CFCF7FDFB09F025FD09F020
:1032700010FF012801D003281AD108A9304609F00F
:10328000DBFE08A92046F8F7B9FD2564A842B6D0B0
:10329000616B31F81010C1F38012002AAFD1C1F375
:1032A00000110029ABD1014620642046FCF7DAFB6F
:1032B000216CA942A3D0606B30F81100C0F340220A
:1032C000002A9CD1C0F380226DE000916A46232140
:1032D00020460FF014FE92E7206CA8428FD0504693
:1032E00008F093F8064609F0D4FE012801D003281F
:1032F00085D108A9304609F09FFE08A92046F8F7B5
:103300007DFD216C8142A2D0204659E004E042E0DC
:1033100054E058E0A1E0A1E1216CA94236D0626BF3
:1033200032F81100C0F3C013A3B1C0F380138BB9FE
:10333000C30503D594F84430DB0713D040F4807004
:1033400022F8110094F84400C00703D02046216CF5
:1033500013F024FF626B216C32F81100C0F340229D
:1033600032B902E020F48070EAE7C0F380226AB14B
:10337000C0F3801252B9C0F3001038B9039103AA08
:10338000232120460FF0BBFD0128A4D12046216C4B
:10339000FCF768FB33E7216CA9429CD0606B30F8E6
:1033A0001100C0F34012002A95D1C0F38012002A08
:1033B00091D1C0F30010002887D020E72046216C6F
:1033C000FCF750FB47E0A06B002884D0504608F083
:1033D0001CF8074609F05DFE06462FB9002009F0EB
:1033E0001FFE09F056FE064620460CF032FF08F09C
:1033F0003FFE216CA942CDD1022E02D0042E2AD14B
:1034000048B394F844100020A26BC90701D113E01F
:10341000401C82421DD9616B31F81010C1F30013BA
:10342000002BF5D1C1F38013002BF1D1C1F30021A2
:103430000029EDD00DE0401C82420AD9616B31F8C1
:103440001010C1F30013002BF5D1C1F38011002936
:10345000F1D12064D3E62564D1E62046216CFCF747
:1034600001FB504607F0FAFF132813D0142835D07B
:1034700004264FF00809122852D0112886D10021C5
:1034800020460DF01AFD8046206CA84278D12764B2
:10349000626BA3E0206CA84201D1276401E0401CCC
:1034A0002064A36B216C994200D32764666B226C65
:1034B00007E0491C2164994200D32764206C9042A4
:1034C0007ED0216C36F81100C0F3001CBCF1000F57
:1034D000EFD1C0F380100028EBD157E7206CA84251
:1034E00001D1276400E000B9A06B401E20640346B0
:1034F000626B09E019B1491E0846216402E0A06B25
:10350000401E2064984267D0216C32F81100C0F34D
:103510000016002EEED1C0F380100028EAD135E766
:10352000002120460DF0C9FC8046206CA84213D132
:103530002764626B04E0491C2164A06B81424BD27A
:10354000216C32F81100C0F30013002BF3D1C0F34B
:1035500080100028EFD119E7216B01EB0010FEF776
:10356000D5FE0346206C216B024601EB00152D6849
:1035700005EB630CA36B25E07CCD04080A0000007A
:1035800038E000BF06EB001506EB02174D59CF5986
:10359000BD4214DD01EB00152D6865450FDC09EB1C
:1035A00000154F5907EB0805654508DB656B35F8D5
:1035B0001050C5F3801717B9C5F3001525B100E009
:1035C0000AE0401C8342DDD8834245D8DEE6491C30
:1035D0002164A06B814201D32564D7E6216C32F8C7
:1035E0001100C0F30013002BF1D1C0F380100028AC
:1035F000EDD1CBE6216B01EB0010FEF787FE226CCC
:10360000216B01EB02131B6803EB600310B21EE099
:1036100006EB00154F5906EB02154D59AF4214DA6F
:1036200001EB00152D68A5EB08059D420DDC09EBAB
:1036300000154D599D4208DB656B35F81050C5F3F8
:10364000801717B9C5F3001525B1401E00B2002838
:10365000DEDA9BE60028B9DB206497E65046F6F7F1
:10366000B5FDCCE510B5040001D1FFF72FF8206CB3
:1036700010BD70B516460D46040001D1FFF726F8BF
:10368000A06BA84204D9606B30F81500864301D0C6
:10369000002070BD012070BD70B515460E460400B7
:1036A00001D1FFF713F8A06BB0421BD994F8440086
:1036B000C00706D0E80504D54FF480712046FFF717
:1036C00021FD606B30F81610294320F816103146A2
:1036D0002046FCF7C7F9680504D52046BDE87040D0
:1036E0000FF082B870BD70B50E46050001D1FEF72F
:1036F000EDFF002405E0324621462846FFF7CCFFC7
:10370000641CA86BA042F6D870BD70B50D460400CD
:1037100001D1FEF7DBFF002D14D094F844008007A0
:1037200002D52046F8F7A9FA606C20F00201616426
:1037300020462946F0F78AFB2046E562BDE8704046
:103740001EF080BE70BD70B50D46040001D1FEF7BD
:10375000BDFFA06BA84203D8A5F57F40FF380AD172
:103760002046216CFCF77EF9204629462564BDE8F9
:103770007040FCF777B970BD2DE9F04117460E4651
:10378000040001D1FEF7A2FF0EB9FEF79FFF04F17E
:103790001C0005460BF097FCE06878B120683A46BB
:1037A0003146C36820469847040001D000F057F81E
:1037B00028460BF095FC2046BDE8F08128460BF02A
:1037C0008FFC0020F8E72DE9F04117460E46040073
:1037D00001D1FEF77BFF0EB9FEF778FF04F11C0064
:1037E00005460BF070FCA06870B13A4631462046A1
:1037F000F3F7CFFB040001D000F031F828460BF0BE
:103800006FFC2046BDE8F08128460BF069FC0020E3
:10381000F8E72DE9F0470546DDE9089A00681E46FD
:10382000174688468047040001D1FEF74FFF04F198
:103830000C010020A76081E84106C4E900586968CE
:103840002046884730B104F11C000BF037FC2046BD
:10385000BDE8F087204608F069F90020F8E710B5C8
:10386000040001D1FEF732FF204600F03AF820466E
:10387000BDE8104000F01CB810B5040001D1FEF7FF
:1038800025FF6068401E606001D50020606010BDAB
:1038900010B5040001D1FEF719FF207B800706D484
:1038A000204600F005F8BDE8104008F03FB910BD13
:1038B00010B5040001D1FEF709FFA068201A10BD61
:1038C00070B50D46040001D1FEF700FF601970BD10
:1038D00010B5040001D1FEF7F9FE606810BD10308C
:1038E000704710B5040001D1FEF7F0FE6068401C7F
:1038F000606010BD70B516460D46040001D1FEF79C
:10390000E5FE0DB9FEF7E2FE0020A660C4E9005016
:10391000207370BD10B5040001D1FEF7D7FE207BE7
:1039200000F0010010BD10B5040001D1FEF7CEFE7D
:103930002046FFF7CDFF002804D02046BDE8104008
:10394000FFF79ABF10BD8068002800D001207047A3
:103950002DE9F04116460D00044601D1FEF7B6FEF2
:1039600004F11C0007460BF0AEFB31462846FFF77A
:10397000DAFF2846FFF7ACFF60B92846FFF7CAFF19
:1039800040B12846FFF794FFA26931469047284688
:10399000FFF77EFF3846BDE8F0410BF0A1BB0028E1
:1039A00000D04162704700002DE9F0410F460C46FF
:1039B00001F221104FF4527200210BF0F6F80021B1
:1039C0000846314B782506E028B14207B2F1604F36
:1039D00008D0072808D253F8202000BF04EB800647
:1039E00032640EE029A2F9E701EB810204EB8202C6
:1039F00004EB800682F8215102F22112491CC9B25F
:103A00003264401CC0B23828DED321A0C4F81C01A7
:103A10003846FFF79DFB04F14001E062FFF775FEB9
:103A20004FF40871E06AFFF75EFE00232222194975
:103A3000E06A0BF060FB64200FF070FF0146E06A63
:103A40000FF089FC4FF40421E06A0BF069FB0121BF
:103A500038460FF099FA0121E06A0FF0A1FA00222E
:103A6000022138460FF049FC4FF4FD640122214643
:103A7000384600F019F821463846BDE8F0410123E8
:103A80001A4600F0B5B80000D00100200A0000007E
:103A900000000000C3AF000810B5040001D1FEF71C
:103AA00015FE04F1340010BD2DE9F05F15460E46F9
:103AB000040001D1FEF70AFEB0B2A086EFB284F88E
:103AC0003670012184F8371082464021E06AFFF702
:103AD00019FB002540222946E06AFFF7DDFD6D1C39
:103AE000072DF7D3554639462846F8F7F5FD8346A6
:103AF000012239462846F8F757FB05462E464FF077
:103B000001080BEB06090FE006EB860104EB8100D0
:103B1000434636A2142100F2211010F0CBFF08F129
:103B2000010000F0FF08761CB145EDD8791E504623
:103B3000F8F7D2FD0026401B401CC7B213E000BFBF
:103B400006EB860104EB81003B4628A2142100F21B
:103B5000211010F0AFFF4022F11DE06AFFF79CFD3D
:103B60007F1CFFB2761CAE42EAD305EB0B060127A1
:103B700013E000BF06EB860104EB81003B461BA26D
:103B8000142100F2211010F095FF4022F11DE06A8F
:103B9000FFF782FD7F1CFFB2761C2A2EEAD3204657
:103BA000F9F733FAE06AFFF75DFDA0F57F41FF39D1
:103BB00003D0E91DE06AFFF7C6FD20460DF040FF87
:103BC00020460CF09FFA064600250BE029462046C9
:103BD0000CF080FAE16A814203D0224623210FF0E3
:103BE0008EF96D1CB542F1D3BDE8F09F256400004D
:103BF0002DE9F0411D4616460F46040001D1FEF79F
:103C000065FD208EB84207D194F83200B04203D14E
:103C100094F83300A84208D0204624F8307FA670DC
:103C2000E570BDE8F041F9F7F0B9BDE8F0810000BA
:103C3000F0B5184D0446C1F341706E1064274FF083
:103C4000805C012809D121F0C040A84205DC604514
:103C500000DB301A584390FBF7F1C2F341700128A2
:103C600009D122F0C040A84205DC604500DB301AD3
:103C7000584390FBF7F2944201DA204600E01046E8
:103C8000884201DA0846F0BD944201DA2046F0BDD0
:103C90001046F0BDFEFFFF1FF0B5184D0446C1F3FE
:103CA00041706E1064274FF0805C012809D121F02B
:103CB000C040A84205DC604500DB301A584390FB49
:103CC000F7F1C2F34170012809D122F0C040A842A7
:103CD00005DC604500DB301A584390FBF7F2944254
:103CE00001DA204600E01046884201DA0846F0BDBD
:103CF000944201DA2046F0BD1046F0BDFEFFFF1FE2
:103D000008B5C20ABDF8001062F3CF21420962F380
:103D10004A1160F30401ADF8001088B208BD08B57F
:103D2000C20ABDF8001062F3CF21420962F34A11C2
:103D300060F30401ADF8001088B208BD08B5C20AEE
:103D4000BDF8001062F3CF21420962F34A1160F31B
:103D50000401ADF8001088B208BD80B2C10AC1EB01
:103D6000C11101EB8101C0F3451240F2652312FB42
:103D700003F200F01F0000EB40101144C0EBC00044
:103D80000844C0F307207047FF2916D0B1B102885C
:103D9000D30A13FB01F31B0A63F3CF22C2F34513CB
:103DA00013FB01F31B0A63F34A1202F01F0313FB18
:103DB00001F1090A61F30402028070470222002126
:103DC0000AF0F3BE0004B0EB014F01D101207047AF
:103DD0000020704781784D2211FB02F14278972331
:103DE00012FB03F200781144C0EBC00001EB80002D
:103DF000C0F307207047884201D10120704700209E
:103E00007047C0F307414D2211FB02F1C0F30722B6
:103E1000972312FB03F2C0B21144C0EBC00001EBC8
:103E20008000C0F30720704710B560F317442046A8
:103E300061F30F2062F3070063F31F6010BD000001
:103E400010B50346FF2A13D09AB18B4210D041EA35
:103E50000140121D0849D40843EA034208400A40C1
:103E6000121A624300EB5210084040EA104080B240
:103E700010BD084610BD00001FF8E007F7B582B07E
:103E800014469DF80960BDF808700D46FD2E02D25B
:103E90006878022802D80F8005B0F0BD022EFBD949
:103EA000FF2811D0E178884202D161788E421ED07D
:103EB000C6F1FF01C0F1FF0011FB00F0FF21B1EBE3
:103EC0001020A0710BD00CE02888ADF800000099FC
:103ED000029800F0EAFA0090BDF800002EE0FEF72C
:103EE000F5FBA179C6EB0620B0FBF1F0E07160882C
:103EF000ADF804002888ADF80000DDE90001FFF707
:103F000061FF38B12088ADF8000000990298FFF7F2
:103F100059FF90B9278028886080E0798DF80900E2
:103F20002888ADF800000099029800F0BEFA0090D1
:103F3000BDF80000A080A0796071A0882880ABE760
:103F400070B53AB3FF2A27D08478C2F1FF03E408A2
:103F500014FB02F4CD0A15FB03444FF4784505EA3F
:103F6000C4044578AD0815FB02F5C1F3451616FBF0
:103F700003554FF4FC66007806EAD5052C44C008CA
:103F800010FB02F001F01F0111FB030004EB1020F5
:103F900080B270BD084670BD8178427801F0F801AA
:103FA000090202F0FC02007801EBC20101EBD00033
:103FB000EEE770B53AB3FF2A27D08478C2F1FF0349
:103FC000E40814FB02F4CD0A15FB03444FF47845D2
:103FD00005EAC4044578AD0815FB02F5C1F34516A2
:103FE00016FB03554FF4FC66007806EAD5052C4411
:103FF000C00810FB02F001F01F0111FB030004EBED
:10400000102080B270BD084670BD8178427801F002
:10401000F801090202F0FC02007801EBC20101EB99
:10402000D000EEE730B5002A21D0FD2A05D3027872
:104030000A7042784A70807818E00478C2F1FF0371
:1040400014FB02F40D7815FB0344240A0C70447829
:1040500014FB02F44D7815FB0344240A4C7080785D
:1040600010FB02F08A7812FB0300000A887030BD52
:104070002DE9F041070E14460546FD2F02D2080E29
:10408000022802D82846BDE8F0810E46022F01D84A
:104090000846F8E7FF2811D0E179884202D1E1789B
:1040A0008F4218D0C7F1FF01C0F1FF0011FB00F0F3
:1040B000FF21B1EB1020207305D006E02846BDE8B3
:1040C000F04100F004BAFEF701FB217BC7EB0720AB
:1040D000B0FBF1F0607361683046FFF78CFE20B1F1
:1040E00021682846FFF787FE58B925606660617B26
:1040F000284661F31F60314600F0E9F9A060207B9B
:10410000E072A068BFE72DE9F041070E14460546AE
:104110000E46FD2F02D2300E022802D82846BDE8F6
:10412000F081022F01D80846F9E7FF2812D0E27982
:10413000290EC1F1FF08904202D1E1788F4216D0DA
:10414000C0F1FF0018FB00F0FF21B1EB102020733D
:1041500005D006E02846BDE8F04100F0F4B9FEF7CE
:10416000B5FA217BC7EB0720B0FBF1F06073616803
:104170003046FFF740FE20B121682846FFF73BFE9E
:10418000D0B9256066604046290CC6F3074212FB91
:1041900000F201EB1221A172290AC6F3072212FBD9
:1041A00008F201EB12216172F1B211FB08F005EB8C
:1041B00010202072207BE072A068B0E770B50AB3CF
:1041C000FF2A21D0C2F1FF03C40814FB02F4CD0A78
:1041D00015FB03454FF4784606EAC505800810FB39
:1041E00002F0C1F3451212FB03004FF4FC6202EA35
:1041F000D000284401F01F0111FB034100EB112006
:1042000080B270BD084670BD00F0F801090200F0F0
:10421000FC0201EBC20101EBD000F1E770B50AB37B
:10422000FF2A21D0C2F1FF03C40814FB02F4CD0A17
:1042300015FB03454FF4784606EAC505800810FBD8
:1042400002F0C1F3451212FB03004FF4FC6202EAD4
:10425000D000284401F01F0111FB034100EB1120A5
:1042600080B270BD084670BD00F0F801090200F090
:10427000FC0201EBC20101EBD000F1E7002A17D0EC
:10428000FD2A02D30870487011E0C2F1FF0310FB51
:1042900002F00A7812FB0302120A0A704A7812FB33
:1042A0000302120A4A708A7812FB0300000A88701F
:1042B0007047002A19D0FF23CB70FD2A02D38870E3
:1042C000487011E0C2F1FF0310FB02F08A7812FB84
:1042D0000302120A8A704A7812FB0302120A4A7019
:1042E0000A7812FB0300000A08707047002A0AD0FF
:1042F000FD2A07D2C2F1FF0310FB02F00A7812FB7D
:104300000300000A08707047002A0AD0FD2A07D26D
:10431000C2F1FF0310FB02F00A7812FB0300000A4F
:1043200008707047002208B51146104600F080F86A
:104330000090BDF800009DF8021040EA014008BD61
:1043400010B50C4600F0BDF90346204600F0B9F95F
:10435000834201D1012010BD002010BD801F3028F4
:104360002BD2DFE800F020181A1C20181A1C202677
:104370002828242624242424202A28242A2A2A2AD5
:104380002A2A2A2A2A2A242A2A2A2A2A2A2A2A2A93
:104390001C1E1E1E2222012070470220704704208E
:1043A000704706207047082070470C207047102087
:1043B000704718207047202070470020704700B5D4
:1043C000FFF7CCFFC01DC00800BDC01F14280DD2D0
:1043D000DFE800F00A0A0A0A0A0A0A0A0C0A0C0CA8
:1043E0000A0A0A0A0A0A0C0A0120704700207047CC
:1043F00008B5020A8DF80120C0F307418DF80000CE
:10440000BDF8000040EA014008BDC0F307414D225D
:1044100011FB02F1C0F30722972312FB03F2C0B293
:104420001144C0EBC00001EB8000C0F307207047CF
:1044300008B503468DF801108DF80020BDF8000086
:1044400040EA034008BD78B5C1F30744C2F1FF0359
:1044500014FB03F4C0F3074515FB024404EBC41539
:1044600005EBC434C4F3C754C1F3072515FB03F5AA
:10447000C0F3072616FB025505EBC51606EBC5353E
:10448000ED0D8DF80150C9B211FB03F1C0B210FB64
:10449000021000EBC01101EBC030C00D8DF8000020
:1044A000BDF8000040EA044078BD03B5C1B2C0F3D6
:1044B000072011FB00F19DF80420C0F1FF0012FB62
:1044C0000010000A8DF80400BDF804000CBD30B5E2
:1044D000030E0246FD2B03D3090E61F31F6030BDAE
:1044E000022B01D8084630BDC2F3074010FB03F091
:1044F000C1F30745C3F1FF0415FB040000EBC01531
:1045000005EBC030C50D084665F31740C2F307211F
:1045100011FB03F1C0F3072515FB041101EBC115D5
:1045200005EBC131C90D61F30F20D1B211FB03F1CD
:10453000C2B212FB041101EBC11202EBC131C90D71
:1045400061F3070030BD024610B5000EFD2801D30F
:10455000104610BD022801D8084610BDC0F1FD0369
:10456000100CC1F3074414FB03F400EB142060F3B8
:104570001741100AC1F3072414FB03F400EB1424C1
:10458000084664F30F20C1B211FB03F102EB1121C5
:1045900061F3070010BD10B50446022200210AF0A5
:1045A00004FBA01C022200210AF0FFFA201D0222B7
:1045B00000210AF0FAFAFF20A071E07110BD10B5D9
:1045C0000446042200210AF0F0FA201D04220021F2
:1045D0000AF0EBFA04F10800042200210AF0E5FADF
:1045E000FF202073607310BD10B504460422002123
:1045F0000AF0DBFA201D042200210AF0D6FA04F1A9
:104600000800042200210AF0D0FAFF202073607312
:1046100010BD10B5020EFD2A05D20B0E022B02D9D9
:10462000022A01D8084610BDFF2B13D0C2F1FF04A7
:10463000C3F1FF0314FB03F3FF24A4EB1324C2EB29
:104640000222B2FBF4F262F31F60FFF740FF64F353
:104650001F6010BDBDE81040FFF739BFC178FF29CA
:104660000FD079B1827812FB01F2120A827042787F
:1046700012FB01F2120A4270027812FB01F1090AE0
:1046800001707047042200210AF08FBA010A41EA42
:10469000002080B27047010A41EA002080B27047D2
:1046A000010A41EA002080B27047030C63F317420D
:1046B000030A63F30F2260F30702104661F31F60E1
:1046C0007047C0F30721C0F30742090201EB024122
:1046D000C0B208447047010C01F0F8010902020A57
:1046E00002F0FC0201EBC201C0B201EBD00080B2CB
:1046F0007047C1B2C0F3074201EB0241C0F307208B
:104700004FF07F4202EB002008447047FF2208B5BB
:1047100011461046FFF78CFE0090BDF800009DF892
:10472000021040EA014008BD2DE9FC5F05000C9C29
:1047300074D04FF48067BD4270D001EB4108581A25
:1047400000EB4001A1EB0809C8F58061A01AA1EBBC
:10475000090B02EB420A00EB4001A1EB0A00CAF58B
:1047600080610090081A2C460026019043464A4674
:1047700059462046F3F780FE401B002801DD014624
:1047800000E04142012940DD0BFB04F101EB410156
:10479000891201EB4901614308EBA122002A01DDE6
:1047A000114600E0514201290CDDC117890241EA9E
:1047B00090518002D317EBF756FE18B1241A761CDD
:1047C000082ED3DB00262C0001D534461DE0BC4268
:1047D00001DD3C4619E043464A4659462046F3F778
:1047E0004BFE411B002900DC291A01290DDD854201
:1047F00001DD264600E02746B81B00EBD07006EB33
:104800006004B44201D0BE42E5DBDDE9002102B024
:1048100053462046BDE8F05FF3F72EBEBDE8FC9F8F
:104820002DE9F0411D4616460F46040001D1FDF763
:104830004DFF2B463246394604F53A70BDE8F0414B
:1048400006F0ABBD2DE9F843DFF8A48107460E461C
:1048500008F1040009F087FF040020D04FF44971EB
:104860000AF0D3F94FF0FF302760C4E9016000255A
:10487000C4E903056561E06B822120F0FF70A1614E
:10488000122140F4803084F8401000F50030E063DD
:1048900050200AF047F8C4F8B00218B108E0FDF75C
:1048A00015FF85E0FDF712FFD4F8B00200287BD099
:1048B00009F0C8FED4F8B4221AB12046D4F8B012D8
:1048C0009047D4F8B0027F1E761E4561D4F8B0023E
:1048D0008561D4F8B002C761D4F8B0020662D4F89A
:1048E000B01294F8400081F84C000120C4F868022E
:1048F00011F02EFFC4F80C03102104F51B7009F011
:104900002AFFD8F81460454622461E213948C8F8C7
:10491000144011F045FFC4F8080320B9FDF7D6FE96
:10492000D4F80803F0B311F08BFEE0B311F000FEF1
:10493000C4F8040300200BF07FF8C4F8CC02002078
:1049400004F530740BF078F8A06000200BF074F8D8
:10495000606000200BF070F82060E0680EF024F931
:1049600060680EF021F920680EF01EF902216068DF
:104970000DF0EEFF022120680DF0EAFF0021E06853
:104980000EF0F4FB002160680EF0F0FB00212068BF
:104990000EF0ECFBA068A4F530740DF051F86E61D8
:1049A000CEB119E001E006E003E0204607F0BEF8D2
:1049B0000020BDE8F88300200EF09AFF074605208E
:1049C0000EF096FF01460C48009000233A46204620
:1049D00011F0BAFDACE76C6100233822074920468C
:1049E000FFF71EFFD4F8080311F0F2FF2046E0E7BE
:1049F00078B50020F14B010854C70408CD830008A6
:104A000070B50D46040001D1FDF760FE294604F59E
:104A10003A70BDE8704006F073BD000018B9074851
:104A20004069002809D0D0F8682209B1012101E0CD
:104A30004FF0FF311144C0F86812704778B500207C
:104A4000002141637047000018B9034840690028FD
:104A500001D090F84000704778B5002001484069C7
:104A60007047000078B5002010B90348406908B1CC
:104A7000806970478220704778B5002010B5040027
:104A800001D1FDF723FE04F53A70BDE8104006F0B1
:104A9000A5BC70B50D46040001D1FDF717FE2946EF
:104AA00004F53A70BDE8704006F0A1BC18B908489A
:104AB0004069002808D090F8001301F0070101298F
:104AC00003D0032901D00068704740687047000098
:104AD00078B5002018B903484069002801D0D0F803
:104AE000CC02704778B5002018B903484069002807
:104AF00001D0D0F8C002704778B5002018B903483B
:104B00004069002801D0D0F8C402704778B5002071
:104B100018B904484069002803D090F80003C0F396
:104B2000C000704778B500200100034801D009F0AB
:104B300007BE09F0F3BD00007CB5002018B903489A
:104B40004069002800D000687047000078B5002058
:104B500018B903484069002800D040687047000039
:104B600078B5002018B903484069002801D0D0F872
:104B7000C802704778B5002018B90348406900287A
:104B800001D0D0F8D002704778B5002008B90248AB
:104B90004069D0F80403704778B5002018B9084878
:104BA0004069002808D090F8001301F0070101299E
:104BB00003D0032901D040687047006870470000A7
:104BC00078B50020006A002800D00120704700005E
:104BD00018B906484069002804D0D0F868020028B7
:104BE00001DD0120704700207047000078B50020EB
:104BF0002DE9F041414C28B1C168216111F0DEFE80
:104C0000206902E0FFF72AFF2061002874D0816A42
:104C1000002971D00A69002A6ED0C96800296BD0BA
:104C20000022392100F0B0F82069D0F8C8020EF057
:104C3000FDFD2069D0F8D00208B10EF0F7FD206923
:104C4000D0F8CC020EF0F2FD2069D0F8C4020EF0CC
:104C5000EDFD2069D0F8C0020EF0E8FD20690026C5
:104C6000D0F8C81291B10FF04DF914F0E9FB14F02F
:104C7000E3F92069D0F8641251B1FFF7A3FF50B3F4
:104C8000206990F83D0001280BD024E0C0F8646250
:104C900005F004F92069BDE8F04100223A2100F056
:104CA00073B800254FF0440810E000BF05F51171FE
:104CB000415C51B900F51B7009F0A4FD226908EBB5
:104CC000051111448EC980E88E006D1C2069D0F852
:104CD0006412A942EAD820694FF4007200214430DE
:104CE00009F063FF20692022002100F5117009F00E
:104CF0005CFF2069CAE7FFE7BDE8F08178B50020D6
:104D000010B5040002D10D48446944B11346412254
:104D10002046FFF785FDD4F8200310B106E00020FF
:104D200010BD22464221104600F02EF8D4F8200390
:104D3000401CC4F82003012010BD000078B50020FD
:104D40002DE9F04190460E46070001D1FDF7BEFC6B
:104D50003846FFF793FE0025401E040011D421467B
:104D60003846FFF796FE50B10168B14207D141685D
:104D7000414504D121463846FFF742FE6D1C641EB2
:104D8000EDD52846BDE8F08170B588B00E460446E2
:104D900015461C21684609F038FF04950094CDE9BA
:104DA000014604F53A7001226946044606F0D6FB36
:104DB000012804D100226946204606F0CFFB08B046
:104DC00070BD00002DE9FF5F1F46DDF838B01646C4
:104DD0005FEA0109804601D1FDF778FC4046FFF704
:104DE00033FE03904046FFF7A9FE82464046FFF798
:104DF000AFFE0546BAF1000F00D00DB9FDF766FC15
:104E00004846039900F0BAFB484501D0FDF75EFC27
:104E10003EB13046039900F0B1FBB04201D0FDF73E
:104E200055FC5046039900F0C1FE0446BBF1000F4B
:104E30001DD004FB05F0B84202D900BFFDF746FCC7
:104E4000CDE9004908F51E7002972A465146814671
:104E5000039B00F087FD8DE8D00008F525702A46F9
:104E600051460446039B00F07DFD4EB907E00CB9A6
:104E7000FDF72CFCB7FBF4F5002DDFD0E0E70024B4
:104E800022464946404600F00DF85946404600F09B
:104E900023F8D8F83C0040F00071C8F83C10BDE899
:104EA000FF9F000018B906484069002806D0C0E9F5
:104EB00007128162C16B21F00071C163704700006D
:104EC00078B5002018B903484069002800D0C162B5
:104ED0007047000078B5002018B9034840690028E1
:104EE00001D080F83D10704778B5002010B504005F
:104EF00003D113484469002C21D0C4F80413D4F81A
:104F0000D80204281BD1D4F8BC0200680BF0FAF8D0
:104F1000002814D1D4F8BC0240680BF0F3F8002844
:104F20000DD1D4F8BC0280680BF0ECF8002806D153
:104F3000D4F8BC020068BDE8104011F0E9BA10BD19
:104F400078B5002010B5040002D10C4844695CB16A
:104F50002046FFF7F5FE002807D0D4F82013081AE2
:104F6000C4F8200302D006E0002010BD0022422138
:104F70002046FFF709FF012010BD000078B5002092
:104F800000B501004FF000000ED0FFF76DFD484363
:104F90005030B0F5A07F08DB0020FFF765FD4843E7
:104FA000A021503090FBF1F000BD012000BD2DE9A3
:104FB000F041054600246C2016460F460C2A19D2F3
:104FC000DFE802F01806080A0C0E0E0E1012141676
:104FD000302411E02C240FE038240DE050240BE0A5
:104FE000044609E0402407E03C2405E0442403E0B3
:104FF000342401E0FDF76AFB04F1600009F0C0FC15
:10500000040001D1FDF762FB97E80F0004F10808E6
:1050100088E80F0097E80F0004F11808A56488E8F5
:105020000F0005F1340004F138080FC888E80F00BC
:1050300095F84E0084F85800267104F16000606510
:1050400001202065686810B96C6004E008460168BA
:105050000029FBD104602046BDE8F0817FB50646FB
:1050600091F83A000C46022826D9206A002823D05D
:10507000D4E9090188421FD0208FE16A0922091A68
:105080000091216B081A0190218FE06A0844401EAC
:105090000290218F206B0844401E039069463046E1
:1050A000FFF785FF0546406D3C22214609F0C2FC12
:1050B0002946304600F026FE7FBD38B504463C2226
:1050C000002109F072FD01202062FF2084F83A00DF
:1050D000FFF728F90090BDF80000A0839DF80200BA
:1050E000A0773C20606138BD2DE9FF5F8246DDE995
:1050F00010E48B46DDE90E800AEB020C03F5B47573
:10510000CDF804C01E460BEB020C9146AAEB02033D
:10511000ABEB0207CDF808C0A84505D1C4E90037BC
:105120000198A060029815E14FF4B475AE4201DD1C
:10513000A6F5B476A84501DDA8F5B478A9EB000181
:1051400000915FEA0E0104D000EBD07045106D1C99
:1051500000E000255A2196FBF1F098FBF1F1C0B276
:10516000C9B2042800D10320042900D103218842B8
:1051700079D1464577DC38B301284AD0022874D06B
:1051800003286ED106F15A0000B211F05BFD0099C0
:1051900048430AEBE030401B206030B211F052FD72
:1051A00000FB09F00BEBE030401B606008F15A0097
:1051B00000B211F047FD00FB09F00AEBE030284493
:1051C000A0600FFA88F021E130B211F03BFD0099A8
:1051D0005A3648430BEBE030401B606030B211F0B0
:1051E00031FD00FB09F00AEBE0302844A0600FFA23
:1051F00088F011F027FD00FB09F00BEBE0302844AC
:10520000E06008F15A0000B211F01CFD009948431B
:1052100023E030B211F016FD00FB09F00BEBE0309B
:1052200028445A36E06030B211F00CFD0099484332
:105230000AEBE0302844A0600FFA88F011F002FD7C
:10524000009948430BEBE030401B606008F15A00C6
:1052500000B211F0F7FC00FB09F00AEBE030401B54
:105260002060BDE8FF9F2AE0FFE706F15A0000B288
:1052700011F0E8FC00FB09F00AEBE030401B206075
:1052800030B211F0DFFC009948430BEBE0302844CA
:10529000E0600FFA88F011F0D5FC00FB09F00BEB91
:1052A000E030401B606008F15A0000B211F0CAFC07
:1052B000009948430AEBE0302844A060D1E7C8B128
:1052C000012849D0022872D003287FF427AF002993
:1052D000FBD108F15A0000B2039011F0B3FC07466D
:1052E00006F15A0000B2029011F0ACFC87427CDA61
:1052F000039893E00129E8D108F15A0000B211F0B7
:10530000A1FC00FB09F00AEBE030401B20600FFA23
:1053100088F0019011F096FC074630B2804611F0FB
:1053200091FC874201DA019800E0404611F08AFCC6
:1053300000995A3648430BEBE030401B606030B2B6
:1053400011F080FC00FB09F00AEBE0302844A0607B
:1053500002982844E06084E70229B6D1581B2060F7
:105360000FFA88F011F06EFC00FB09F00BEBE03057
:10537000401B606006F15A0000B2019011F062FC1F
:10538000074608F15A0000B2804611F05BFC8742E4
:1053900001DD019800E0404611F054FC00994843BB
:1053A0000AEBE0302844A06030B24DE0FFE703296B
:1053B0008BD106F15A0000B211F044FC00FB09F059
:1053C0000AEBE030401B2060781B606008F15A0057
:1053D00000B211F037FC00FB09F00AEBE030284482
:1053E000A0600FFA88F0804600E016E011F02AFC79
:1053F000009900FB01F730B2064611F023FC00993A
:105400004843874201DD404600E0304611F01AFC77
:10541000009948430BEBE0309BE7029811F012FC37
:10542000009948430AEBE030401B206030B211F095
:1054300009FC00FB09F00BEBE030401B60600198B9
:105440002844A0600FFA88F011F0FCFB00FB09F083
:10545000E0E710B504462C2109F0DFFBFF2084F8BB
:1054600028000F2084F829002C20606110BD2DE950
:10547000F0470D46040001D1FDF728F9206908B96D
:10548000FDF724F96CB32069002812D0606887B258
:10549000060C2068010C890623D52DB9C0F307211D
:1054A000384600F083FB0546208980B2A84202D12D
:1054B0000120BDE8F0872088C0F30720FEF74EFFEB
:1054C0007843C01D4FEAD00A55450AD320882B46A1
:1054D000C0F3072231463846EDF795FAE16881427C
:1054E00001D20020E5E72088C0F30720072817D065
:1054F000082817D0092817D00A2817D0002021899A
:1055000080008BB2AB4223D2711E2269002703FBBD
:10551000012305FB012103EB00090844804614E048
:105520000220ECE70420EAE71020E8E74FF480705F
:10553000E5E75246494609F017FB20897F1C81B2F6
:10554000A8EB0500A9EB01098046B742F1D312E0B0
:105550002169002708448146C8460AE05246494668
:1055600009F002FBA16819FA81F908EB05008046F1
:105570007F1CB742F2D325819AE700000A46014614
:10558000014800F003B8000040B6002030B4836842
:105590000C461BB1204630BC1146184730BC0020D9
:1055A00070472DE9F04389B08946040001D1FDF729
:1055B0008DF82089B9F1000F86B232D00020049016
:1055C0000590A0884FF0FF3180B2401E06906068C1
:1055D00004AA01EB1040079049466846FCF7A8FE74
:1055E000002836D06846FCF791FE002831DD684679
:1055F000FCF77DFE00282CDDDDE90012204600F0DE
:1056000069F905462088C0F30720FEF7A7FE074684
:105610006846FCF77BFE7843C01D4FEAE008019F17
:1056200010E000221146204600F054F96168090C90
:10563000714309F0EEFA08E04146284609F0E9FA1C
:1056400035447F1C0398B842F6DA4946204600F0FC
:105650000FF909B0BDE8F0832DE9F05F044600883A
:105660000D46C0F3072110881F46C0F3072091465E
:10567000814201D0FDF72AF82DB12846FCF746FEFD
:10568000064617B117E0A08886B22088C0F307202D
:10569000C11F03290ED8072816D0082816D00928BC
:1056A00016D00A2816D000208200D9F810102069E0
:1056B00009F0C0F98FB13846FCF728FEB04221D07E
:1056C000BDE8F05FFDF702B80220EDE70420EBE74C
:1056D0001020E9E74FF48070E6E7B9F8040080B2E3
:1056E000B042EDD100221146484600F0F3F8804662
:1056F0005DB1D5E90012204600F0ECF86F688246F3
:10570000ED680DE0D7E90012EEE7002211462046D1
:1057100000F0E0F8824600276068791E01EB104532
:1057200020891FFA80FBB9F808001FFA80F9208849
:10573000C0F30720FEF712FE7043C01DC41007E03F
:1057400022464146504609F075F9DA44C8447F1CA8
:10575000AF42F5DDBDE8F09F08B5009313460A4659
:105760000146024800F004F808BD000040B60020E1
:105770002DE9F05F81461D4693468A461C20DDF8E0
:10578000288009F0FDF8040003D0B8F1000003D030
:1057900007E0FCF79BFF2CE02946504600F006FA94
:1057A000804603462A4659465046EDF72CF9D9F86B
:1057B000002007462946CAB19047060016D0A4F833
:1057C00004A0A4F806B0657030206080A4F80880BA
:1057D0001920207029463046FFF7D0FE04F1100151
:1057E000E76081E841022046BDE8F09F204606F0D0
:1057F0009DF90020F8E710B5040006D02068000CE1
:10580000C00612D5A06920B105E0BDE81040FCF744
:105810005DBFFCF75BFFD4E90501496801B188472A
:105820002046BDE8104006F081B910BD38B50C46E1
:10583000098989B200912188C1F3072361680A0CA4
:1058400089B2FFF795FF051E11D020683021000CAA
:105850006880286841EA10406880E068EA68904201
:1058600000D202462169286909F0E4F8284638BDCB
:105870007FB50D46040001D1FCF728FFA06908B9E7
:10588000FCF724FFA6693069002809D025B96946CC
:105890002046F3F701FA6D463269294620469047C3
:1058A0007FBD3EB50C460546D4E90301228992B27C
:1058B0000092CDE901102088C0F307236068020C34
:1058C00081B2284600F04EF8012802D12168090C67
:1058D00069803EBD70B50C4603001AD0188819695E
:1058E000C0F30720072818D0082818D0092818D096
:1058F0000A2818D05FF000051B8901EB85019BB2D7
:1059000003FB021594B1FEF729FD604305EBD000BF
:1059100070BDFCF7DBFE002070BD0225ECE704251E
:10592000EAE71025E8E74FF48075E5E7284670BD03
:105930002DE9F0470F4608A91D4691E800071646D5
:105940000446182109F065F904F1080181E82007EF
:10595000C4E90076BDE8F087006811EA104000D085
:10596000012070472DE9F047894608A99A4691E839
:1059700060011746040004D01C2109F04AF91DB14A
:1059800007E0FCF7A3FE08E05146484600F00EF998
:10599000054605FB07F0404502D90020BDE8F08729
:1059A000A4F80490E78084F801A02581002060809D
:1059B00019202070C4E9038604485146C4E90560F3
:1059C0003046FFF7DBFD0120E8E7000040B600208D
:1059D00010B5064800F00CF80448183000F008F83C
:1059E0000248BDE81040303000F002B840B6002058
:1059F0000EB5054A00210091CDE90112034B044A7E
:105A00000449FFF795FF0EBDA72E03087D6F000820
:105A1000896F00088D6F00082DE9FC5F040004D039
:105A20002168080CC20705D102E0FCF74FFE01E037
:105A3000800602D40020BDE8FC9FC1F30720C11FEF
:105A400003291DD8072809D0082809D0092809D01A
:105A50000A2809D00026002527690EE00226FAE769
:105A60000426F8E71026F6E74FF48076F3E700BF48
:105A700007EB8500FEF7F2FD6D1CB542F8DB63E035
:105A8000102804D014281DD0132842D05CE0606890
:105A900000274FEA104A1FFA80F82089D4F81090A6
:105AA0001FFA80FB0BE04D46002604E02846FEF777
:105AB000D5FD2D1D761C4645F8D3D9447F1C57458E
:105AC000F1D341E060684FEA10491FFA80FA20895B
:105AD00080B20090400801902569009800FB095BA6
:105AE000002012E02F46002607E000BF1BF806103A
:105AF0003846FEF749F9761CBF1C5645F6D3009888
:105B000005440198834408F1010080464845E9D3E3
:105B10001AE0606800274FEA104A1FFA80F82089CF
:105B2000D4F810901FFA80FB0CE04D46002605E0EB
:105B3000A9782846FEF728F9ED1C761C4645F7D3D0
:105B4000D9447F1C5745F0D32068012141EA104019
:105B5000608008466FE72DE9F0419846069D17469C
:105B60000E46040012D016B92088C0F3072625B9C6
:105B70003146104600F01AF805462B46324641469B
:105B80003846ECF740FFE168814202D20020BDE8D0
:105B9000F0816670A780A4F8068025812046F6E78C
:105BA000026841EA12414180704700000A460146FE
:105BB000014800F003B8000040B6002030B443694B
:105BC0000C461BB1204630BC1146184730BC0020A3
:105BD0007047000010B508F0D3FE040001D1FCF7B7
:105BE00075FD0748D0F824112160C0F82441D0F891
:105BF0002811491CC0F828112046A16010BD0000E2
:105C000078B5002070B500260EF032F905000DD0F1
:105C1000D5F8B04206E02146284600F00FF800B162
:105C20000126E468002CF6D1002E05D105F034F8E9
:105C3000BDE8704000F04EB870BD00002DE9F041A5
:105C400007460E4600254868294605E00468026DAF
:105C5000032A0DD0054620460028F7D1B06800255C
:105C600020B196F84D200AB1726852B1F9B91CE022
:105C70003946F2F78DF901210DB12C60EBE7746024
:105C8000E9E740680EE0017907290AD1016D41B9C1
:105C9000416DC969B14204D10121016500F01AF8D2
:105CA00013E000680028EED10FE0706868B1084882
:105CB000D0F8244107E0E268314620469047401C76
:105CC00000D001252468002CF5D12846BDE8F081DC
:105CD00078B50020014810F0FFBC0000A8B60020F5
:105CE000014810F012BD0000A8B6002010B504460F
:105CF000302108F092FFFF2084F8200030206061FE
:105D000010BD00002DE9F0414E6D214D0C46306173
:105D100095F844014FF06408002705F5927520B10D
:105D200084F85A8084F859702DE0306870B14FF4CF
:105D300000210BF05FFB48B1012085F820002246CE
:105D4000222130680DF0DBF885F8207084F85A8045
:105D500084F8597004E02A6912B121462846904718
:105D60002D68002DF7D194F8590018B1BDE8F04125
:105D7000FFF748BF03202065BDE8F0812A6912B112
:105D80002146284690472D68002DF7D1F4E7000002
:105D900078B500202DE9FF410646406890460D4643
:105DA000D8B10EF065F8FEF781FE04460EF060F8FB
:105DB000FEF7F4FE01467068026D012A0DD082687C
:105DC000002A0ADC0269641EA24206DBC268002ABD
:105DD00003DC4069491E88421DDA0DB12C6818E0C9
:105DE000746816E0206D012812D194F8590008B1AA
:105DF00040450DD104F11807756811E0286D03289E
:105E00000DD03A4605F118016846FCF791FA30B119
:105E10002468002CE6D1002004B0BDE8F0812D6894
:105E20000DB1A542EAD12046F6E73022002108F064
:105E3000BCBE2DE9F0478146C869C0B015460C4686
:105E400000284DD094F85000022849D9606B0028F2
:105E500046DDA06B002843DD6C2217A808F0EAFDA0
:105E60001FA91E9806F030FB012839D12F986FF03A
:105E70006041C84204D195E80F002DAE86E80F00BE
:105E80001F9804F14406000C40062CD40622294633
:105E90004846FFF78CF80746406D6C2217A908F0BA
:105EA000C9FD2846FCF723FA80462846FCF72EFA5F
:105EB0000146208FA28E80B292B2CDE900200296D8
:105EC00007F11800236B4246044606F08AF9D5E92B
:105ED00000122046FCF771FB39464846FFF712FFD7
:105EE00040B0BDE8F087002204A81E9906F016FB1A
:105EF0000128F5D104980028F2D000690028EFD0DD
:105F000095E80C11D9E906A00DF1C80ED9F8147066
:105F1000D9F820108EE80C1122680DF1EC0E143225
:105F200092E80C118EE80C11D9F80820DAB132A9E8
:105F30003BAA0846FCF7FCF90028D1D028686B681A
:105F4000C11BA3EB0A02091AD21A32A8FCF735FBCF
:105F500032AE09F1340096E81E0080E80E0032A847
:105F6000C9F8404044E0CDE93801CDE9367A36A998
:105F700032AA0846FCF7DCF90028B1D02846FCF725
:105F8000B6F907462846FCF7C1F90146208FA28ED4
:105F900080B292B2CDE9002002963A4632A8236B35
:105FA00006F01FF9D5E9001232A8FCF706FB2846D7
:105FB000FCF79DF907462846FCF7A8F90146208F13
:105FC000A28E80B292B2CDE9002002963A4636A85F
:105FD000236B06F006F9D5E9001236A8FCF7EDFAB6
:105FE00036A93BAA0846FCF7A3F9002884D036A8B6
:105FF0000090049817AB32AA046904A94846A04748
:106000006EE7000038B504466C22002108F0CDFD93
:10601000FEF788F90090BDF80000A4F84C009DF848
:10602000020084F84E00FF2084F85000401C44F821
:10603000340F6060A08B40F48050A0830248E0627F
:106040006C2044F8200C38BD010000E02DE9F0413F
:106050009EB01E000D468046144653D02068039023
:1060600060680490A0680590E0680690286B38B9D5
:10607000696B4FF48070814202D1A96B814225D0B7
:106080001046FCF743F907462046FCF730F9AB8E83
:10609000298F02469BB205F1440089B20093CDE9F5
:1060A0000110394603A82B6B06F09BF80398216872
:1060B0000844039004986168084404900598216896
:1060C00008440590069861680844069008F1380273
:1060D00003A91AA8FCF72CF9002813D0002207A85E
:1060E000E96906F01BFA01280CD11AA8CDE9004095
:1060F000002307AA294602964046F8F795F907A813
:1061000006F0A8F91EB0BDE8F08100002DE9FF4FB0
:10611000A3B05FEA030916460C465CD0002207A82C
:10612000E16906F0FBF9012855D1606A85B2070CD8
:1061300004F15800FCF7EAF8002803DB04F15800EA
:106140000FC801E096E80F000DF10C0888E80F0079
:10615000294603A8FCF748FA394603A8FCF73FFA9A
:106160001E480DF1680ADDF80C800FC88AE80F00A0
:106170002AE0324603A91EA8FCF7DAF848B1CDF8A8
:1061800000A0CDE901B91AAB07AA21462398F8F778
:106190004BF903982844039005982844059003E0A0
:1061A0000DF10C0A0DF1780B0398B1688842E0DD1F
:1061B0000498CDF80C803844049006983844069032
:1061C00008EB0500401E05900498F1688842E7DD61
:1061D00007A806F03FF927B0BDE8F08FE491040866
:1061E000014810F074BA0000A8B600202DE9F04173
:1061F000074691F85A0013460C46022826D9E06952
:10620000002823D00078002820D0A06A00281DD0C4
:10621000052219463846FEF7CAFE0546406D6C2237
:10622000214608F007FC94F85D00C00708D06E6DA9
:10623000616DE0690EF003FDF06108B9FCF746FA04
:1062400029463846BDE8F041FFF75CBDBDE8F08166
:1062500038B504466C22002108F0A7FCFF2084F822
:106260005A001434FEF75EF80090BDF80000208359
:106270009DF80200A0764FF0FF3020641048606166
:106280004FF6FF70206344F8340FFEF74BF8009090
:10629000BDF80000A0809DF80200A07105200DF05F
:1062A00027FB0090BDF80000A4F807009DF802004D
:1062B0006072002060746C2044F8340C38BD00001B
:1062C00054C704082DE9FF4FC7B00C464798479ABA
:1062D000456D886A03903BA838324999FCF728F845
:1062E000002871D094F85800B0F1000901D14FF0A6
:1062F000010994F85C00C008C00730D0286820B1BC
:106300004FF400210BF076F868B394F85C00216B31
:10631000C0086FF060420091CDE9012019A8636BBD
:10632000A26AE1690FF0F0FA19988246039805F025
:10633000E4FB0746206B38441B904998D0E90012D3
:1063400004A80DF0DAFBA06B2890E06B05990025FE
:1063500001440591226E6E1E1AB330B121E04998B6
:10636000FBF7D4FFE1E7206ADFE74998416800299D
:1063700017DA9368581A002800DCC81A1B994FF4E2
:106380008063494203EB4101884200DD1660216EC3
:10639000086831B1002804DB0546059A48681044B6
:1063A000059094F85C00D4F85480C0080021CDF822
:1063B00000A0CDE90110E069636B28444146039ACF
:1063C0000FF07AF946192EE0A4E000BF94F85C00C3
:1063D0000021C008CDF800A0CDE90110E069636B91
:1063E00030444146039A0FF067F93546461905993E
:1063F0001B9808440590206E88B1059911F5806FAF
:106400000DDB016800290ADA0560499805994068A2
:10641000081A216E48604998216E40688860E069DA
:10642000405D002876D00598C1194798C06B81421D
:10643000CCDB4846CDF8FC90B9F1020F02D003281E
:1064400016D028E094F85C00711BC0080090E06949
:10645000636B2844039A0FF0B3FA07464998FBF799
:1064600055FFC01B049900EBD07001EB600011E0F8
:1064700094F85C00711BC0080090E069636B2844CD
:10648000039A0FF09DFA07464998FBF73FFF0499DE
:10649000C01B08440490D4E9119BD94502D9484651
:1064A000D94683460CA8FFF7C0FC94F85A008DF833
:1064B000470036A80F90A08DADF8440094F82E0048
:1064C0008DF84600206C14902EA81090A06E1390AA
:1064D00094F85B008DF84B00B4F86400ADF8480008
:1064E00094F866008DF84A001CA83C34FFF7FEFBC8
:1064F000A07F8DF8900003983C3C90F9160000B9FD
:106500000120299000201A90FDF70CFF41900020F7
:106510004090BDE1C9E104992898084404902C906A
:1065200000202D901890E06928442A90701B099053
:106530004FE10021A9F57F420091FF3A09D0ABF568
:106540007F42FF3A05D0DA4A2918E069126890477D
:10655000009018AB2BAA0BA92A980FF095F894F885
:106560005C00C00800077DD50B98232803D02D9927
:10657000012914D005E02D9830B1012808D0022857
:106580000AD00020409067E018981A90012004E09B
:1065900000202D90409065E000202D9019E12028EA
:1065A00002D00020409014E14098C0B100204090FB
:1065B00018991A98081A072813D094F82E008DF805
:1065C000060194F82C008DF8040194F82D008DF844
:1065D000050102202D9040980028A9D137E0012024
:1065E000E5E71A992A980622014442A808F022FAFF
:1065F00000208DF80E019DF80901F6F7F3FC07461F
:106600009DF80801F6F7EEFC07EB0010C0B22D90E4
:106610009DF80B01F6F7E6FC07469DF80A01F6F730
:10662000E1FC07EB0010C0B202909DF80D01F6F7F7
:10663000D9FC07469DF80C01F6F7D4FC07EB0010D7
:10664000C2B202992D98FDF7F3FE4190C1E794F88C
:106650005C00C008000705D52D98022802D10098DB
:10666000C01F00902EA92B9B0B9A039805F04BF9A5
:106670000B980FF049FA08B1002001E0BDF8BC000A
:106680000290049836900598379002980499401E1D
:106690000190084438901B980599401E0844399091
:1066A00018990998884254D894F85C00C00722D001
:1066B0002C9842900499019842AB08444490039866
:1066C00005991CAAC068014403980069091A039837
:1066D00090F91500081A29994390491E08444590DD
:1066E000A08DADF8910094F82E008DF893004A9F8C
:1066F00000214798B84794F85C00800729D52C986A
:1067000042900499019842AB08444490039903983D
:10671000D1E90321511A4900032291FBF2F190F9CA
:1067200016001CAA00EBD07001EB6000059908442C
:10673000014643902998401E08444590A08DADF82D
:10674000910094F82E008DF893004A9F00214798FD
:10675000B8474FF6FF7081451DD083451BD0009888
:10676000484518D3584516D2B4F84C00ADF844004B
:1067700094F84E008DF84600B4F84F00ADF8910043
:1067800094F851008DF893004A9F36AB1CAA002163
:106790004798B8470AE02D98022841D0A08DADF85F
:1067A000440094F82E0000BF8DF846004A990B98DB
:1067B000CDE9000104AA0CA9039B479804F0C0F995
:1067C0000298002805DD0498616B01440298084492
:1067D00004901898404503D2099981423FF6A9AE2A
:1067E00009983546A8EB00005FEA00080FD094F83E
:1067F0005C000021C008CDF800A0CDE90110E069DF
:10680000636B28444146039A0EF056FF06444998AC
:10681000006804903F98022809D003281DD02FE07B
:10682000BDF80401ADF844009DF80601BCE794F8FA
:106830005C00711BC0080090E069636B2844039AF8
:106840000FF0BEF807464998FBF760FDC01B04999E
:1068500000EBD07001EB600011E094F85C00711B5C
:10686000C0080090E069636B2844039A0FF0A8F811
:1068700007464998FBF74AFD0499C01B0844049059
:1068800005991B98084447990590496C884207DC94
:10689000B8F1000F04D0E069405D00287FF43BAE02
:1068A0001798002801D0FEF7A6FF4BB0BDE8F08F87
:1068B00028CC04082DE9FE438146486B16460C4659
:1068C000002842DDA06B00283FDD07223146484604
:1068D000FEF76DFB476D05466C222146384608F0F1
:1068E000A9F8002028653046FBF701FD80463046B8
:1068F000FBF70CFDA38E228F01469BB204F14400EE
:1069000092B20093CDE90120424605F1180080467D
:10691000236B05F066FCD6E900124046FBF74DFEFE
:10692000386E6FF06041C84204D196E80F005837C6
:1069300087E80F00E069012180F84D1003B0294677
:106940004846BDE8F043FFF7DDB9BDE8FE8300002F
:106950002DE9F0410446006810B10069BDE8F081FE
:1069600004F114000546FBF7D1FC07462846FBF767
:10697000BEFC064694F84C103846FFF717F900FBAA
:1069800006F594F84C20002331463846FEF7E4FE25
:1069900020600028E2D00848D0F82C112944C0F823
:1069A0002C1194F84C00FDF710FD18B1002120685F
:1069B000FEF7F7FD2068D0E778B500202DE9F0411B
:1069C000054616460F46502007F0DAFF04000ED0A9
:1069D00033463A46294600F011F82DB195F84E009D
:1069E00084F84E00A86CA0642046BDE8F081FBF757
:1069F0006DFE0020F9E70068FEF76CBF2DE9F0415D
:106A00001E4690460F46044607F01CFE0DF030FA75
:106A1000A760054696E80F0004F1340C14348CE8A6
:106A20000F0096E80F000FC496E80F000FC4284629
:106A300084F81880D5F8B422343C0AB12146904736
:106A4000D5F8B00208B906E00846C1680029FBD1B4
:106A5000C460BDE8F081C5F8B042FAE72DE9FF4F08
:106A600081B08B460E9D16461C46E9682869571A68
:106A7000AA6805F11809ABEB020305F1500AB42826
:106A80005CDA6A69B42A7DDA00287BD0002A79D0E2
:106A9000904277DDB14259DC696F79434FEAA12C0E
:106AA000E96B7F1C79438912A0F20F15582D01D88C
:106AB000002909DB451E592D01D8002904DB5B386C
:106AC000B32802D2002900DD0021A2F20F105828BD
:106AD00001D8002909DB501E592801D8002904DB00
:106AE0005B3AB32A02D2002900DD0021ACEB0100A1
:106AF00001EB60000125C71AA74200DD2746002FE1
:106B00000DDD3B4632465946CDF80090019800F025
:106B1000CDF8050003D13946019808F08EF8A74258
:106B200000DD2746002F00DA0027CDF800A05CE04A
:106B3000B54274D1284605B0BDE8F08F66DD6A69BC
:106B4000B42A63DD904261DDB14201DA0120F2E74F
:106B5000696F79434FEAA12CE96B7F1C7943891255
:106B6000A0F20F15582D01D8002909DB451E592D1B
:106B700001D8002904DB5B38B32802D2002900DDEC
:106B8000002100E042E0A2F20F10582801D80029AD
:106B900009DB501E592801D8002904DB5B3AB32ACF
:106BA00002D2002900DD0021ACEB010001EB600006
:106BB0000125C71AA74200DD2746002F0DDD3B4601
:106BC00032465946CDF800A0019800F06FF8050054
:106BD00003D13946019808F030F8A74200DD274676
:106BE000002F00DA0027CDF800900198E31B0BEB93
:106BF000070138441C460746324600F057F80600A5
:106C000096D12146384608F018F891E70127B84692
:106C1000B42805D038B109DAB14209DC0AE043E012
:106C2000B14210DC04E0B14202DC0CE0B14201DC14
:106C3000032708E0234632465946CDF800900198D4
:106C400000F034F807466869B42805D050B1E86808
:106C50000DDAB04203DC0CE0E868B04205DD4FF02D
:106C6000030802E0E868B042F9DDBFB10EE0B042CF
:106C7000F5DD234632465946CDF800A0019800F0D4
:106C800015F8804657B1B8F1000F07D0032F02D096
:106C9000012F05D008E0B8F1030F05D100204AE725
:106CA0004046B8F1010FFAD0022044E7F8B5069C3F
:106CB000256AE66A521BE569491B94F834504FEA8D
:106CC000C57526B1009475B3FAF730F9F8BD7DB1FA
:106CD000207E410725D000F00700012821D002289E
:106CE00001D1002A1DDB032827D1002A19DC24E06A
:106CF000247E04F00702022A13D0032A11D0012AAD
:106D000001D100290DDC620701EB030207D0002A44
:106D100013DB49420FD50021002B0EDD0FE0002AC6
:106D200002DA0120F8BD10E04A4206D49A420ADA9B
:106D3000991A104405E0994201DB0020F2E79942DC
:106D400001DA07F07AFF0220ECE7FAF799F9E9E7B0
:106D50002DE9F04F8DB08046DDF858900E461C4668
:106D600099F81C00174600F0010A04A809F108016F
:106D7000D9F81850FBF71CFA0598BAF1000F2AD081
:106D8000B8424ADC0798B84247DB04982844B0422E
:106D900004DC06993019491B884207DD0598284410
:106DA000B8423EDC0798401BB8423ADB0498BAF17F
:106DB000000F16D0801B00D50020A0422FDC0699C2
:106DC000891B091A491C4218A24200DD211A002918
:106DD00025DB4044E4E0B84211DC0798B8420EDB02
:106DE000D3E7871BA7420ADC002F03DB3946404666
:106DF00007F023FF0698851B6D1C002D03DC002087
:106E00000DB0BDE8F08FA54204DA611B08EB050068
:106E100007F013FF1FB9A54201D10120F0E70220BE
:106E2000EEE70498801B039004A8FBF76FFA02902A
:106E300004A8FBF75CFA0599791AA94202DA681AE4
:106E4000401E01E0401B081AD9F82010022303EB72
:106E50004003CA684FF00007D35A32F810209E1A38
:106E60008B68496802EB010BDDE9022133F8100061
:106E70001144491B01EB0009039929440D1A6D1EA9
:106E8000BAF1000F21D069E0F11B01EB0B0010F803
:106E9000010C089009EB07005FEA000A08D4A2453C
:106EA00006DA18F80A10089810F0A7F908F80A008E
:106EB000B5EB070A08D4A24506DA18F80A100898B4
:106EC00010F09BF908F80A007F1CB742DCDB09EBE5
:106ED0000700A04201DA014600E02146002901DA5C
:106EE000002002E0A04200DB2046211A404407F0C7
:106EF000A4FEA91B481CA04201DA4A1C00E022465D
:106F0000002A01DA002104E0A04201DA491C00E075
:106F10002146404644E0F11B01EB0B0010F8010C48
:106F2000C0F1FF00089009EB07005FEA000A08D4EF
:106F3000A24506DA18F80A10089810F05EF908F869
:106F40000A00B5EB070A08D4A24506DA18F80A10B9
:106F5000089810F052F908F80A007F1CB742DADBF3
:106F6000681CA04201DA691C00E02146002901DA10
:106F7000002504E0A04201DA6D1C00E02546A9EBE3
:106F80000501621B914201DA084600E01046002824
:106F900001DA002102E0914200DB114608EB050016
:106FA00007F04BFE3BE72DE9F0410546884690F897
:106FB0004C00FDF70AFA002829D00B2205F1140134
:106FC0002846FDF7F4FF0646406D3422414607F09F
:106FD00031FD746D2561206898B14FF40027394662
:106FE0000AF008FA68B1394620680BF0B1FC324665
:106FF0002221D8F800000BF082FF3946206808F003
:107000008FF831462846BDE8F041FEF77BBEBDE86B
:10701000F0813422002107F0C8BD00002DE9F74FB0
:10702000886D8EB016460C46A0B194F83110022936
:1070300010D9012806D1606E002803DCE06D08B984
:10704000206E38B15FF0010194F82E00022803D8B9
:10705000002202E00021F7E70122914694F82B205C
:10706000022A24D9226A12B30122924694F82F20D0
:10707000022A1ED9626CE2B194F84820930618D413
:10708000D20616D00122934694F83020022A12D953
:10709000E26C82B1012201270A92FF2815D394F8ED
:1070A0004000000716D0002094F83F2010E0002296
:1070B000DBE70022E7E70022EDE700BF00EB8003FB
:1070C000234493F83830FF2B01D0002702E0401C06
:1070D0008242F3D8C1B3032231460E98FDF767FF11
:1070E0008046456D616E18300A460090FBF713F933
:1070F000A16D00980A46FBF70EF9D4E91712009823
:10710000FBF75BFA1C2221462846E9F715FA3820DE
:107110006861E069E861B4F85400288494F8560086
:1071200085F82200A06D6862606EA86294F8310054
:1071300085F83400E06DE862206E286385F83570CC
:1071400041460E98FEF7DEFDB9F1000F53D0D6E9A7
:107150000002D6E90213CDE90002CDE90213606C0A
:1071600001281EDD94F82F00FD281AD3E069C0B174
:1071700094F848000099C0F38002114400910199ED
:10718000C0F340000844019094F848000299C0F30D
:10719000C000081A029094F8481001F00101581A32
:1071A0000390012269460E98FDF701FF456D0746E1
:1071B0002846FEF79BFD1C2221462846E9F7BCF92C
:1071C000302045F8140FE069A860608EA5F80D0026
:1071D00094F83400E873D4F835002861D4F8390005
:1071E0006861D4F83D00A86194F82E0028733946F0
:1071F0000E98FEF787FDBAF1000F7CD0206A05F0EB
:107200004AFD07004FF000054FF06C0808D0012F31
:1072100006D00C2103A807F000FD032F6BD008E077
:1072200003A9206A05F050F9012864D1CFB3012FDA
:1072300038D06FF06040CDE900500295D4E90812D3
:1072400000230BA80EF060FB06950B980795401ED7
:1072500008900C980023401E0990092206A9009569
:107260003046FAF79EFE052206A90E98FDF79FFE0E
:10727000456D07462846FEF7EBFF1C2221462846AF
:10728000E9F75AF9C5F81480208DA88594F82A00EA
:1072900085F82E00606AA862206AE86105203871CE
:1072A00050E0FFE794F82D0010B10622314614E0BB
:1072B00004984FF0FF3180B2401E08900498069564
:1072C00001EB1040099007950023092206A90095BB
:1072D0003046FAF766FE062206A90E98FDF767FE0D
:1072E000456D07462846FEF78DFE1C22214628469E
:1072F000E9F722F900E029E045F8148F206AA86038
:1073000094F82B0085F83C00208D288794F82A00FB
:1073100085F83A0094F82C0085F83B0094F82D107D
:10732000A88F03AB61F34D30A88793E8070005F100
:107330000C0383E80700E069A86196E80F00443574
:1073400085E80F0039460E98FEF7DCFC4FF02C085C
:10735000BBF1000F23D0022231460E98FDF727FE25
:10736000456D07461C2221462846E9F7E5F845F811
:10737000148FE069A860B4F84100A88194F8430034
:10738000A87394F82F002875606C286194F8480061
:10739000394600F01F0068750E98FEF7B3FC0A9896
:1073A00000283FD096E80F008DE80F00D4E91301C4
:1073B000421811466846FAF7AEFF022269460E9857
:1073C000FDF7F5FD0646456DE16C18300A460746A7
:1073D000FAF7A1FF216D38460A46FAF79CFF1C22F6
:1073E00021462846E9F7A8F8C5F81480E16947F670
:1073F000FF70814203D0E06C0844216D084445F8D9
:107400001C0FB4F84900A88094F84B00A87114F838
:10741000300F2873E069A8600F20687331460E981A
:10742000FEF770FC11B0BDE8F08F000038B50446DF
:10743000682107F0F2FBFDF769F90090BDF8000044
:1074400060869DF8020084F834002A34FDF75EF966
:107450000090BDF80000A4F80B009DF802006073D6
:10746000FCF760FF0090BDF8000020829DF802004C
:10747000A074FF25257502206075FCF753FF00906E
:10748000BDF80000A4F817009DF802006076FCF734
:1074900049FF0090BDF8000060859DF8020084F867
:1074A0002C00074844F8060C25716570A5716571BC
:1074B000E571A07F20F01F000F30A07738BD0000DD
:1074C00054C704082DE9F74F91F83A00ADF5107D47
:1074D0000C4602283CD9256A002D39D0D4E909018F
:1074E000884235D0208FA84200DA05460FCA4FAE39
:1074F00086E80F00909A4FA943A83832FAF718FF90
:10750000002825D0606B47F6FF7828BB606AA16A27
:1075100000F5B4728A4203D001F5B47188421BD1E0
:107520007DA8FDF796FF94F83A008DF81C02A08B19
:10753000ADF81402A07F8DF816020F2086958DF805
:107540001D02CDF810824FAA7DA9909801F0ADFAE6
:107550000DF5137DBDE8F08F4F98479050984890F7
:107560005198499052984A904799206A014447910E
:107570004899084448904998216A401A49904A9885
:10758000216A401A4A90D4E909764FF4B47001E0B8
:10759000A7F5B4778742FBDA02E000BFA6F5B47620
:1075A0008642FBDA4FF00009CDF82C91CDF83091EE
:1075B000CDF83491CDF838910096D4E90B123B46C2
:1075C00018A802F0EBFB18A84B90002342464FA9E5
:1075D0006BA802F059FD6BA84C9000208A9047A838
:1075E000FAF794FE00280EDD47A8FAF780FE00287F
:1075F00009DD0123424647A974A802F045FD74A89D
:107600004D9001208A9043A8FAF771FE159043A887
:10761000FAF77CFE834607F085F90DF586788246F9
:1076200098E80F000DF10C0888E80F002C2107A83E
:10763000E8F7BCFFCDF834A094F83A008DF830009C
:1076400003A807900F9000208B90616B99B30022E4
:1076500057A804F063FF70B3629860B3CDF84C9103
:107660006298CDF850914FF0FF31808880B2401E73
:1076700055906298406801EB104056906298216BDB
:107680008088C0F34E000A1AE16A091A53A8FAF773
:1076900094FF53A80B906298006908906298008943
:1076A00080B2099062980088C0F307208DF8280006
:1076B000142808D012E0FFE7A08BADF83100A07FBE
:1076C0008DF833000AE012208DF828000B98FAF7A5
:1076D0000EFEDDE9081202FB00108B9094F83B00CF
:1076E0004FF00008C00752D005FB05F0009007F0EE
:1076F00019F95FEA000801D1FAF7E8FFFF214046D7
:10770000009A07F052FA681E8890899005EBD570B0
:107710004210CDF81892CDF81C92002386A97DA8BE
:1077200002F0B2FC7DA8CDE98C09CDF85C80002088
:1077300011E00346002200958CA8179902F08AFBFD
:1077400020B92A460021179807F02FFA17982844E5
:10775000179009F101008146A842EADB7DA802F0FA
:10776000B7FBEAB2218F3BAB38B2F5F7DCF8D4E9CE
:107770000B123BA8FAF721FFEAB2218F3FAB30B2E0
:10778000F5F7D1F8D4E90B123FA8FAF716FF0498E1
:1077900000260227069071E05A46FF21504607F066
:1077A00004FACDF800B0DDE9032351464BA802F0FE
:1077B00051FB8DF8380094F83B10C9072DD03C9A46
:1077C0000499914211DB3E9A91420EDC30B9504649
:1077D0005A46002107F0E9F98DF8387053463BAA64
:1077E00003A940460095EBF77AFA4099049888423D
:1077F00013DB4299884210DC9DF8380030B95046BE
:107800005A46002107F0D1F98DF8387053463FAA47
:1078100003A940460095EBF762FA8B9818B39DF8E0
:10782000380000B30B9A04998B985268891A099A08
:10783000520802FB01000B9A03991268891A0A1870
:10784000002008E01AF80010135C11FB03F10B0A8A
:107850000AF80030401C5845F4DB9DF83800012838
:1078600001D18DF8387007A9909800F024F8049899
:10787000401C04900698401C761C06901598864281
:107880008ADB18A802F024FB6BA802F021FB8A987F
:1078900010B174A802F01CFB504604F047F9606B6D
:1078A00010B157A804F0D6FDB8F100003FF450AE77
:1078B00004F03CF94CE6F0B50746087D95B00C465F
:1078C000022819D9A06910B1207F002814D007F12F
:1078D000380268462168FAF72BFD00280CD0BD6CF1
:1078E0002868008986B295F84C0002F049F8020039
:1078F00004D021463846904715B0F0BD6068002797
:10790000E8B3694608462269FAF712FD0028F3D069
:10791000226A2AB169460846FAF70AFD0028EBD028
:107920006846FAF7F3FC05906846FAF7E0FCCDE903
:107930000606207D8DF8310094F828008DF832007D
:10794000A0680B90207B8DF83000207B6668FCF7E8
:1079500005FD2169019A4B680968D21A0B9B03FB4C
:107960000262009B591A414302EBD100CDE9097034
:10797000A06900286ED0217F01296BD000E004E0CF
:107980000890206A00287ED07FE06846FAF7BEFCA7
:1079900005906846FAF7ABFCCDE90606207D8DF828
:1079A0002B00B4F81500ADF82800E07D8DF82A0012
:1079B0000997A069F0B1217F01291BD008909DE8AB
:1079C0000F000BAE86E80F00A86942426869414289
:1079D0000BA8FAF7F2FD0198A969421A00986969A3
:1079E000411A2846FFF707F804900898A8B1606A82
:1079F00010B104E00897E2E7206AFAF787FC0990E3
:107A0000206A009902684068891A019A101ADDE913
:107A1000082303FB00200844089095F84C1004A8A4
:107A200011291DD00BDC062922D0072926D00F29C9
:107A300014D010297FF460AF00F042F95CE71229FE
:107A400009D0152917D01A290FD01B29F6D100F01B
:107A500041FD51E715E000F03FFC4DE7032100E058
:107A6000042100F035FE47E70DE000F0DFF943E7C1
:107A700000F0A5FB40E700F073F83DE700F0B6FA30
:107A80003AE7089716E0FAF721FEA0690890606AC5
:107A900010B9206AFAF73AFC0990206A0099026846
:107AA0004068891A019A101ADDE9082303FB0020B7
:107AB000084408909DE80F000DAE86E80F00A86905
:107AC0004242686941420DA8FAF777FD236911AE79
:107AD0000FCB86E80F00A86942426869414211A8AD
:107AE000FAF76BFD0198A969421A00986969411A71
:107AF0002846FEF780FF049095F84C1004A8122940
:107B00001DD011DC0F2920D006DC062922D0072940
:107B100094D100F007FFEFE6102913D011298DD181
:107B2000042100F09BFFE7E6142908D0152914D0A2
:107B30001A290CD01B298CD100F067FFDCE600F07D
:107B40003BFFD9E600F0B1FED6E60321E9E700F0FD
:107B5000D5FED1E600F00BFFCEE600F085FECBE6C9
:107B60002DE9FF5F044690F81B90D4E90157D4E952
:107B700004600390E06802906846FCF70CFD5EB17B
:107B8000A069B9F1FD0F76D3FCF73FFC60F307085D
:107B90000020D4F800A069E0A069B9F1FD0F34D34A
:107BA000FCF733FC8DF80C00FF208DF80D0000264B
:107BB000236826E00022A5F1100414E003EB420143
:107BC000BDF80C00088048808880C8800881488102
:107BD0008881C881088248828882C8820883488355
:107BE0008883C8831032A242E8DBBDF80C00AA42A9
:107BF00004DA03EB4201521C0880F8E70298761C75
:107C00000344BE42D6DBBDE8FF9FFCF7FEFB60F3FA
:107C1000070669F30F26B1460026D4F800800DE070
:107C2000002406E008EB44016A464846FCF726F9C2
:107C3000641CAC42F6DB0298761C8044BE42EFDB4B
:107C4000E1E700240AE0315D404661F30F20804601
:107C50000AEB44016A46FCF711F9641CAC42F2DB02
:107C60000398029906448A4409F101008146B8420A
:107C7000E7DBC8E7FFE7FCF7C8FB60F30708002075
:107C8000D4F800B017E000240DE0315D11FB09F0DD
:107C9000010A404661F30F2080460BEB44016A461F
:107CA000FCF7ECF8641CAC42EFDB029883440398C9
:107CB00006440AF101008246B842E4DBA3E7000073
:107CC0002DE9F04F044690F81B80D4E90156D4E921
:107CD000047091B00690E06808900AA8FCF76FFC69
:107CE00040465FB1B8F1FD0F77D3FF21A069FCF7E3
:107CF000DCFC81460020D4F800A069E0B8F1FD0F5B
:107D00002FD3A069FCF7F5FC2368002424E00022AF
:107D1000A5F10F0714E000BF43F8220003EB820136
:107D2000103248608860C860086148618861C86135
:107D3000086248628862C862086348638863C863EF
:107D4000BA42E9DB03E000BF43F82200521CAA421A
:107D5000FADB0899641C0B44B442D8DB11B0BDE8CF
:107D6000F08F0146A069FCF7A0FC82460027D4F8FA
:107D7000008011E000240AE008EB84090AAAD9F87F
:107D800000105046FCF774F9C9F80000641CAC42BE
:107D9000F2DB08987F1C8044B742EBDBDEE700246F
:107DA0000EE0395D484661F31F600AEB840B8146A3
:107DB000DBF800100AAAFCF75BF9CBF80000641CA2
:107DC000AC42EEDB0698089907448A4408F10100AA
:107DD0008046B042E3DBC1E7FFE70146A069FCF75C
:107DE00064FC82460020D4F800B01BE0002411E0BF
:107DF000395D11FB08F0010A504661F31F600BEB7F
:107E000084010491824609680AAAFCF731F90499B1
:107E1000641C0860AC42EBDB089883440698074476
:107E200009F101008146B042E0DB97E72DE9F04F10
:107E3000044687B0D4E90167C57ED0E904A0059067
:107E4000E06804906846FCF7CFFBFD2D00D3FF25CA
:107E50002946A069FCF729FC8146FF2D21D065F356
:107E60001F68C9F3074010FB05F0000A60F31748CC
:107E7000C9F3072010FB05F0000A60F30F2809F092
:107E8000FF0010FB05F0000A60F307084FEA080B3B
:107E9000BAF1000F07D02068FD2D6BD38046002576
:107EA00065E0CB46F4E7FD2D15D3A069FCF721FC76
:107EB00001460023226809E0002002E042F8201079
:107EC000401CB042FADB04985B1C0244BB42F3DB6B
:107ED00007B0BDE8F08F0025D4F8008012E0002440
:107EE0000BE000BF08EB84096A46D9F80010584639
:107EF000FCF709F9C9F80000641CB442F2DB0498ED
:107F00006D1C8044BD42EADBE2E7002428E01AF859
:107F100004104846FD2909D308EB840B6A46DBF8B8
:107F20000010FCF7F0F8CBF8000018E0022916D991
:107F300061F31F60C0F3074212FB01F2120A62F301
:107F40001740C0F3072212FB01F2120A62F30F205E
:107F5000C2B212FB01F1090A61F30700DCE7641CFD
:107F6000B442D4DB04996D1C884405998A44BD420F
:107F7000CBDBADE78346002033E0002429E01AF88C
:107F80000420484612FB05F1090AFD290AD300BF67
:107F90000BEB8401069109686A46FCF7B4F8069970
:107FA000086015E0022A13D961F31F60C0F307428D
:107FB0004A43120A62F31740C0F307224A43120AE7
:107FC00062F30F20C2B24A43110A61F30700DFE7F0
:107FD000641CB442D3DB049908F101008B44059979
:107FE0008A448046B842C8DB72E700002DE9FE4FA4
:107FF000074690F81B90D7E90156D0E9048002901B
:10800000F8680090B869FCF700FA4FEAD01BF869ED
:108010003C68C11700EB517121F00701A0EB010A88
:10802000B8F1000F05D0B9F1FD0F4FF0000076D286
:10803000C1E0B9F1FD0F4FF0000015D219E00027A3
:108040000CE000BFBBF1000F07EB0A01204602D095
:1080500015F060F901E0EFF7E9FF7F1CAF42F1DBBB
:108060000098044408F101008046B042E7DBBDE817
:10807000FE8F8046B042FADA002722E007EB0A01C1
:10808000C81701EB507004EBE00220F007001278F3
:10809000081AC0F10700C24002F0010019FB0BF3FF
:1080A000C9F1FF0212FB0032FF20B2FBF0F010F02A
:1080B000FF0F204602D015F02DF901E0EFF7B6FFD3
:1080C0007F1CAF42DADB0098044408F10100D0E7DE
:1080D00000272EE018F8070000B3FF2820D007EB98
:1080E0000A01CA1701EB527204EBE20322F0070205
:1080F0001B788A1AC2F10702D34003F0010210FB79
:108100000BF3C0F1FF0010FB0232FF20B2FBF0F0D6
:1081100010F0FF0F09D0204615F0FCF808E010E041
:10812000BBF1000F07EB0A01F5D12046EFF77EFF08
:108130007F1CAF42CEDB009802990444884409F1C9
:1081400001008146B042C3DB91E700272BE000BF6E
:1081500018F8070018B307EB0A01CA1701EB5273AE
:1081600004EBE30223F007031278CB1AC3F10703F1
:10817000DA4002F0010310FB09F0FF22B0FBF2F03D
:10818000C0B210FB0BFCC0F1FF0010FB03C0B0FB42
:10819000F2F010F0FF0F204602D015F0BBF801E01E
:1081A000EFF744FF7F1CAF42D2DB009802990444F2
:1081B00001988844401C0190B042C6DB57E72DE986
:1081C000FC5F0646D6E9014590F81B80D6E90470AD
:1081D0000090D6F80CB0B0694FB1B8F1FD0F5CD388
:1081E000FCF713F982460020D6F8009051E0B8F170
:1081F000FD0F27D3FCF709F9336800261EE00022A3
:10820000A4F1100711E09854991810324870887042
:10821000C870087148718871C87108724872887294
:10822000C872087348738873C873BA42EBDB01E005
:108230009854521CA242FBDB5B44761CAE42DEDB50
:10824000BDE8FC9FFCF7E1F882460027D6F80090D5
:108250000CE0002606E009EB060142465046FCF71A
:1082600053F8761CA642F6DBD9447F1CAF42F0DB04
:10827000E6E7002606E0BA5D09EB06015046FCF78A
:1082800043F8761CA642F6DB0098D944074408F16F
:1082900001008046A842ECDBD2E7FCF7B6F801907B
:1082A0000020D6F800A012E0002609E0B95D11FB1D
:1082B00008F0020A0AEB06010198FCF725F8761C83
:1082C000A642F3DB0098DA44074409F10100814635
:1082D000A842E9DBB4E700002DE9F04F054685B080
:1082E000D5E901608046A869FCF7F5F98146D5E932
:1082F000047095F81BA000902C68E86802902FB1DC
:10830000BAF1FD0F4FF0000074D2DFE0BAF1FD0FBB
:1083100030D3002129E000BF701E20F00F0004EBD5
:10832000400304EB4602A00701D024F8029B09EBAE
:1083300009400DE001C401C444F8080B44F8040CE2
:1083400044F8100B44F80C0C44F8080C44F8040CE6
:108350009C42EFD302E000BF24F8029B9442FBD37F
:108360000298491C2044A0EB46044145D4DB05B0EB
:10837000BDE8F08F2088401C0390002001900490FD
:108380004045F4DA0025A00706D021885246484629
:10839000FBF756FD20800125A6F1020B5D4534DA7E
:1083A00004EB450734F81510788881420CD052460A
:1083B0004846FBF745FD24F81500798852464846A3
:1083C000FBF73EFD788013E000973A6803988242FD
:1083D00002D1019838600BE0386803905246484655
:1083E000FBF72EFD24F815007880009800680190B6
:1083F000AD1CD3E750E000BF34F815105246484694
:10840000FBF71EFD24F815006D1CB542F4DB029845
:1084100004440498401CB2E70025F80706D03A78D7
:1084200021884846FBF70CFD20800125A6F1020AB1
:10843000554529DC785BA0F57F41FF3915D090B117
:108440007A5D34F815104846FBF7FAFC24F815005D
:10845000781904EB45014278019149884846FBF7B9
:10846000EFFC01994880AD1CE2E724F815904846DE
:1084700004EB4501F6E77A5D34F815104846FBF742
:10848000DFFC24F815006D1CB542F4DB02980444AF
:10849000009807440BF1010083464045BCDB66E7CA
:1084A00000250BE0795D11FB0AF0020A34F8151083
:1084B0004846FBF7C5FC24F815006D1CB542F1DBFE
:1084C00002980444009807440BF10100834640459C
:1084D000E6DB4CE72DE9F04F054687B0D5E90160B2
:1084E0008046A869FCF7F7F80090010A41EA0020ED
:1084F0001FFA80F9D5E9047095F81BA003902C6849
:10850000E86802902FB1BAF1FD0F4FF000007DD264
:10851000DAE0BAF1FD0F2FD3002128E0701E20F021
:108520000F0004EB400304EB4602A00701D024F83F
:10853000029B09EB09400DE001C401C444F8080B9B
:1085400044F8040C44F8100B44F80C0C44F8080CE4
:1085500044F8040C9C42EFD302E000BF24F8029BD5
:108560009442FBD30298491C2044A0EB46044145A9
:10857000D4DB07B0BDE8F08F00271FE02088401E45
:10858000002182B20D4614E034F8150090420DD05F
:10859000010A41EA002081B252460098FBF750FCE4
:1085A000010A41EA002034F8152081B224F81510A0
:1085B0006D1CB542E8DB02987F1C04444745DDDBB7
:1085C000D7E70025F8070CD020883A78010A41EA5D
:1085D000002081B20098FBF733FCFCF761F82080A3
:1085E0000125A6F1020A554545DC785BA0F57F41DF
:1085F000FF3929D030B334F8150004EB4502010AE5
:1086000041EA002081B20492508800E03BE0020A77
:1086100042EA002080B201907A5D0098FBF710FCDE
:10862000059078194278DDE90001FBF709FC01901B
:108630000598FCF735F824F815000198FCF730F898
:10864000049A5080AD1CCEE704EB450124F8159048
:10865000A1F80290F6E700BF34F815007A5D010A30
:1086600041EA002081B20098FBF7EAFBFCF718F81A
:1086700024F815006D1CB542EEDB02980444039803
:1086800007440BF10100834640459ADB71E7002562
:1086900012E000BF34F815007A5D010A41EA0020BB
:1086A00081B212FB0AF0020A0098FBF7C9FBFBF744
:1086B000F7FF24F815006D1CB542EBDB029804446B
:1086C0000398074409F1010081464045DFDB50E78C
:1086D0002DE9FF5F044690F81BA00069D4E901561C
:1086E0005FEA000860690190D4F80C900F460CD046
:1086F000A069BAF1FD0F76D3FBF7FBFF029020686B
:10870000009005FB07FA002084E0BAF1FD0F4FD37B
:10871000032F07D0042922D1A069FBF7EAFF2368C1
:10872000002442E0206805EB45058046002107E073
:10873000227E42544218637E5370A37E9370C91CFC
:10874000A942F5DB00EB0907012406E02A46414671
:10875000384606F06FF94F44641CB442F6DBBDE8BE
:10876000FF9F0022A5F1100714E000BF43F822008C
:1087700003EB8201103248608860C860086148617C
:108780008861C861086248628862C8620863486399
:108790008863C863BA42E9DD03E000BF43F8220002
:1087A000521CAA42FADB4B44641CB442D9DBD6E724
:1087B000A069FBF79EFF00907D43D4F800B0002035
:1087C0008046B042CBDA002407E000BF0BEB040187
:1087D00052466846FBF726FC3C44AC42F6DBCB44F1
:1087E00008F10100ECE719E00024254609E000BF8C
:1087F000009818F80520011902A8FBF713FC3C4467
:108800006D1C5445F4DB0098484400900198804466
:108810000BF101008346B042E6DBA0E7FBF769FFFE
:1088200003902068009005FB07FB002018E000245F
:1088300025460BE018F8051011FB0AF0020A009813
:10884000011903A8FBF7EEFB3C446D1C5C45F1DB12
:10885000009901EB09000090019880440298401CA7
:108860000290B042E3DB7AE790F82010102915D08F
:1088700007DC062914D0072914D00F2914D10321AD
:108880000AE0112907D0122903D015290CD1EAF7E3
:108890006BBA11F091B8042113F026B8EBF75CBD68
:1088A000F7F762BBF4F714BC704790F82010112959
:1088B00018D009DC06291AD007291CD00F290FD09F
:1088C00010291AD1EBF74CBE122907D0152910D068
:1088D0001A290AD01B2910D112F03ABA11F060B946
:1088E000032100E0042113F001B9ECF70DBFF7F705
:1088F00000BCEAF727BBF4F797BC704790F820104C
:108900000F2909D0102905D0112907D01A2908D11B
:10891000EDF754B8EBF70CBF032100E0042113F08E
:108920002BBA704790F82010112916D009DC0629BF
:1089300016D0072918D00F290DD0102916D1ECF721
:10894000BEB8122905D015290CD01B290ED112F062
:1089500049BB11F04DBA032100E0042113F070BBB4
:10896000F7F79ABCEAF7E2BBF4F74EBD704790F810
:108970002010112916D009DC062916D0072918D095
:108980000F290DD0102916D1ECF7DEB9122905D028
:1089900015290CD01B290ED112F0D2B811F088BBCA
:1089A000032100E0042113F04BBCF7F790BDEAF778
:1089B0000FBDF4F75FBE704790F82010112918D052
:1089C00009DC06291AD007291CD00F290FD010293D
:1089D0001AD1ECF791BA122907D0152910D01A290B
:1089E0000AD01B2910D112F063BC11F059BC03212D
:1089F00000E0042113F012BDEDF766B9F7F72ABEC7
:108A0000EAF7CCBDF4F720BF704790F82010112989
:108A100018D009DC06291AD007291CD00F290FD03D
:108A200010291AD1ECF7F0BB122907D0152910D064
:108A30001A290AD01B2910D112F0B0BD11F096BD31
:108A4000032100E0042113F065BEEDF73BBBF7F70F
:108A500057BFEAF71BBFF5F755B8704790F82020CD
:108A6000112A17D009DC062A18D0072A1AD00F2A93
:108A70000DD0102A18D1ECF769BD122A05D0152A9D
:108A80000ED01A2A10D1EDF743BD11F003BFC9B2C1
:108A9000032201E0C9B2042213F0D2BFF8F7A2B852
:108AA000EBF78AB8F5F7CCB97047F0B5074691F8FF
:108AB000280087B00C46164602285AD9606A00285A
:108AC00057D094F82900C00653D01046F9F71EFC81
:108AD00005463046F9F70BFCE369854200DB0546A5
:108AE000B3EB650F00DD6B10306803907068049085
:108AF000B0680590F068069094F82910039A48072A
:108B0000606A01D418444042104403900807059A53
:108B1000606A01D418444042101A059094F8290064
:108B200004998007606A01D41844404208440490C4
:108B300094F829000699C007606A01D118444042A0
:108B4000081A0690606A181A00D5002053EA00013E
:108B500011D094F82810029134F8201FADF80410B9
:108B6000A1788DF80610009003AA31463846EFF739
:108B700034FD07B0F0BD94F82800009003AA3146F8
:108B80003846236AEFF7EFFEF3E700002DE9F74FD1
:108B90000F461068C96A14464218B86ACAB0121A59
:108BA0000192A2681144084403906068396B039AEB
:108BB0000844B96A401A0290E068396B0844B96AFF
:108BC00008440490786A019900EBD070A1EB600131
:108BD000491E3891012101EB600010443A90786AF7
:108BE000029A00EBD070A2EB6000401E3990786AC8
:108BF000049A00EBD07001EB600010443B9097F8B2
:108C000034002890FD2801D9FF2028904A9A38A9DD
:108C1000383245A82092F9F78BFB00287ED02146F8
:108C20000AA8F9F7B3FA4FF0FF310A460AA8F9F794
:108C300072FBF8691D900AA8F9F768FB04460AA8B8
:108C4000F9F755FB84420AA802DAF9F75FFB01E065
:108C5000F9F74DFB1D99B1EB600F01DD40101D9040
:108C600001A8FD69F9F752FB044601A8F9F73FFB9B
:108C7000844201A802DAF9F749FB01E0F9F737FB72
:108C8000B5EB600F00DD4510786A441904FB04F071
:108C9000400005F047FE5FEA000901D1F9F716FD33
:108CA0002B46494601A87A6A14F0EAFB97F835008A
:108CB00010F001064FF000002290239007D101230D
:108CC0000AA93CA81D9A01F0DFF93CA8229038A817
:108CD000F9F71CFB05F026FE834611A82C22002183
:108CE00005F063FF2AA81190CDF85CB01990388C7C
:108CF000ADF8590097F822008DF85B0097F8340022
:108D00008DF8580038A8F9F701FB389900EBD070BE
:108D100001EB600A38A8F9F7EAFA00E0F0E33999C4
:108D200000EBD07001EB60053A982C90001B401CC2
:108D3000CDE92A01601E0F9008442A992D905046D3
:108D4000514500DD08462A902D98A84200DB2846B0
:108D50002D902AA924A8209AF9F7EAFA78B30AA94B
:108D600024A81D9AF9F704FB48BB24A8F9F7CEFA0A
:108D7000399A25990890891A01FB04903A9A249906
:108D8000121B891A0844401E109046B10AA924A853
:108D90001D9AF9F744FB10B101200E9000E00E96E9
:108DA0000898002820DD24982A90CDF85CB02698F9
:108DB0002C9002208DF86000DDF8948011E013E023
:108DC0000E98CDF8AC80CDF8B48028B310981790E9
:108DD00011A94A98FEF76FFD109808F10108204488
:108DE000109027994145EBDA3A982C90001B401CD3
:108DF0002A903B982A99001B401C2B903B982D9061
:108E00005046514500DD08462A90681C2B991E905B
:108E1000814216DD084615E022465846109905F0B5
:108E200009FE089800904346594622A8249A01F06A
:108E300011F88DF860000128CAD102208DF8600079
:108E4000C6E7681C2B902AA924A8209AF9F770FA83
:108E500078B30AA924A81D9AF9F78AFA48BB24A86E
:108E6000F9F754FA0590279A2D99891A01FB049075
:108E70003A9A2499121B891A0844401E109046B150
:108E80000AA924A81D9AF9F7CAFA10B101200E9078
:108E900000E00E960598002820DD2498CDF85CB0FF
:108EA0002A9026982C9002208DF86000DDF89C8096
:108EB00011E013E00E98CDF8AC80CDF8B48050B33B
:108EC0001098179011A94A98FEF7F5FC1098A8F190
:108ED00001082044109025994145EBDD3898204445
:108EE0002A903A98001B2C9039982B9001460F98A5
:108EF00008442D90A84200DB28462D902AA924A8DA
:108F0000209AF9F715FA78B30AA924A81D9AF9F757
:108F10002FFAA8B16FE022465846109905F08AFD55
:108F2000059800904346594622A8249A00F092FFE3
:108F30008DF860000128C5D102208DF86000C1E7DE
:108F400024A8F9F7E3F92B9A25993190891A01FBA6
:108F5000049010904EB10AA924A81D9AF9F75FFA5F
:108F600018B101200E9001E045E00E9631980028DE
:108F700041DD0E9838B10020179024982A90269849
:108F80002C90259833E0CDF85CB0F6E70E98CDF83C
:108F9000AC80CDF8B48060B12898FF281098007894
:108FA00004D097F8341010FB01F0000A8DF8580037
:108FB00014E01098319A0178584605F0F6FD319882
:108FC00000904346594622A8249A00F043FF8DF8AA
:108FD0006000012802D102208DF8600011A94A9892
:108FE000FEF769FC10982044109008F101002799C1
:108FF00080464145CADA97F834008DF85800389811
:1090000020442A903A98001B2C903B98001B401C4F
:109010002B903B982D902B991E98814201DD08469C
:1090200000E0681C2B902AA924A8209AF9F780F95F
:10903000D8B30AA924A81D9AF9F79AF9A8BB24A8BD
:10904000F9F764F9279A2D992E90891A01FB04905B
:1090500010902E9800284BDD3EB10AA924A81D9A35
:10906000F9F7DDF90020179001E0CDF85CB0249805
:109070002A9026982C90279836E000BFCDF8AC8037
:10908000CDF8B48096B10AA924A81D9AF9F7C7F9BA
:109090002898FF281098007804D097F8341010FB17
:1090A00001F0000A8DF8580015E021E010982E9A82
:1090B0000178584605F079FD2E98009043465946B0
:1090C00022A8249A00F0C6FE8DF86000012802D183
:1090D00002208DF8600011A94A98FEF7ECFB109869
:1090E00020441090A8F10100259980464145C5DD36
:1090F00097F834008DF858003A98001B401C2A90CD
:109100003A982C90399820442B903B982B99001B2F
:109110002D901E98814201DA084600E0681C2B90D1
:109120002D98A84200DC28462A992D90504651459A
:1091300000DD08462A902AA924A8209AF9F7F8F811
:1091400078B30AA924A81D9AF9F712F948BB24A8F4
:10915000F9F7DCF837900F993A9A01FB04902499BB
:10916000121B891A0844401E1090BEB10AA924A8F7
:109170001D9AF9F754F910B14FF0010800E0B0461C
:1091800010981790379800282DDD24982A9026985B
:109190002C9002208DF86000259F21E0B0465846B3
:1091A000EFE720E02B972D97B8F1000F13D1584629
:1091B000379A109905F03EFC379800903B46594687
:1091C00022A8249A00F046FE8DF86000012802D102
:1091D00002208DF8600011A94A98FEF76CFB7F1CF5
:1091E0002798B842DEDA4946002214E001EB040E6B
:1091F000AEF10100002304EBD47C07E00F7890F877
:10920000008001F8018B00F801795B1CB3EB6C0F57
:10921000F4DB7146521CA242E8DB38982A900146E2
:109220000F9808442C90399820442B903B982B9908
:10923000001B2D901E98814201DA084600E0681C50
:109240002B902D98A84200DC28462D90AAF1010011
:109250002C992890814201DA084601E0AAF1010028
:109260002C902AA924A8209AF9F762F8F0B30AA949
:1092700024A81D9AF9F77CF8C0BB24A8F9F746F892
:1092800034900F992A9A01FB04902499891A084472
:109290001090BEB10AA924A81D9AF9F7C0F810B120
:1092A0004FF0010800E0B04610981790349800285D
:1092B0002EDD24982A9026982C9002208DF86000AC
:1092C000259F22E0B0465846EFE72B972D97B8F13F
:1092D000000F15D15846349A109905F0ABFB34981D
:1092E00000903B46594622A8249A00E010E000F086
:1092F000B1FD8DF86000012802D102208DF86000D8
:1093000011A94A98FEF7D7FA7F1C2798B842DCDAF1
:1093100038982A9001460F9808442C9039982B9041
:1093200001460F9808442D902C992898814201DA23
:10933000084601E0AAF101002C902D98A84200DB1C
:1093400028462D902AA924A8209AF8F7F1FFD8B32F
:109350000AA924A81D9AF9F70BF8A8BB24A8F8F7C6
:10936000D5FF08902B9A2599891A01FB04902A9A17
:109370002499891A01EB000846B10AA924A81D9A6C
:10938000F9F74DF810B101200E9000E00E96CDF8DF
:109390005CB00898002817DD24982A9026982C9015
:1093A00002208DF86000259F0BE00E982B972D97DB
:1093B000E0B1CDF85C8011A94A98FEF77CFAA04490
:1093C0007F1C2798B842F0DA38982A9001460F9807
:1093D00008442C903B98001B401C2B903B982D90F0
:1093E0002B991E98814216DD084615E0224641461B
:1093F000584605F01FFB089800903B46594622A8A6
:10940000249A00F027FD8DF860000128D3D10220B6
:109410008DF86000CFE7681C2B902C99289881422A
:1094200001DA084601E0AAF101002C902AA924A83B
:10943000209AF8F77DFFE0B30AA924A81D9AF8F74F
:1094400097FFB0BB24A8F8F761FF279A2D990890E1
:10945000891A01FB04902A9A2499891A01EB0008C1
:1094600046B10AA924A81D9AF8F7D9FF10B14FF008
:10947000010A00E0B246CDF85CB00898002818DD7B
:1094800024982A9026982C9002208DF86000279F1F
:109490000CE02B972D97BAF1000F1CD0CDF85C8013
:1094A00011A94A98FEF707FAA0447F1E2598B842F2
:1094B000EFDD389820442A903A98001B2C90399878
:1094C00020442B903B982B99001B2D901E98814295
:1094D00017DA084616E022464146584605F0AAFA31
:1094E000089800903B46594622A8249A00F0B2FC06
:1094F0008DF860000128D3D102208DF86000CFE7FD
:1095000041E0681C2B902D98A84200DD0546CDF85F
:109510005CB02D952AA924A8209AF8F709FF40B33A
:109520000AA924A81D9AF8F723FF10BB24A8F8F76E
:10953000EDFE051E1DDD24982A9026982C90259C72
:1095400014E02B942A46FF2158462D9405F02DFB5C
:1095500000952346594622A8249A00F07BFC8DF8FA
:10956000600011A94A98FEF7A6F9641C2798A0424A
:10957000E7DA16B93CA800F0ABFC484602F0D6FA90
:10958000584602F0D3FA4DB0BDE8F08F10B500F1A7
:109590001C04012084F8250094F8240018B104F17B
:1095A00010000DF099F8201D0DF070F8002010BD8E
:1095B0002DE9F74F91F82000B6B00D4602287DD96D
:1095C00010680F905068109090681190D068369A8B
:1095D00012900FA914A83832F8F7AAFE00286DD00F
:1095E00095F82F0010F00F066AD0686A00902C21C1
:1095F0001EA8E6F7DBFFBDF80000ADF88D009DF872
:1096000002008DF88F00E869304362D095F82000A1
:10961000FD2800D3FF2006900FA8F8F777FE8146BB
:109620000FA8F8F764FE04464846A14500DB204633
:10963000EF69B7EB600F00DB471014A8F8F766FE80
:109640004FF0000A8046CDF834A0CDF838A0002FA6
:109650000BDD404605F066F9824600233A460FA925
:1096600029A800F011FD29A80D90149832901698A1
:10967000349032A81E902690FF208DF88C00CDF8F3
:1096800090A02246494605F1240000F028FA4FF048
:1096900000090400CB4644D0022E42D332A82290C7
:1096A00014980F9900EB4000A1EB81010844216858
:1096B00008441F90002095F82E1022E013E0FFE7E9
:1096C000B5F82100ADF8000095F823008DF80200F0
:1096D0008DE70FA81E9095F820008DF88C001EA92C
:1096E0003698FEF7E8F839B0BDE8F08F00EB80025D
:1096F0002A4492F82720FF2A02D04FF0010B02E003
:10970000401C8142F2D8022E08D1BBF1000F05D0D7
:109710006068149908440F99A0EB01090F208DF897
:1097200084000025BCE01098159928440C901298EC
:10973000401B08900C98814203DD179908988142DC
:109740007DDB0020029042465046069905F02DFA36
:10975000CDF8008051460DA80C9B329A00F07AFBA0
:109760008DF89400012802D102208DF89400002089
:10977000009015990C98814239DC33900C98359003
:10978000012E02D0022E2ED114E00CB9F8F79EFF64
:10979000109A0C982168801A00EB400211440A8844
:1097A000ADF88D2089788DF88F106168085C8DF890
:1097B0008C0018E001200090B9F1000F13D0029046
:1097C00000200BE019F80010FD2906D21AF800203D
:1097D00012FB01F10A0A0AF80020401C4045F1DBA7
:1097E00002208DF894001EA93698FEF764F81799A8
:1097F0000898814253DB339008983590012E02D0AF
:10980000022E14D12BE00CB9F8F760FF109A0898DB
:109810002168801A00EB400211440A88ADF88D20BF
:1098200089788DF88F106168085C8DF88C0002983B
:1098300088B3032E1CD342465046069900E02EE022
:1098400005F0B3F9CDF8008051460DA80C9B329A73
:1098500000F000FB8DF89400012806D008E0009885
:10986000C8B9B9F1000FE4D115E002208DF89400D9
:1098700000200BE019F80010FD2906D21AF800208C
:1098800012FB01F10A0A0AF80020401C4045F1DBF6
:1098900002208DF894001EA93698FEF70CF86D1C76
:1098A000BD42FFF640AF4EB106988DF88C00062EF3
:1098B00022D2DFE806F021131719191910981EA9F2
:1098C000384433901298C01B359006988DF88C0060
:1098D000002024903698FDF7EEFF41E001208DF83E
:1098E000940009E0022003E0BBF1000FFAD101204F
:1098F0008DF89400CDF890901098C5191598854270
:1099000000DC05461298C71B1798874226DB0746DE
:1099100024E033953595012E1BD10CB9F8F7D6FE0E
:1099200010982168281A00EB400211440A88ADF80B
:109930008D2089788DF88F100699FD29616801D3F3
:10994000085C04E0095C069811FB00F0000A8DF841
:109950008C001EA93698FDF7AEFF6D1CBD42D8DD08
:10996000BAF1000004D002F0E1F829A800F0B0FA42
:10997000002C3FF4B8AE204600F016F8B3E6000025
:1099800070B504460748054604F0C8FE07E00878AD
:10999000A04201D1486870BD284604F0D1FE010004
:1099A000F5D170BDC0B6002002F0C0B82DE9FC476B
:1099B000054600790E4670430012DDF8289098465F
:1099C0001746824205DC2988A87819809870E978C2
:1099D00081E0A97A01EB8100284410F8012C724340
:1099E000121297420BDB30F8051D807819809870B1
:1099F000A87A00EB8000284410F8021C6BE00024D9
:109A000001200CE000EB80022A441279724312120A
:109A1000974202DC040004D005E0401CC0B2814241
:109A2000F0D8F8F753FE04EB8400441934F8050D20
:109A3000ADF80000A378B4F80500ADF80400217972
:109A4000627A714309127243C1EB2222791AC1EB87
:109A5000012191FBF2F1CDB2E0799DF80410C5F13E
:109A6000FF0611FB05F19DF8002012FB061101EB2A
:109A7000C11202EBC131C1F3C7529DF8051011FBB1
:109A800005F19DF8017017FB061101EBC11707EBFB
:109A9000C131C1F3C75110FB05F013FB060000EB09
:109AA000C01303EBC030C0F3C750FAF7C1FC0090FD
:109AB000BDF80010A8F800109DF8021088F80210F8
:109AC000207A10FB05F0E17811FB060000EBC011D5
:109AD00001EBC030C10D89F80010BDE8FC87F8B576
:109AE0000646C07A000716D03046EAF7F3F90500BB
:109AF00011D000240BE0686804EB4402204400907D
:109B00002868831822463046FFF750FF641CA96876
:109B1000A142F0D82846F8BDB1F850309B04034B61
:109B200001D4FCF793BAFCF7F1BA0000E9E40008AD
:109B30001CB500F0EDF94420FCF74CF801460E4846
:109B4000C8600E4808610E4888610EA0486001F1A7
:109B50001C000022C0E907124FF40051CDE90010AB
:109B6000094B032209A1001D0CF096FDBDE81C4025
:109B70000821084804F0EFBD1D84000803B2000866
:109B80008D95010853570000A198020873776472FD
:109B900061770000C0B6002091F85A30022B02D93C
:109BA000014BFCF78FBB7047EB970008F0B5CD6910
:109BB00007469BB0286816460C46002812D0A06EB7
:109BC00020B10846EAF7DEFA00280BD06C222146C5
:109BD0006846E6F7B1FC2868079032466946384681
:109BE000FFF79AFF1BB0F0BDF0B5074691F84400AF
:109BF00091B015460C46022829D902A8FCF715F9A0
:109C000094F8440000268DF81F000596A08CADF84E
:109C10001C0094F826008DF81E00A06A0A90D4E972
:109C20000F01CDE90B0128680E90686809490F9073
:109C3000E069CDE900010EAA02A93846236A00F0C6
:109C40007FFF0D98002802D0FBF7D5FD0D9611B0CF
:109C5000F0BD0000EB970008F0B50B6B97B00C4619
:109C60000646002B7ED094F83C0002287AD9616A1F
:109C7000E069884203D1A56A226AAA4272D088426A
:109C800001DA024600E00A4603EBD373A2EB63025B
:109C9000029200DC084600EB63000490216AA06A8F
:109CA000226B814200DA084602EBD271A0EB610020
:109CB0000390216AA06A226B814200DD084602EB14
:109CC000D27100EB610002A9059006F13802084646
:109CD000F8F72EFB00285FD0A16A206A884204D1E1
:109CE00021463046EFF74AFE0AE0616AE0698842A1
:109CF0002146304602D1F0F74DF801E0EFF7D4FEEF
:109D000094F83D00810701D4C00745D00AA8FBF7AD
:109D1000EDFFA08DADF8490094F82E008DF84B00B2
:109D200047F6FF70119094F83C008DF84800206BC6
:109D3000451040F3000794F83D007F1CC00714D085
:109D4000E06906AA401B0690206A0AA9401B0790FA
:109D5000E0692844C01B0890206A2844C01B099071
:109D6000304600E018E0FFF723FC94F83D00800740
:109D700012D5606A06AA401B0690A06A0AA9401B79
:109D80000790606A2844C01B0890A06A2844C01B42
:109D900009903046FFF70CFC17B0F0BD2DE9F84FE5
:109DA00006460A9C1D0091468A4640F267104FF411
:109DB000B47701D5002502E0BD4200DB0546002C4A
:109DC00001DA002402E0BC4200DB0446AC4203DAC4
:109DD000C5F5B470204403E0601B002800DC281B9C
:109DE000A6F88800C6E9045406F1080009F085FECB
:109DF0001748306001203071BD4201D9F8F766FC88
:109E0000B42D01D2002000E001208046002C01DBAF
:109E1000BD4201DDF8F75AFCB42C05D3A4F1B4001F
:109E2000B42801D2002700E001272BB24A46514650
:109E300006F11800CDF8008000F070F823B24A4611
:109E4000514606F15000009700F068F8BDE8F88F21
:109E50005D6A01082DE9F84F00251F4690468946A6
:109E600006462C46DDF828A00DE00090D0F800C092
:109E700053463A4641464846E047002809D0022862
:109E800000D10125641C56F824000028EDD115B13D
:109E90000220BDE8F88F0120FBE7000070B50B4EF3
:109EA000002400BFC4EBC40006EB8005D5F85401C4
:109EB00008B101F03BFE05F5AA701C2104F0BDFEBF
:109EC000641CE4B2042CEDD370BD000078B5002012
:109ED00070B504460D48054605F0F5F820790228CE
:109EE0000ED1206A60B10169002906DA406801F0EC
:109EF0001DFE206A01F01AFE02E04169491E41611F
:109F00002846BDE8704005F0EBB80000B4B600206C
:109F1000014805F0D3B80000B4B600202DE9FC4795
:109F20001C46DDF8288016460F468146B42B01DD1D
:109F3000B43C24B204F15A0000B20CF083FE07EBEB
:109F4000601520460CF07EFE06EB6010CDE900089F
:109F50002B4632463946484600F002F8BDE8FC87F9
:109F60002DE9F0478846DDE908591F4616460446A4
:109F7000382104F062FEAE4204D1B9F1030F01D1E1
:109F80006D1E761EAE4205DD3846474680462846A1
:109F9000354606463246414604F1080009F0ADFD5B
:109FA0002A46394604F1100009F0A7FD84F81890FC
:109FB0003246414604F11C0009F09FFDA7EB080062
:109FC000002801DD014601E0A8EB0701AA1B002AD9
:109FD00001DD134600E0731B994294F8341002DD52
:109FE00041F0010101E021F0010184F83410002367
:109FF000A362244D256063622371CD074FF4801363
:10A000000DD020B193FBF0F55543AD12A56222B1FE
:10A0100093FBF2F2424390126062A06A0CE022B11C
:10A0200093FBF2F54543AD12656220B193FBF0F06E
:10A0300050438012A062606AE062207E420708D02E
:10A0400000F00700012807D0022812D0032814D0FE
:10A0500006E021F0020001E041F0020084F8340043
:10A06000E16A88102063002901DA40422063BDE8DC
:10A07000F087E06A0028EFDCEBE7E06A0028EBDD20
:10A08000E7E70000AD6C01082DE9F04706461C46E5
:10A09000154688460846F8F739F907464046F8F766
:10A0A00026F9874200DA3846B5EB600F00DD45102F
:10A0B000002D00DA0025414606F10800F8F778F88F
:10A0C000B56134773D483060022030710027F5B12A
:10A0D0003B48814604F0F7FF3A4800214FF47A7379
:10A0E000C1EBC10200EB8202D2F86C21AA4221D15D
:10A0F000C1EBC10100EB8100D0F86811491CC0F828
:10A100006811D0F86411102D04DA012203E03762DF
:10A11000BDE8F0872A110A449A4205DA102D01DAC7
:10A12000012200E02A118B18C0F8643100F5AA70F2
:10A1300030623EE0491C0429D2D300244FEA0402D5
:10A14000C2EBC20100EB8101D1F868C1BCF1000F84
:10A1500008D12CB1D1F864C1D4F81080C44501DA1B
:10A1600001F5AA74521C042AEAD33CB16069401C70
:10A17000C4E90470102D0CDA01200BE01C2004F05F
:10A18000FFFB040001D1F8F7A1FA4FF0FF30206186
:10A190000AE028113844984205DA102D01DA01202E
:10A1A00000E028113B182361204629463462EDF770
:10A1B0006BFD4846BDE8F04704F092BF516D0108C1
:10A1C000B4B6002078B500202DE9F0430D4695B0D7
:10A1D000064600F138021C31894601A8F8F7A8F8B4
:10A1E00000287DD0B76C95F8300007F11404D7F83B
:10A1F0000080C0074FD1286A06F13801401E009048
:10A200000EC905A8F8F7E6F96068424220684142A5
:10A2100005A8F8F7D2F905A94046FBF7C2F9706C1A
:10A220000090AA6A336C05A8521CB16BF8F7D2F9FA
:10A23000606842422068414205A8F8F7BEF905A9C6
:10A240004046FBF7AEF9A86A0090D5E9073205A8A9
:10A250005B1EB16BF8F7BEF960684242206841426C
:10A2600005A8F8F7AAF905A94046FBF79AF9A86AE4
:10A270000090D5E9082105A8491C336CF8F7AAF924
:10A28000606842422068414205A8F8F796F905A99E
:10A290004046FBF786F90023494609A8EA6AFFF71A
:10A2A000F3FE0020139009A8129001A8F8F72EF8E9
:10A2B000064604F037FB8146029D35E03246FF2119
:10A2C000484604F072FC00962B46494612A8019AB3
:10A2D000FFF7C0FD8046012825D00198216800E0E5
:10A2E0002BE0411A60682A1A3846FCF784FB0346C3
:10A2F000B8F1000F01D0002013E01846B200002191
:10A3000004F053FC0FE000BF19F80010FF2907D03C
:10A3100003EB800292F803C01CFB01F1090AD17023
:10A32000401CB042F0D36D1C0498A842C6DA4846DF
:10A3300001F0FCFB09A8FFF7CBFD15B0BDE8F083E9
:10A3400010B5820704D50288491E52BA20F8022BA4
:10A3500002464B0825E01468083B64BA10C210CAD4
:10A3600064BA42F8044C52F8084B64BA42F8084CFC
:10A3700052F8044C64BA42F8044C52F8104B64BAD8
:10A3800042F8104C52F80C4C64BA42F80C4C52F89B
:10A39000084C64BA42F8084C52F8044C64BA42F8CB
:10A3A000044C082BD7D203E014685B1E64BA10C2B9
:10A3B000002BF9D1CA0705D0491E30F8112052BA36
:10A3C00020F8112010BD2DE9FF4FA5B00646339DA2
:10A3D000359F4FF00A0A286B40421E90686B1C9014
:10A3E000A86B1D90D5E91101CDE921011E9991FBC2
:10A3F000FAF40846614201EB810100EB410804F1E7
:10A40000010920B20CF01EFC05900FFA89F00CF047
:10A4100019FC83465A3420B20CF014FC019009F167
:10A420005A0000B20CF00EFC03460598C8F10A026F
:10A4300002FB00F40BFB084191FBFAF01A90019823
:10A44000424303FB082191FBFAF01B901A9840113C
:10A450001A901B9840111B90219800021F9022987F
:10A46000000220903046F7F751FF04463046F7F7D8
:10A470003EFF814613940F2F0FD0142F25D0062FA7
:10A4800023D03846F9F79BFF60438246122F1ED037
:10A490001B2F1CD0142F1AD004E01020F9F78FFFC7
:10A4A00000FB04FA00208346B5F85000C0F30030EA
:10A4B0000A90286B00B10120149000200D90239089
:10A4C0000B900990149830B150E06000DDE73698A9
:10A4D0000AFB0900E7E7686C27996A6B091A491EAD
:10A4E000514300EB2120A96C289AAB6B521A521EE3
:10A4F0005A4301EB22223168814200DD0146B368F4
:10A50000834200DC184680467068904200DD1046A9
:10A51000F368934200DC1A46154604AA00920246EC
:10A5200003AB16A815F0E4FD06A800902A464146A4
:10A5300005AB16A815F0DCFD03990598069A431A99
:10A540000498121A012C04DD1D02631E95FBF3F31F
:10A550000993B9F1010F05DD1302A9F1010293FB83
:10A56000F2F20B92803180300D9123900025F5E0BE
:10A570001498E8B302A80090706805AB421916A8B9
:10A58000316815F0B5FD04A80090706803AB42195E
:10A5900016A8B16815F0ACFD03990598049A0B1A3A
:10A5A00002998C46521A00210991012C07DD1B02E9
:10A5B000611E93FBF1F3120292FBF1F109938030DB
:10A5C0000D900CF18000112F43D023DC062F74D0A6
:10A5D0000E2F5FD00F2F46D0102F6FD1369B0A9AC7
:10A5E000CDE90314CDE905320D9A0999009200E0F6
:10A5F00009E0CDE901010DF19808329B98E80700C8
:10A6000015F022FAA1E00B982399684301EB202072
:10A610000021D8E7122F65D0142F6CD01A2F4ED0FE
:10A620001B2F4BD10A9A0023DDF8D880CDE90732E1
:10A63000CDE9058B099A0DF19808CDE90102CDE924
:10A6400003140D98009098E80700329B15F097FED0
:10A650007BE0369A0DF114084FF0040C0A9B049429
:10A6600088E80C1008E04FF0030C369B0A9ACDF8EE
:10A670001CC00494CDE905320D9B099A0093039107
:10A68000CDE901020DF19808329B98E8070015F01A
:10A6900076FF5AE00A9B369ACDE90314CDE90523EB
:10A6A0000D9A09990092CDE901010DF19808329BAC
:10A6B00098E8070015F014F847E034E051E0369BC5
:10A6C0000A9ACDE90314CDE905320D9A0999009251
:10A6D000CDE901010DF19808329B98E8070015F0CB
:10A6E0009EFA32E00A9A0023DDF8D880CDE90732DD
:10A6F000CDE9058B08E00A9A4FF00108DDF8D8C0D3
:10A70000CDE90782CDE905CB099A0DF19808CDE98D
:10A710000102CDE903140D98009098E80700329BE0
:10A7200015F03BFD11E0369B0A9ACDE90314CDE903
:10A7300005320D9A09990092CDE901010DF19808B1
:10A74000329B98E8070015F088FB3698BBF1000FA4
:10A750005044369001D013998B446D1C4D45FFF643
:10A7600007AF29B0BDE8F08F2DE9F34F0C46C9695A
:10A77000606ACDB0814201DA0A4600E00246E36A2F
:10A780009A4203DA814202DA084600E018460C9049
:10A79000216AA06A814201DA0A4600E00246236B80
:10A7A0009A4203DA814202DA084600E018460D9028
:10A7B000E169606A814201DD0B4600E00346E26A1E
:10A7C000934203DD814202DD084600E010460E9010
:10A7D000216AA06A814201DD0A4600E00246236B3D
:10A7E0009A4203DD814202DD084600E018464D9A98
:10A7F0000F900CA908A83832F7F79AFD00287DD0F1
:10A80000E169606A04F11C0504F1240604F12C07D7
:10A810000DF11008814211D12946684609F068F906
:10A82000DDE90001CDE902013146684609F060F931
:10A83000DDE90001CDE90401394627E0E26A9142F1
:10A8400011D12946684609F053F9DDE90001CDE947
:10A8500002013946684609F04BF9DDE90001CDE90E
:10A860000401314612E0904218D13146684609F0A1
:10A870003FF9DDE90001CDE902013946684609F0FA
:10A8800037F9DDE90001CDE904012946684609F000
:10A890002FF9DDE90001CDE9060132E029466846DD
:10A8A00009F026F9DDE90001CDE9020131466846EB
:10A8B00009F01EF9DDE90001CDE9040139466846D9
:10A8C00009F016F9DDE90001CDE9060103990598C3
:10A8D000814203DD414602A809F012F90799039865
:10A8E00006AD884203DD294602A809F009F9079957
:10A8F0000598884205DA2946404600E0EEE009F076
:10A90000FFF805990398884203DD414602A809F043
:10A91000F7F804980299039A401A0799029B891A3A
:10A9200048431146059A0026891A069A1096D21AAB
:10A9300001FB0200C50F0598CDE9000502A811969C
:10A940001296139690E80E0031A8FFF709FB85F0E8
:10A9500001050798CDE90005DDE902123FA8069B35
:10A96000FFF7FEFA079905984FF0020B884202D1D3
:10A97000CDE9001B01E0CDE9001504A890E80E0028
:10A9800023A8FFF7EDFA31A810903FA8119023A853
:10A99000129008A8F7F7BAFC074603F0C3FF08AB0C
:10A9A000824693E807001FAB1FAD83E807002291A2
:10A9B000A08EADF8650094F836008DF8670094F825
:10A9C00037008DF86400CDE91C56CDF868A01495C9
:10A9D0008DF87860159694F8430000F00F090CA8E4
:10A9E000F7F785FC06460CA8F7F790FC01463246BF
:10A9F00004F13800FFF773F806004FF0000816D096
:10AA0000B9F1020F13D108980C9900EB4000A1EBAB
:10AA100081011895084431680844159070680899B8
:10AA200008440C99A0EB01080F208DF85C00099DEB
:10AA300040E020953A46FF215046229504F0B5F8B3
:10AA400000972B46514610A8089AFFF703FA8DF895
:10AA50006C00B9F1010F03D0B9F1020F1DD024E051
:10AA60000EB9F7F733FE0D983168281A00EB400253
:10AA700011440A88ADF8652089788DF867107168EF
:10AA8000095C8DF8641094F83700FD280DD211FB95
:10AA900000F0000A8DF8640007E0B8F1000F04D060
:10AAA00002281ED0012830D018B114A94D98FCF707
:10AAB00002FF6D1C0B98A842BBDA504601F036F835
:10AAC00023A8FFF705FA31A8FFF702FA3FA8FFF71E
:10AAD000FFF9002E02D03046FEF766FF4FB0BDE80A
:10AAE000F08F0020CDF868A00CE000BF18F800201F
:10AAF000FD2A06D21AF8001011FB02F10A0A0AF820
:10AB00000020401CB842F1DBCFE7CDF868808DF81B
:10AB10006CB0CAE70179022901D000207047406D6E
:10AB200070470179012901D000207047406D7047BE
:10AB30000179052901D000207047406D7047000061
:10AB40002DE9F04790B08146DDE9186A1D461746A9
:10AB50000C4630460AF0D8FF00287AD121690DF161
:10AB60000408C1B320224046E5F7E6FCBDF80C001E
:10AB7000002600286CD0BDF80A10002968D0BDF965
:10AB80000E303A681A441144491E09920B91D5E9D6
:10AB90000312891A7A681144BDF91020091A891A1A
:10ABA0000844401E0A910C90A06A4242606A4142E9
:10ABB00009A8F7F702FD09F1380100220D4609A89E
:10ABC000F7F72DFC88B1E06878B100222946F7F745
:10ABD00026FCE8BB09E0FFE7002332464146284651
:10ABE000C4F8108000F08FFEC0E7019890B39DF884
:10ABF00014000025401E182822D20096BDF80C3003
:10AC0000BDF80A200021E06AFAF7A5FF050017D178
:10AC1000E06A08B1FAF7EFFDBDF80C0000961F30AE
:10AC200020F01F02BDF80A100E231A48FAF7A0FD03
:10AC3000050001D1F7F74AFDBDF80C00E880E56298
:10AC40009DF8140020719DF814001A2810D102E01C
:10AC500018E01BE00BE0E06906902946206900F04F
:10AC60003BFE206008B19DF81400207100E02671C1
:10AC700009A80023A0601A4621464846D04720690B
:10AC800000F03DFF2169414500D1266110B0BDE8CB
:10AC9000F087000058B60020064810B5D0F82441CF
:10ACA00004E0616909B1204688472468002CF8D186
:10ACB00010BD000078B5002010B5040001D1F7F7F1
:10ACC00005FD0121204607F0B6FE4FF6FF70A06497
:10ACD0000121E06A04F024FA20460022BDE8104079
:10ACE000272108F00CB9000070B500200C46C8629E
:10ACF00016A1C4E90D10206394F84C1041F0300106
:10AD000084F84C104FF6FF712064C4E91101E06330
:10AD100094F84C004FF4806120F00F00083084F864
:10AD20004C00204604F0FCF909A1204600F0C7FAC7
:10AD3000204605F0FBFA01460C4804F08BFD054661
:10AD400004F0F0FDE562EC6270BD0000EF81B80038
:10AD50004F7074696F6E20310A4F7074696F6E2086
:10AD6000320A4F7074696F6E2033000030CE0408D1
:10AD700010B50146034804F06DFD044604F0D2FD11
:10AD8000204610BD0CCE040870B5C86A0C460025DC
:10AD900010B104F063FEE56294F84C00C00603D4E1
:10ADA000A06B00F0C3FEA56370BD000070B50E4639
:10ADB0004B4805F079F9012846D1304600F00AFBEE
:10ADC0000546304600F011FB0446132D16D0142D15
:10ADD00023D0152D21D00B2D23D0322D25D0312D70
:10ADE00023D0342D25D0112D2FD0122D56D01D2D2E
:10ADF0002AD13046BDE87040EFF776BB05F029FA5E
:10AE000001F036F9054601F057FF02F042F9042837
:10AE10001AD17DBB616C20462164BDE87040FFF70C
:10AE20004BBFBDE87040ECF772B8BDE8704007F06A
:10AE3000FFBC304600F02FFB05460021204606F0FF
:10AE4000C7F900F05AFE686070BD304600F006FB9E
:10AE5000132810D012280ED0142816D0112814D080
:10AE60001B28D7D00A28EFD102F0CAF8A042EBD0B5
:10AE70002046D6E720E0204600F079F8E0B1D4E99A
:10AE80000F10401C884224D370BD204600F06FF89C
:10AE900090B1206C0028F7D0401E1AE000F067F84F
:10AEA00050B1304600F0F9FA216C0144E06B421ECB
:10AEB0008A4206DD0B4605E02046BDE8704000F002
:10AEC000B9B81346002B01DA002002E08A42E3DD24
:10AED000084620642046BDE8704001210CF04CBDBE
:10AEE0000CCE040810B5040001D1F7F7EFFBA06BFE
:10AEF000002800D100A010BD0000000010B5040023
:10AF000001D1F7F7E3FB206C10BD2DE9F04190462D
:10AF10000E46040001D1F7F7D9FB0025A06B2F46A0
:10AF200018B109F073FE002108E03770BDE8F08128
:10AF3000A26B525C0A2A00D16D1C491C814202D2CC
:10AF4000626CAA42F4D10022A8F1010507E0B8F131
:10AF5000000F01D0AA4208D2B354491C521C8142AE
:10AF600003D2A36B5B5C0A2BF1D1B754DEE710B5BB
:10AF7000040001D1F7F7AAFB0121E06A06F03AFAD2
:10AF800080F0010010BD00002DE9FC410F4608468D
:10AF900000F020FA0546202805D03946244805F05F
:10AFA00083F8012839D1384600F01FFAC46A0646F2
:10AFB0000B2D0ED0012D17D00C2D30D0202D2CD1E3
:10AFC0003846EEF770FF3946BDE8FC41184805F0F9
:10AFD0006BB801F071FE02F04CF800281DD130462C
:10AFE000BDE8FC41F6F739B901F066FE050014D062
:10AFF00002F04FF8012804D0284602F04AF803284E
:10B000000BD16946284602F017F820460199F1F75E
:10B0100095F9A064304606F013FDBDE8FC814FF6BB
:10B02000FF70A0643046BDE8FC4106F009BD000099
:10B0300030CE04082DE9F843040001D1F7F746FBB0
:10B040000121204604F0BAF8204605F06FF90146C8
:10B05000E06A08F001F84FF0FF31E06A06F050FEB8
:10B060000121E06A07F074FC00222621204607F047
:10B0700046FF2046F1F733FA8046A16B03F09BFAB6
:10B080006FF04041E06A08F066F9404608F0CEFBF8
:10B09000E06A06F06CF90546204606F068F985423C
:10B0A0000EDC94F84C0000F00F00042801D00828B2
:10B0B00006D1204606F05BF90146E06A08F04BF93C
:10B0C000404605F0D0F807460021E06A05F03EFE54
:10B0D000054600211022E06A05F04CFF46190021C8
:10B0E0001122E06A05F046FF4119B819471894F893
:10B0F0004C003D4600F00F06082E02D0042E1BD057
:10B100002DE0F9F7ABFCF9F749FD216A29448842A3
:10B1100025DAF9F7A3FCF9F741FD216AA569411A7F
:10B12000A94201DA042605E0F9F798FCF9F736FDA3
:10B13000216A451A6D1E12E0A069401B0FD5F9F770
:10B140008DFCF9F72BFD216AA569411AA94206DD9C
:10B150000826F9F783FCF9F721FD216A451ABD425B
:10B1600000DD3D462946E06A07F026FF0021204623
:10B170000CF002FC0020082E06D0042E09D0012E6F
:10B180000CD0022E0FD015E0009000230D22E06AB3
:10B190000DE0009000230A22E06A08E000900023FE
:10B1A0001022E06A03E000900023E06A13222146A7
:10B1B00004F0B4F8E06A08F039FB94F84C0000F0B1
:10B1C0000F00012801D0022817D1E06A06F0EAF842
:10B1D0000646E06A06F0FDF80546F9F73FFCF9F788
:10B1E000DDFCA84209DCF9F739FCF9F7D7FC281A8D
:10B1F000311A491EE06A08F0E2F800214046A26BCD
:10B2000004F00FFB022808D04FF0000303281A4671
:10B2100001D0012104E0032102E000231A460221AB
:10B2200001B04046BDE8F04304F069B82DE9F041B3
:10B230000E46040001D1F7F749FA0EB9F7F746FABE
:10B2400000252846E56305E00A2902D1E16B491C87
:10B25000E163401C315C0029F6D1E06B401CC4E97D
:10B260000F053046656409F0D1FC471CA06B30B176
:10B2700094F84C10C90602D400F058FCA563384677
:10B2800003F050FBA06320B9F7F720FAA06B002869
:10B2900013D03146A06B09F09DFC94F84C0020F0CF
:10B2A0001001204684F84C1006F0CAFBE06A002822
:10B2B00003D0BDE8F04106F0C3BBBDE8F08170B536
:10B2C0000E46040001D1F7F701FA0EB9F7F7FEF9BF
:10B2D00000252846E56305E00A2902D1E16B491CF7
:10B2E000E163401C315C0029F6D1E06B401CC4E9ED
:10B2F0000F05656494F84C00C00604D4A06B10B12F
:10B3000000F014FCA56394F84C0040F0100184F8A0
:10B310004C102046A66306F093FBE06A002803D099
:10B32000BDE8704006F08CBB70BD70B50C460500E2
:10B3300001D1F7F7CBF9286CA04210D0E86BA042FE
:10B3400000D8441E2C646C64E86A18B100212846B9
:10B350000CF012FB2846BDE8704006F071BB70BDD2
:10B3600010B50C464FF48061204607F0F1FA042135
:10B37000204607F0EDFA4FF40031204603F0D0FEEE
:10B380000121204603F0CCFE2046BDE8104002F02B
:10B3900099BAC86A0021C1627047F8B507461C46D1
:10B3A00015460E460C2003F0BDFA009008B9F7F7D9
:10B3B0008DF900980660C0E90145786820B904223B
:10B3C00001213846F7F733F969463846F7F743F96C
:10B3D0000098F8BD806820F40040704710B5040064
:10B3E00001D1F7F773F9606810BD0068704770B558
:10B3F0000D46040001D1F7F769F929462046EFF719
:10B4000023FF002800D0006870BD8168012923D087
:10B41000022921D003291FD004291DD008291BD0BF
:10B42000092919D00A2917D00B2915D00C2913D0B6
:10B430000E2911D00F290FD010290DD011290BD0B2
:10B44000132909D0142907D0152905D0182903D0AC
:10B45000192901D00020704700F01DB810B581688F
:10B46000112901D0002010BD00F015F80028FAD0F5
:10B47000006810BD81681D290BD01C2909D01E2928
:10B4800007D0202905D01F2903D0212901D0002071
:10B490007047AFF300800069704710B581681229CA
:10B4A00001D0002010BDFFF7F6FF0028FAD0006899
:10B4B00010BD40687047C068704700000849C96EF9
:10B4C0000AE04A68824202D00A68824203D10A7EB8
:10B4D00042F001020A7649690029F2D17047000062
:10B4E00078B5002001494069C866704778B50020EA
:10B4F0000249CA6E4261C8667047000078B50020F4
:10B5000070B50D46040001D1F7F7E0F82946204652
:10B51000FFF76DFF010007D02046EFF7C6FE20467B
:10B52000ECF7FAFC012070BD002070BD70B506007C
:10B5300001D1F7F7CBF80024756808E021463046C2
:10B54000EFF782FE01683046EFF7AFFE641CAC42B5
:10B55000F4D33046BDE87040ECF7DEBC2DE9F0478F
:10B5600086B092460D46040006D0287EC00705D05E
:10B57000002006B0BDE8F0870120FAE7142221463A
:10B580006846E4F7D9FF207D4FF0010800F001097B
:10B5900040F0010020750026676822E03146204611
:10B5A000EFF752FE00680168D1B18168C1F3004233
:10B5B000B2B9C1F3C032524512D131F4004102D0C8
:10B5C000AA688A420CD14168E96001682846884728
:10B5D000287E81070AD4C00702D04FF0000805E09A
:10B5E000761CBE4202D2287EC007D7D0B9F1000F28
:10B5F0000DD1287EC00703D06846ECF79CFC06E01E
:10B60000207D20F0010020752046ECF785FC4046A7
:10B61000AFE710B50C4681681B2906D1FFF73BFF49
:10B620000168A14200DD0C46046010BD017E41F0BE
:10B63000020101767047000004480349C26D916021
:10B64000C06D0021C16070477DB8000878B500204A
:10B650002DE9F0478A460168D1F818808169D9B18F
:10B66000D8F8042002EBC107417C890707D5386868
:10B67000D8F80010C0F313000844BDE8F0873A7909
:10B68000797912FB01F1DAF8106029B1B0F80E9067
:10B69000B8F81200800B01D00020EEE73968D8F826
:10B6A0000000C1F31301451800240E211046FAF7DB
:10B6B0007DFAB8F81210C1F34321012906D00229FE
:10B6C00066D0042971D0082970D0FCE000235BE02B
:10B6D000B9F1000101D00A4600E03A79002148E0C2
:10B6E00014F007040ED0012C11D0022C14D0032C1E
:10B6F00017D0042C1AD0052C1DD0062C20D0072CD6
:10B7000029D034E095F800C04FEA0C6C1CE095F8A5
:10B7100000C04FEA4C6C17E095F800C04FEA8C6C03
:10B7200012E095F800C04FEACC6C0DE095F800C02F
:10B730004FEA0C7C08E095F800C04FEA4C7C03E02F
:10B7400095F800C04FEA8C7C4FEA2C2C4FEA1C6C19
:10B7500006F801C00BE095F800C05FEACC7C01D090
:10B760004FF0FF0C521E06F801C092B26D1C491C2E
:10B77000641C97F804C08C45B2DCB9F1000F01D00D
:10B780000024154406445B1C79799942A0DC9AE0B8
:10B790000022504B44E000BFB9F1000101D08846BF
:10B7A00001E097F8048000212FE03DE072E000BF47
:10B7B00014F0030406D0012C0BD0022C0ED0032C65
:10B7C00015D020E095F800C003EB9C1C9CF800C04D
:10B7D0000AE095F800C0CCF3011C03E095F800C026
:10B7E000CCF3810C13F80CC006F801C00BE015F87F
:10B7F00001CBA8F101080CF0030C1FFA88F813F82C
:10B800000CC006F801C0491C641C97F804C08C45A4
:10B81000CEDCB9F1000F01D0002445440644521C8F
:10B8200079799142B8DC4EE0DFF8A880002308F176
:10B83000040822E0B9F1000101D00A4600E03A799B
:10B8400000210FE014F001041BD04CB115F801CB1E
:10B85000521E0CF00F0C92B218F80CC006F801C082
:10B86000491C641C97F804C08C45EBDCB9F1000F4F
:10B8700001D00024154406445B1C79799942D9DC37
:10B8800021E095F800C008EB1C1C9CF800C006F8ED
:10B8900001C0E5E7002313E0B9F1000101D00A4639
:10B8A00000E03A79002105E015F8014B521E74546E
:10B8B00092B2491C3C798C42F6DC064415445B1C70
:10B8C00079799942E8DC00215046F9F7D1FF5046DA
:10B8D000D3E60000159204082DE9F04105680F46F3
:10B8E00004460DB9F6F7F2FE607C3946460820F0B2
:10B8F000020060746A6820469047617C66F34101EB
:10B900006174BDE8F0812DE9F047984691460C46F8
:10B91000070001D1F6F7DAFE0CB9F6F7D7FE0026DC
:10B920003D4620462022314603F03FF915E0287DB0
:10B93000400701D5002300E04346D5F800C04A4641
:10B9400021462846E04738B1607CC00701D016B1D7
:10B9500002E0256010E02E46ED69002DE7D176B1BA
:10B96000307D400701D5002300E0434635684A4654
:10B9700021463046A84726600120BDE8F087F868D8
:10B9800000EBD0704008E080801CA0800020E081A7
:10B990002060B98921816081A08101202074607CB0
:10B9A00040F0010060740020E7E72DE9F0479A4677
:10B9B0000C468146092A49D000271146D9F818506B
:10B9C000F0F726FC061E3FD0E8684FF0000850B1A3
:10B9D00051464846F0F71CFC020004D03146484668
:10B9E000F0F7E6FC80466868298A00EBC60001FB98
:10B9F00008F10A110168090D07B149001144083125
:10BA00000909A180417921810179E18090F906201D
:10BA1000628190F90700A081287DD0B10A18521EDA
:10BA200092FBF0F24243E281688AC0F34320207423
:10BA3000607C20F001006074A66127B14FF6FF70B2
:10BA400000EA4100E0800120BDE8F08701272022C4
:10BA5000B3E70020E081E7E770B5056804460DB95B
:10BA6000F6F734FE287D000701D4002070BD607C0D
:10BA7000460840F0020060746A6800212046904742
:10BA8000617C66F34101617470BD70B588B0164683
:10BA90000C46050001D1F6F719FE202C2BD3A4F596
:10BAA000C0611C3927D0A4F588515F3923D0B4F583
:10BAB0008B5F20D0A1F2AC6003281CD9A0F50060F8
:10BAC000042818D91D38072815D93738102812D955
:10BAD000A4F57E412046FF390DD0A4F57841FF3909
:10BAE00009D00246334669462846FFF70CFFBDF8E9
:10BAF000040008B070BD0020FBE7C068704710B5B7
:10BB0000040001D1F6F7E2FDE069002809D02068C1
:10BB1000002806D08268002A03D02146BDE81040E4
:10BB2000104710BD007DC0F3C00070470349884234
:10BB300003D0002801D000F003B87047DCB5002026
:10BB40002DE9F04106460E48074603F0BCFA3046A0
:10BB50000AF08AFF0B4C05463146D4F8D4010AF0AE
:10BB6000B3FFD4F8D811A94201D9481B00E0002046
:10BB7000C4F8D8013846BDE8F04103F0B1BA00007E
:10BB800044B7002078B5002070B504464068C0B1C5
:10BB90000269C2B12168904705466068406850B1AB
:10BBA000A16841B1401C03D0C86808B1FFF7BEFFCF
:10BBB000A068FFF7BBFF002020606060A0602846FF
:10BBC00070BD0B2070BD092070BD000070B504462B
:10BBD0000848054602F0A2FD08E008680078A04287
:10BBE00001D1086870BD284602F0AAFD0100F4D119
:10BBF00070BD000064B7002010B5044609F006F8D7
:10BC000040B1215C2E2907D02F2903D05C2901D017
:10BC1000401EF6D102A010BD2044401C10BD000003
:10BC2000000000000421014802F095BD64B7002027
:10BC30002DE9FC41174604460E0023D0684600F06B
:10BC400023F99DF80000FFF7C1FF05001DD0A9688A
:10BC500009B18847D8B1E868D8B165606868401C08
:10BC600019D0EB6801993A4628469847A8B1411C7B
:10BC700013D020606868F0B1102002F081FEA0604F
:10BC800068B10EE00B20BDE8FC810320FBE701203A
:10BC9000F9E70920F7E72460ECE70C20F3E7F6F773
:10BCA00015FD6868401C08D0A1684FF0FF3008609F
:10BCB0004000A16848600020E5E7A1687068C8609E
:10BCC000A16800200860A1688860B068F1E72DE9EC
:10BCD000FC411C0016464FF0000300D02360426870
:10BCE00072B155687DB155697DB1D2696AB1019370
:10BCF00045686A685AB101AB324600F016F80FE0A9
:10BD00000B20BDE8FC815269F0E70920F9E701AAA0
:10BD1000009200680A4601466F6933462846B847D4
:10BD2000002CEED001992160EBE72DE9FF4F05468D
:10BD3000806899460027D0E900C18668D0F80C8059
:10BD40006868144683B0436832469B46BA46B44599
:10BD500057D88E4255D88E1BA1EB0C00761C801B49
:10BD6000401C5B1C02D1B44200D9741EB44208EBE3
:10BD7000000106D82246049802F05CFEC9F8004093
:10BD800078E03246049802F055FEA8680023426825
:10BD9000D5E90010521CC769B847A11BCDF804A013
:10BDA00001A88A465A465945009008D904980B467E
:10BDB0008219D5E900104769B847074619E0D5E967
:10BDC0000010134647694246B8470746A8684168CD
:10BDD000491C01600198AA68431E194451605146EC
:10BDE000824500D2084682B204984146304402F0AF
:10BDF00021FE01983044A04200D20446C9F8004018
:10BE000037E0C76929680023B8475C4509D9CDF8F0
:10BE10000090D5E9001023464669049AB0470746CA
:10BE200027E0B8F1000F0AD1584602F07BFDA9685F
:10BE3000C86008B9F6F74AFCA868D0F80C8001A8D9
:10BE4000CDE9000AD5E900105B4647694246B8478C
:10BE50000746A8680660019AA868511E31444160EF
:10BE6000944200D22246C9F800204146049802F0CC
:10BE7000E1FD2FB9A868D9F80010826811448160EB
:10BE800007B03846BDE8F08F0B7863F3070223B1A3
:10BE900011F8013F3A2B00D1491CC0E9002170473D
:10BEA000F8B5134645680A460446DDB1EE69686890
:10BEB000D0B10EB3286AF8B10020FBB1012B1FD01E
:10BEC000022B0ED128462168B047002809D1D4E9B9
:10BED00000106A46036A9847002802D1A2680099B8
:10BEE0009160F8BD0B20F8BD36B1216801B028463D
:10BEF000B446BDE8F04060470920F8BDA16802E003
:10BF0000A1688B681A448A60F8BD000004480349A0
:10BF1000C26D1161C06D002141617047C1CD000843
:10BF200078B5002070B506000D461DD0084600F01B
:10BF3000D2F8A86810B9284603F078FBA8684660D4
:10BF4000304602F05FFC04000AD03046256002F063
:10BF5000E5FBA04208D13046BDE8704000F0A6B82D
:10BF6000BDE87040F6F7B2BB70BD000010B504002C
:10BF700001D1F6F7ABFB084A08492046EFF7E9FD87
:10BF80006269002A06D0002804D12046BDE810408E
:10BF90000121104710BD000041E701081DE701081D
:10BFA00070B5060043D004F054F904003FD0207F60
:10BFB000C0073CD10021204600F0EFF8204602F0F7
:10BFC000ADFB32E02868B0422BD1E06888B1006850
:10BFD000B0420ED02046F0F7D3F90246E0681421B3
:10BFE000006806F08CFF012821D1E068006805F0A8
:10BFF00027FDE560002D1AD0216909B12046884748
:10C000002046F0F7BDF90246E0681321006806F00B
:10C0100076FF01280BD1E0680068BDE8704005F0AC
:10C020000FBD2946204602F08BFB0500CAD170BD2A
:10C0300010B5040001D1F6F749FB084A084920462B
:10C04000EFF787FD6269002A06D0002804D1204658
:10C05000BDE810400021104710BD000049E701086D
:10C060004FE701080148006C7047000078B50020D8
:10C07000002802D0007FC0F340007047002803D0A2
:10C08000C068002800D00068704710B5040001D1D6
:10C09000F6F71CFB2046BDE8104002F043BB000051
:10C0A0002021014802F057BBACB5002070B5044612
:10C0B000007FC0F3C00540F008002077400720460D
:10C0C00002D4FFF753FF01E0FFF7B2FF207F65F3D3
:10C0D000C300207770BD2DE9F041064604F0B9F8A1
:10C0E00004003DD0E068002740B30068B04220D192
:10C0F000207FC10702D020F001002077204602F007
:10C100000DFBE16888420FD1204602F020FBE16878
:10C11000884209D12046F0F733F90246E06814213D
:10C12000006806F0ECFE02E02046FFF7BFFFE06883
:10C1300020B1E0680068B04200D1E760204602F01C
:10C14000EDFA11E028682946B04220460AD102F0F3
:10C15000AFFB2846FFF7EAFCB068002800D0476034
:10C16000BDE8F08102F0ECFA0500EBD1F8E713B579
:10C17000040001D1F6F7AAFA2046FFF77FFF04007A
:10C1800003D0802105F04EF908B101201CBD01AAA1
:10C190001121204606F0B3FE1CBD70B50D4604000B
:10C1A00001D1F6F793FA207FC0F34001A94217D0DE
:10C1B00065F3410020772046FFF760FF05000FD0B0
:10C1C0002046F0F7DDF80246E0681321006806F02B
:10C1D00096FE012804D12846BDE8704005F030BC29
:10C1E00070BD2DE9F0478AB05FEA030ADDE91387E5
:10C1F000DDF8489015460E4604460FD14FF4807185
:10C2000089450BD1884509D1551E0020E560761E71
:10C210002060C4E901060AB0BDE8F087202102A829
:10C22000E4F7C4F90496CDE9075609950125CDE94F
:10C23000007543464A46514602A807F06BFCCDE91B
:10C24000007543464A46514604A807F063FCCDE911
:10C25000007543464A46514606A807F05BFCCDE907
:10C26000007543464A46514608A807F053FC049916
:10C270000298884200DB0846089A0699914200DB42
:10C280001146884204DA04990298884205DB03E0EB
:10C2900006981146904200DB0846206004990298F7
:10C2A000884200DC0846089A0699914200DC114653
:10C2B000884204DD04990298884205DC03E0069870
:10C2C0001146904200DC0846401EA0600599039884
:10C2D000884200DB0846099A0799914200DB114623
:10C2E000884204DA05990398884205DB03E0079841
:10C2F0001146904200DB0846606005990398884229
:10C3000000DC0846099A0799914200DC11468842F0
:10C3100004DD05990398884205DC03E0079811467F
:10C32000904200DC0846401EE06074E71CB50D4CEE
:10C33000D4F81C1199B90C4AD2E900319268CDE9C0
:10C340000012024618210948F7F763FA08A1C4F859
:10C350001C01F7F724FBD4F81C01002800D00120B1
:10C360001CBD000078B5002088CC04085CCC040813
:10C37000494D4147450000000248D0F81C01F7F73D
:10C38000E2BA000078B5002070B50025CD62886D56
:10C390000C4620F07C0040F003008865084604F05D
:10C3A000E6FFE063204603F05EFFC4E910054FF4AA
:10C3B0008070A064E064A06D002240F08000A06561
:10C3C000114604F1340007F098FB0B4904F15000CA
:10C3D0000A4607F092FBA06D022120F4706000F580
:10C3E0001060A065204606F0B3FA2046BDE8704014
:10C3F0004FF4803102F094BE3200002010B50146A7
:10C40000034803F027FA044603F08CFA204610BDD7
:10C41000F4CC04082DE9F04180460D4817461E462D
:10C42000D0F81C010022F7F7CEF9051E0DD0F7F762
:10C430003FFA0446C760007A012803D1606808F01B
:10C44000D3FB6060C4E904862846BDE8F0810000A3
:10C4500078B5002010B504460068002812D0C268E4
:10C460000AB121469047FFF787FF00280AD0206CC9
:10C47000002807D0616C002904D0BDE810400022DC
:10C48000F7F766BA10BD000010B5074802F06BF967
:10C49000040004D01C2102F0C4FB204610BDF6F7B6
:10C4A00015F9002010BD000088B6002070B50568A1
:10C4B0000E460021AC682CB1134601463246284690
:10C4C000A0470146084670BD30B593B00D460446FE
:10C4D0004C21684602F0A5FB2046039400F0DBFBEC
:10C4E0008DF8100029466846F1F7D0FE002800D0EC
:10C4F000012013B030BD000070B50D4604461C216C
:10C50000054802F028F92046FFF710FF2846BDE84D
:10C51000704000F0D1B9000088B60020F0B50D469B
:10C5200087B0164604464C2102F07BFB85B12846B5
:10C53000E56000F0B0FB2074FFF71EFF0025F0B1AE
:10C540002248D0F81C0120642EB1B17819B116E050
:10C55000002007B0F0BD217C8DF80810E168019142
:10C5600000226946F7F708F9070008D0F7F7A0F9A5
:10C57000C168E1620069676420600120E9E704F1B5
:10C5800020012046F1F782FE20600028E1D026B18C
:10C59000316861603179217201E06560257242681D
:10C5A00021469047054601280DD1E06A58B14169FE
:10C5B00009B1806908B9F6F789F8207A18B1002125
:10C5C000E06AF9F755F92846C3E7000078B500207E
:10C5D000F8B50C004CD0051D0079264F30B32088EB
:10C5E000C0F30721142921D0A08880B2F9F7DEFA20
:10C5F0000646208981B23046B14217D00146204616
:10C60000F8F735FF012811D000962088C0F30723E2
:10C610006068020C81B23846F9F7AAF8060027D004
:10C62000002322461946F9F717F834466878E8B12E
:10C630002088C0F30720A0F10B01042916D3F7F7D7
:10C64000C4FE98B101212046F9F786F970B920217E
:10C650002046F9F781F908B1204605E02146384621
:10C66000F9F7E4F8040003D0F9F7D6F92046F8BD4D
:10C670000020F8BD70B60020C1607047816070472F
:10C68000016070474160704710B591F858000C4642
:10C6900000F00300012801D0022808D1E06AFFF76A
:10C6A00045FA0020E062A06D40F00300A06510BDD7
:10C6B0002DE9F0418AB088460846FEF78BFE054614
:10C6C0004146704803F0F0FC01281CD14046FEF7BB
:10C6D0008CFE044607A900F0D7F8322D16D007AF1C
:10C6E0004FF480761B2D20D0312D5CD0162D73D0C9
:10C6F000342D70D01D2D03D0202D01D01A2D02D144
:10C700004046ECF765FB0AB0BDE8F08194F85800AC
:10C7100000F00300022804D12046E16A00F00DFA7F
:10C72000F1E7204606F060F8EDE74046FEF7B3FE7D
:10C730000546606C28B9A06CB04202D1E06CB042F2
:10C74000E1D0204604F013FE8046204603F08BFD26
:10C750000646B4F84C00B4F8481080B289B2CDE96E
:10C76000001002973246414603A8636CFFF739FD7B
:10C77000039829684042814200DD084628600499F8
:10C780004942884200DC08462860059AA2EB08016D
:10C79000884200DC084628600699891B884200DC34
:10C7A00008462860AFE7B4F85800C0F303200B2810
:10C7B00003D00D2801D00E28A5D1204615F033FC5A
:10C7C000606C0028ADD1A06CB042AAD1E06CB04240
:10C7D000A7D198E700E04DE04046FEF75CFE054635
:10C7E000204604F0C4FDE16B884238D1204603F0B6
:10C7F0003AFD216C884232D1A06CB04204D1E06C89
:10C80000B04201D1606C50B3204604F0B0FD064642
:10C81000204603F028FD0246B4F84C00B4F8481056
:10C8200080B289B2CDE900100297636C314603A84B
:10C830001434FFF7D6FC03982168002208440390C3
:10C84000049861680844049005982168084405909C
:10C85000069861680844069003A8296806E06946BE
:10C86000204603F059FC002268462968F5F716FEB9
:10C87000287148E74046FEF70EFEE16B0160216C2F
:10C88000416040E7F4CC040870B50D46040001D1C6
:10C89000F5F71CFFE16B206D07F050F82860216C64
:10C8A000606D07F04BF8686070BD10B5040001D1F1
:10C8B000F5F70CFFA06C10BD1CB50D4CD4F8201181
:10C8C00099B90C4AD2E900319268CDE900120246CA
:10C8D00018210948F6F79DFF08A1C4F82001F7F7D1
:10C8E0005EF8D4F82001002800D001201CBD000013
:10C8F00078B5002094CC040830CC0408494D414759
:10C90000455F484541444552000000000248D0F8C8
:10C910002001F7F718B8000078B500202DE9F043A2
:10C9200089B015460E46040001D1F5F7CFFEB4F8E4
:10C930005800C0F303200A2801D900263546206D8F
:10C94000B04202D1606DA8426DD0204606F06EFF65
:10C95000204604F00CFD8146204603F084FC80460E
:10C9600007A92046FFF790FFB4F84C00B4F8481030
:10C9700080B289B2CDE9001007AF0297424649461E
:10C9800003A8636CFFF72DFC0399606908440390CA
:10C990000499A069084404900599606908440590C9
:10C9A0000699A0690844069003A9204605F067F897
:10C9B0002A46314604F1500007F09FF8204603F064
:10C9C0001DFC05460021F8F729F8204605F00CFF6C
:10C9D00001212846F8F722F807A92046FFF754FF5F
:10C9E000B4F84C00B4F8481080B289B2CDE9001018
:10C9F00002974246494603A8636CFFF7F2FB03988F
:10CA00006169084403900498A1690844049005985A
:10CA10006169084405900698A1690844069003A935
:10CA2000204605F02CF809B0BDE8F0832DE9F0416F
:10CA30008AB00D46040001D1F5F748FEB4F858005D
:10CA4000C0F303200A2804D900250BE0A5F5616591
:10CA500001E04FF461608542F8DA01E005F56165B7
:10CA6000002DFBDB606CA84264D0204606F0DEFEA1
:10CA7000204604F07CFC8046204603F0F4FB074689
:10CA800007A92046FFF700FFB4F84C00B4F848109F
:10CA900080B289B2CDE9001007AE02963A4641460F
:10CAA00003A8636CFFF79DFB03996069084403903A
:10CAB0000499A069084404900599606908440590A8
:10CAC0000699A0690844069003A9204604F0D7FF00
:10CAD0002046656403F092FB05460021F7F79EFFB0
:10CAE000204605F081FE01212846F7F797FFB4F8AC
:10CAF0004C00B4F8481080B289B2CDE9001002961B
:10CB00003A46414603A8636CFFF76BFB03986169E3
:10CB1000084403900498A169084404900598616949
:10CB2000084405900698A1690844069003A9204688
:10CB300004F0A5FF0AB0BDE8F0812DE9F04389B00B
:10CB40000E46040001D1F5F7C1FD204604F078FF40
:10CB5000304600F0A0F805464FF0000903280BD03E
:10CB600003A93046FFF7B0FC012816D1C5B1012D4D
:10CB70002DD0022D2BD067E094F8580000F0030070
:10CB8000022801D0012802D1E06AFEF7CFFFC4F8E5
:10CB90002C90A06D40F00300A06509B0BDE8F083C3
:10CBA0000398000CC00605D570690028F5D0B0695F
:10CBB0000028F2D094F8580000F00300012801D0BA
:10CBC000022802D1E06AFEF7B1FFE6623CE0E16ACA
:10CBD000B14212D094F85800002700F00300012859
:10CBE00001D0022800D10F46304607F0FDFF38B1D2
:10CBF000E06217B13846FEF799FF022D03D023E01B
:10CC0000F5F764FDC9E7204600215A2204F0B2F985
:10CC10008046204600215B2204F0ACF907462046FE
:10CC200000215C2204F0A6F96FF060428DE8050255
:10CC30003B464246314606A808F066FE0698ADF827
:10CC400010000798ADF81200A06D65F30100A06513
:10CC5000049881B2E1630498010C21640398010AED
:10CC6000A06D61F38600A065204605F0E1FD204639
:10CC700015F0D9F9606C38B9A06C4FF48071884216
:10CC800002D1E06C884202D0204605F0ADFD20467E
:10CC900004F0D6FE81E730B10078A0F120015F29D1
:10CCA00003D80120704703207047802801D3022059
:10CCB00070470020704700000148006D7047000079
:10CCC00078B5002010B5F7F7C9FE1A4801F04BFD02
:10CCD00004002AD04FF4A272002101F066FFE07A2E
:10CCE000224640F00600E0721E21134809F058FD6C
:10CCF0006062F7F7B3FE2062002020700120A0726E
:10CD00000A2084F8280084F829004FF4C870A08510
:10CD10006420E085322084F82B00032084F82A0068
:10CD20004FF480702063204610BDF5F7CFFC002043
:10CD300010BD0000BCB50020B5D101082DE9F04FB1
:10CD40008DB04FF0000A0446CDF818A090F82800E6
:10CD50000290D4F8D090CDF814A0E16CD4F8B800CB
:10CD6000D3460844C4F8B800216DD4F8BC00084488
:10CD7000C4F8BC002BE100BF4FF000084FF48075F1
:10CD80002E46CDF81C804F46CDF8208019E00021BA
:10CD9000384604F047FA40440FFA80F8002138463C
:10CDA00004F043FA00900021384604F046FA0146A8
:10CDB00000984E4345432D123612384603F0B2FA1E
:10CDC0000746002FE3D105B9012506B90126D4E9AC
:10CDD0002E01B8F1000FCDE9030105D14FF48070A9
:10CDE000854201D186420FD0C8F1000001B24FF454
:10CDF000803090FBF5F290FBF6F3002507A8CDE913
:10CE0000000503A806F086FE0398002801DD014610
:10CE100000E041420498002800DC404281424FF08B
:10CE2000010001DD834600E005901021484604F032
:10CE3000E1FA00287ED0059D5F462E46B84648465A
:10CE400003F0D2FAC10700D10027810701D44FF0C7
:10CE50000008410700D40025000700D400264846FA
:10CE600003F084FB50B10AAB6A4603214846F0F751
:10CE70001DF89DF8000048B1012009E0484603F084
:10CE8000BBFA0990484603F015FB09E04FF0FF306C
:10CE900009909DF8280008B1012001E04FF0FF3013
:10CEA0000190484603F06AFB50B10BAB0AAA0C2173
:10CEB0004846EFF7FBFF9DF8280048B1012009E044
:10CEC000484603F063FB0090484603F03DFA09E052
:10CED0004FF0FF3000909DF82C0008B1012001E0D8
:10CEE0004FF0FF300099002901DC00280DDD1DB155
:10CEF000049A02998A4205DA3EB10299049A49429B
:10CF00008A4202DC0C21CA4606910999002902DCFA
:10CF10000199002911DD1FB1DDE902128A4207DA09
:10CF2000B8F1000F09D0DDE9021249428A4204DC5F
:10CF3000CA4600E036E0032106910099002900DC92
:10CF40000025002800DC00260998002800DC0027C6
:10CF50000198002801DC4FF000081FB1DDE9020153
:10CF6000814212DAB8F1000F04D0DDE9020140423B
:10CF700081420ADD1DB104990298814205DA8EB121
:10CF800002980499404281420CDCBBF1000F01D0B1
:10CF9000032100E00C2194F8100161F3030084F8F0
:10CFA000100118E04FF48071484604F023FA3BEA80
:10CFB000000010D14FF40071484604F01BFA0146FE
:10CFC0000598884307D1484603F0ACF98146B9F18A
:10CFD000000F7FF4D1AEBAF1000F0CD094F810011D
:10CFE000069961F3030084F810010020C4F8D8A06A
:10CFF00044F8B80F60600DB05046BDE8F08F0000F7
:10D000000148406D7047000078B5002090F810018D
:10D0100000097047002801D0D0F8200170470000B7
:10D02000044A18B10146104601F08ABB104601F0CF
:10D0300075BB0000BCB5002030B10278012A05D0D4
:10D04000032A03D04FF0FF30086002E0426B0A6011
:10D05000806B48607047002805D00178012903D013
:10D06000032901D00020704790F8100100F00F0054
:10D070007047002805D00178012903D0032901D089
:10D0800000207047D0F8D8007047002800D0007A00
:10D090007047002800D00078704700220A604A607C
:10D0A000002808D00278012A01D0032A03D1C26CDB
:10D0B0000A60006D48607047F0B591B0040074D00C
:10D0C0003B4D2C65206A00286FD02046F2F7D2F93C
:10D0D000E07A400769D5206AD0F8D002002864D1F0
:10D0E00000276E4630464022002101F05EFD207888
:10D0F000012804D0022807D0042808D009E0606C79
:10D100000990A06C0A9004E0D4F8180100E00A200D
:10D110000B906268204632B1314690470E9810B9A4
:10D1200009F016FB0E90A07A022804D09DF83C006E
:10D1300008B1012600E000262046F2F79BF96F6552
:10D140009DF8200020720E99E160012805D020781A
:10D15000042806D1BDF83400B8B1216A0E98C1F890
:10D160000C032078012806D0022809D004280CD00E
:10D1700003280FD012E069462046F1F70DFE0DE0BE
:10D1800069462046F1F728FD08E069462046F1F798
:10D19000E9FA03E069462046F1F755FA2046F2F72E
:10D1A00069F9002E9DD12F656F6511B0F0BD0000AB
:10D1B00078B50020C068FFF77FBF000070B50D464E
:10D1C00038B1BDE87040F2F7E5B92946F2F7E2F967
:10D1D0002046FFF725FF0400F7D10149486570BDDF
:10D1E00078B500202DE9F04F0446C06C87B010B927
:10D1F000206D00287BD0D4F8D8905FEA090015D1C3
:10D200002046FFF79BFD5FEA000970D02046F2F749
:10D21000BBFA2021D4F8D00005F00DFC00220C212F
:10D22000484605F06CFEE07A800760D44FF4807BBE
:10D230004FF000085D465E464F460021384603F039
:10D24000F1FF40440FFA80F80021384603F0EDFF6B
:10D2500082460021384603F0F0FF464305FB0AF5FD
:10D2600045F30F2546F30F26384603F05BF8070019
:10D27000E3D105B9012506B901260027B8F1000F51
:10D2800003D15D4501D15E4513D0C8F1000001B264
:10D290004FF4803090FBF5F290FBF6F003B204A857
:10D2A0000597CDE9000712B2049704F14C0006F08F
:10D2B00031FC0297039794F8100100F00F00032847
:10D2C000484615D003F062F90546484603F03CF89D
:10D2D00003460C2000902A464846216DEDF751FF89
:10D2E0000390484603F080F8C10711D014E03BE0FA
:10D2F00003F0E0F80546484603F07EF802460320B6
:10D3000000902B464846E16CEDF73BFF0290E8E7C2
:10D310000299002900DD0297810703D402990029B0
:10D3200000DA0297410703D40399002900DD03972F
:10D33000000703D40398002800DA039703AA02A980
:10D3400020460FF0B3FEDDE90212484605F049FD24
:10D35000E07A800708D454F8B80F02990844206096
:10D36000606803990844606007B0BDE8F08F2DE95C
:10D37000F84F0446D0F8D8005FEA00097DD094F851
:10D380001001000779D094F829704021484604F034
:10D3900031F8002518B9C4F8C450C4F8C050484644
:10D3A00003F0E4F88046484603F0E8F8064694F8AF
:10D3B00010016FF0604A00F00F016420CAF1000B09
:10D3C0000C2902D003293BD05DE0C4F8C050B6B1AF
:10D3D0000C21204600F0CEF800906A46002120463D
:10D3E000C4F8C4500FF062FE524659464846009BAE
:10D3F000EEF798F8009901230A1800213BE054F851
:10D40000C41FC7F16402514391FBF0F0206048460D
:10D4100002F09AFF0746484603F0B8F802460C208F
:10D4200000903B4648462168EDF7ABFE024620607F
:10D430000021484605F0D5FC14F8B90CC43C20E0A6
:10D44000C4F8C450B8F1000F27D00321204600F0E3
:10D4500091F80090002269462046C4F8C0500FF0B1
:10D4600025FE524659464846009BEDF7D9FF0099E4
:10D47000012301440022484600E079E005F0BAFBB0
:10D48000E07A800774D4D4F8C000002870D1D4F8B2
:10D49000C40000286CD10EB33BE054F8C01FC7F1A4
:10D4A0006402514391FBF0F02060484602F0A4FF73
:10D4B0000746484602F0FEFF0346032000903A4626
:10D4C00048462168EDF75DFE01462060002248468F
:10D4D00005F087FC14F8B50CC03CD2E7484603F0D1
:10D4E00055F80646484602F02FFF002E06DC0028BD
:10D4F0000FDD002E02DA0123324603E0002808DAAD
:10D50000012342420021484605F074FBE07A80077F
:10D510002ED4B8F1000F1BD1484602F06DFF06462D
:10D52000484602F0C7FF002E07DC002810DD002E61
:10D5300003DA01230022314604E0002808DA01233F
:10D5400000224142484605F055FBE07A80070FD49F
:10D5500022460E21484605F0D2FCE07A800707D427
:10D5600094F8100120F00F0084F81001C4F8D8508E
:10D57000BDE8F88F002804D0032906D00C2901D07B
:10D5800000207047D0F8CC1001E0D0F8C81090F817
:10D5900029200020C2F16402642303E008445143BF
:10D5A00091FBF3F10029F9D1704770B50C4686B0B4
:10D5B0000546012103F01EFFD8BBD4E90001CDE9E7
:10D5C0000401022204A9284606F0E1F804A928462D
:10D5D00003F033FF064605F114000FC88DE80F0075
:10D5E0004FF48011284603F005FF38B1284602F0B9
:10D5F0002BFE014602466846F4F78DFE002204A980
:10D600006846F4F74BFF80B1284602F07BFD401ED0
:10D6100004000AD4A86804A9006850F82400FFF7A1
:10D62000C4FF002803D1641EF4D516B1284606B005
:10D6300070BDFFE70020FAE770B588B015460E46CA
:10D64000044668461C22002101F0AFFA04950094BC
:10D65000CDE9014604F59470012269460446FDF7C0
:10D660007DFF012804D1002269462046FDF776FFA0
:10D6700008B070BD002800D041607047002804D079
:10D680000170C17A41F00201C1727047002803D0D5
:10D69000C17A41F00801C1727047000070B5254D94
:10D6A0002878002845D12C4620464FF408720021E6
:10D6B00001F07BFA4FF44971201D01F04CF84FF452
:10D6C000A27104F1440001F046F81B48606601268F
:10D6D00084F824600320A0658920E062432020674D
:10D6E000164806F069FA01F07FF9F8F771F907F0CA
:10D6F000F1F906F0B9F809F047F8FEF793FA00F0EF
:10D70000DDFFF3F7E5FDFEF7CBFCF8F769FDFCF76D
:10D710000FFA05F047FF06F0F3FB00210846FEF77D
:10D72000EBFEF5F7A9FB4420112801D1F4F7CEFF59
:10D730002E7070BD78B50020D4C3B2A1CDAB341229
:10D7400070B588B00D46040003D1F7F787F90400DF
:10D7500024D0F7F73DFA002820D0E06B400101D536
:10D76000F4F7B4FF0026BDB1049620460596F7F7FE
:10D770009DF9401E06902046F7F710FA401E0790CC
:10D7800004AA29466846F4F7D3FD002806D094F889
:10D790004000072804D00BE0C4F8646208B070BDF4
:10D7A000009820F007000090029840F007000290D7
:10D7B00094F83D00022808D06A4635212046F7F744
:10D7C000E3FA0128EAD1002513E004AD95E80F0043
:10D7D00004F1440585E80F0001201EE004EB05116B
:10D7E000002268464431F4F7C3FD0028D6D16D1CF1
:10D7F000ADB2D4F86402A842F0D86946202802D31A
:10D8000004A9C4F86462D4F8640204EB0010443044
:10D81000F4F7B3FCD4F86402401CC4F8640200229C
:10D8200038212046F7F7B0FAB8E72DE9F04107466E
:10D83000984615460E461C2001F0A2F804000BD0B5
:10D84000C4F81880E560C4E9007665B1284601F0A7
:10D8500097F8A06028B106E0F4F738FF0020BDE893
:10D86000F081F4F733FF2046F9E7000070B500259A
:10D87000CD6291F85C006E1E20F0300000F0F000E8
:10D880004E630C4681F85C002A46294604F1540098
:10D8900006F033F9300CC4E91050A064C4E90E65F9
:10D8A0000221204605F054F80021204600F0ECFD4E
:10D8B0002046BDE8704001A100F018BE54657874A0
:10D8C0000000000010B50146034801F0C3FF044604
:10D8D00002F028F8204610BD18CD040810B591F8C4
:10D8E0005C000C46C00602D4E06AFEF71FF9002077
:10D8F000E06210BD2DE9FE4F8946504802F0D4FB8E
:10D9000001287DD14846FDF765FD05464846FDF7EF
:10D910006CFD0446322D0CD0312D0AD01B2D0CD0BD
:10D92000342D19D01D2D6BD14846BDE8FE4FECF7C4
:10D930000EBBBDE8FE4F00F04FBB002103F045FCDD
:10D94000FEF7DBF8C11700EB9170811003B0484679
:10D95000BDE8F04FFDF75DBE94F85C0000065CD5B5
:10D960000021204603F031FC83460021204603F0CD
:10D970003BFC82460021204603F03FFC074694F81A
:10D980005C000026810600D50826400601D546F039
:10D9900001060021204603F067FC6FF040418842F9
:10D9A00004D1608D000501D44D1003E0204602F043
:10D9B00002FC05460021204603F010FAA84204DCD0
:10D9C0000021204603F00AFA05462046D4F83480A8
:10D9D00000F020FD0097CDE9015653465A4604F168
:10D9E0004C00E16A07F090FF4146204600F028FD18
:10D9F0000021204603F0ECF90146206D814200E051
:10DA00001AE003DC0021204603F0E2F9206594F8D7
:10DA10005C0020F0800084F85C004846FDF73BFD88
:10DA20000268E16C8A4200DD114601604168226DA6
:10DA3000914200DC11464160BDE8FE8F18CD04081C
:10DA40002DE9F04F9BB00C465FEA000801D1F4F7D6
:10DA50003DFE0CB9F4F73AFE40460021122203F0D5
:10DA600089FA21681022081A12904046002103F01A
:10DA700081FA6168081A13900EA9404602F05FFB14
:10DA8000404600F07FF9064600252C460EA8F4F724
:10DA90003DFC19900EA8F4F72AFC1890002140468E
:10DAA00003F093FB0C900021404603F0A6FB089086
:10DAB0000021404603F098FB0B900C98FEF71DF8F0
:10DAC0008246A9464046EEF714FD07462EE000BF09
:10DAD000089909EB0A0B594418985144814207DD13
:10DAE00098F85C0000F00F00012801D147F004070E
:10DAF000199800218DE88300DDE90B327019491E69
:10DB000007F0DAFD1399044459450BDC374A0094B9
:10DB100069461268304690470A280AD0305D40B9FD
:10DB2000641C06E00899254651448944705D00282C
:10DB3000CED14FF00009CDF8349006EB050A4046EF
:10DB40004946D8F82C2001F06CFE0146DDE90B02B5
:10DB5000CDE900200DF1380CCDE902C7631B524618
:10DB60000DA8E9F73CFE8DF85090C846CDF814900A
:10DB700034BB29E005AB6A4601A9504607F084FD95
:10DB8000380706D5059914A81AF8011007F0A7FF61
:10DB9000B0B9DDE900210C98FDF777FF0D9A1299D5
:10DBA000104481421EDB05992944A1421AD008EB9A
:10DBB0000501715CB1B10B99DDF8148008440D903A
:10DBC00005982844A042D5D3094C504605992268AF
:10DBD0009047074622682946304690471BB0384494
:10DBE000BDE8F08FCDF81480EEE7000024CC0408E7
:10DBF00028CC04082DE9F74F90B01746040001D156
:10DC0000F4F764FD0FB9F4F761FD20460C9400F0C1
:10DC1000B9F8054602460021204601F002FE0A90AE
:10DC20002878E8B30C98EEF764FC504A83462846FF
:10DC300012681199904780460021204603F0DDFAD2
:10DC40000B900021204603F0CFFA049000212046DB
:10DC500003F0BBFA0390FDF750FF824605A920466A
:10DC600002F06DFA05A8F4F751FB0E9005A8F4F741
:10DC70003EFB4FF000094E460D90A85D4C46E0B3C8
:10DC80000B9809EB0A0101440D985144814221DDB2
:10DC90000C9890F85C0000F00F00012818D019E0F3
:10DCA000FFE7002078600A9901290DD0022905D0EC
:10DCB000032909D1204602F07EFA05E0204602F051
:10DCC0007AFA00EBD0704010386013B0BDE8F08FE6
:10DCD0004BF0040B00210E9ACDE90021CDF808B0DD
:10DCE000DDE903232819491E07F0E6FC0644B04588
:10DCF00009D3A85D08B10B9800E004E00AEB00012D
:10DD000089443446BCE7B8F1000F0ED005EB08009B
:10DD100010F8010C0A2801D00D2806D115F80800CA
:10DD200018B90B99444651448944CDF800B0DDE957
:10DD300003232544A8EB0401284607F041FE11996E
:10DD40000990A14202D0049908440990DDE9031228
:10DD5000331B05AC8DE816082A4609A80A99E9F78D
:10DD60003EFD0998C7E90009AFE700001CCC040894
:10DD700010B5040001D1F4F7A9FC94F85C00C0F3DD
:10DD8000401010BD10B5040001D1F4F79FFCE06A0B
:10DD900010BD10B5040001D1F4F798FCA06C10BDC3
:10DDA00010B5040001D1F4F791FC606C10BD0000C7
:10DDB0002DE9F04117460D46040001D1F4F786FC29
:10DDC0000FB9F4F783FC94F85C00C00629D4204610
:10DDD00003F036FEE06A06F019FF0646384606F004
:10DDE00015FF8119491CE06A05F0FAFFE06220B9CD
:10DDF000F4F76CFCE06A002813D0A5F57F40FF38EB
:10DE000004D10949E06A0968884705463A46294627
:10DE1000E06A07F011FE2046BDE8F041002100F065
:10DE200065BBBDE8F08100002CCC04082DE9F04F63
:10DE300099B08A465FEA000901D1F4F747FCBAF1CC
:10DE4000000F01D1F4F742FC0EA9484602F077F921
:10DE50004846FFF797FF8046002425460EA8F4F7B2
:10DE600055FA18900EA8F4F742FA17900021484688
:10DE700003F0ABF904900021484603F0BEF90D9081
:10DE80000021484603F0B0F983460498FDF735FEBB
:10DE900009904846EEF72DFB0746002627E0099833
:10DEA0000D99304416900144099801441798814215
:10DEB00007DD99F85C0000F00F00012801D147F060
:10DEC0000407189800218DE8830008EB04005B46E6
:10DED000491E049A07F0F0FB0544DAF8041016987E
:10DEE000814208DD0D9909982C460844064418F82B
:10DEF00004000028D3D148460021D9F82C2001F095
:10DF000090FC0026022802D0032814D020E0291B10
:10DF100008EB04005B460097049A07F051FD0646A3
:10DF20000EA8F4F7F3F900EBD071491006EBD670A8
:10DF3000A1EB60060CE0291B08EB04005B46009790
:10DF4000049A07F03DFD06460EA8F4F7DFF9861B9C
:10DF500000208DF8480081460B9005940C90FDB18F
:10DF60006D1E0598A8421BD805AB0CAA0BA940460C
:10DF700007F08AFB380707D5059912A818F8011091
:10DF800007F0ADFD0028ECD1DDE90B12B146049895
:10DF9000FDF77BFDDAF800103044814215DA059474
:10DFA000DDE90B120498FDF770FD00EB0B01DAF8C8
:10DFB0000000A9EB0B02491C90420ADB494488424D
:10DFC00007DC012019B0BDE8F08F00EB0B06059CC3
:10DFD000C7E70020F6E700002DE9F04F0446C06ACD
:10DFE0009FB000287ED04FF0FF3AC4F838A094F8D4
:10DFF0005C0040F0800184F85C1020461BA902F010
:10E000009EF81BA8F4F782F980460021204603F011
:10E01000DCF81A900021204603F0EFF805460021B5
:10E02000204603F0E1F807462046EEF762FA06467E
:10E03000204600F0EFF9CDE9005802963B46E16A30
:10E0400018A81A9A07F060FCDDE91812C4E9181242
:10E05000204604F0EDFB94F85C0042F2107B00F0E7
:10E060000F004FF00008022804D003287CD00128BC
:10E070007BD0BEE10021204602F0F7FD8146002161
:10E08000204602F0F5FD060006D15A464FF496717F
:10E090002820F3F73AFA06466846F3F771F9214665
:10E0A0006846F3F730FA51466846F3F71AFA4FF428
:10E0B00096716846F3F719FA68460E99F3F713FA62
:10E0C00000251BA8F4F722F9189988424EDAAA46CF
:10E0D0001BA8F4F71BF91899401A834602465146CB
:10E0E000684600E088E1F3F708FAC5496846F3F7A7
:10E0F000F4F9C3492046F3F729F92F4620B1456BBF
:10E1000090F85C00C0F340075A4651463046F3F79A
:10E11000A1F9854200DD05460D954FB19DF85C00E3
:10E120000B9940F002008DF85C00099809910B9062
:10E1300031466846F3F7C9F931466846F3F7D7F92F
:10E14000B9F1000F07D094F85C00494600F00F02C7
:10E15000684609F004FB6846F3F7F6F9002D01DA8A
:10E16000C4F854A0012507E04EE0E6E0A4492046AB
:10E17000F3F7C8F8C4F854801BA8F4F7B8F8199955
:10E1800088427DDA002D7BD11BA8F4F7B0F81999ED
:10E19000451A1A98FDF7B1FC2A1A00216846F3F7D0
:10E1A000ACF998496846F3F798F996492046F3F791
:10E1B000CDF801004FF00000024604D0486B91F802
:10E1C0005C10C1F340020C99814200DA08460D90C0
:10E1D0004AB19DF85C000B9940F002008DF85C009C
:10E1E000099809910B9031466846F3F76EF931466C
:10E1F0006846F3F77CF9B9F1000F73D094F85C002E
:10E20000494600F00F028CE00021204602F02DFD6F
:10E2100006460021204602F02BFD050006D15A4695
:10E220004FF496712820F3F770F905466846F3F726
:10E23000A7F821466846F3F766F951466846F3F7B2
:10E2400050F900271BA8F4F761F81899884235DACD
:10E25000202211461A98FDF718FC189900EB40008F
:10E260000844424200216846F3F747F9644968468A
:10E27000F3F733F929466846F3F727F9604900E0D8
:10E2800029E02046F3F762F808B1476B00E0002769
:10E2900028460B9A0999F3F7DDF8874200DA0D97C3
:10E2A0003EB194F85C00314600F00F02684609F078
:10E2B00056FA6846F3F748F9012705E05049204629
:10E2C000F3F720F8C4F854801BA8F4F710F8199954
:10E2D000884200DA3FB14B492046F3F713F8C4F8FF
:10E2E000588086E025E01A98FDF707FC1999084444
:10E2F000424200216846F3F700F942496846F3F7C5
:10E30000ECF829466846F3F7E0F83E492046F3F773
:10E310001DF800B1406B46B194F85C00314600F046
:10E320000F02684609F01BFA03E00C99814200DDF8
:10E330000D906846F3F708F95BE01BA8F3F7D7FFE9
:10E340001999884255DA1A98FDF7D7FB199988422E
:10E350004FDA2D49E06A09688847032849D91BA884
:10E36000F3F7D4FF06462E2211461A98FDF78DFBCF
:10E370003844A0EB8000304400901BA8F3F7B7FFAF
:10E3800001901A98FDF7B9FB0199284491FBF0F22E
:10E3900000FB12161A98FDF7B0FBB0420198A0EBF3
:10E3A000060006DC01901A98FDF7A7FB01990844C6
:10E3B00000E0401B0190002269462046FFF740FB29
:10E3C0000646E06A06F022FC104A0546314612680D
:10E3D000E06A90470E4E029003E0326802A9E06ABC
:10E3E00090470298C01CA842F7D82046029900F036
:10E3F00027F8204603F024FB1FB0BDE8F08F000093
:10E4000035D302083BD302082CCC04081CCC0408EA
:10E4100024CC040810B5416B491C10D0002106E043
:10E42000446BC36A2344CA54491C042904DA4218C1
:10E4300092F83020002AF3D14FF0FF31416310BD34
:10E4400070B50446406B0D46401C01D0F4F73EF910
:10E45000681C17D0E06A0422411904F1300006F06C
:10E46000DDFB00202E23656303E0401C535403288A
:10E4700004DAE26A2918565C002EF6D1E26A2844D2
:10E480000021115470BD000070B50D46040001D18B
:10E49000F4F71CF913492046F2F734FF12492046DD
:10E4A000F2F730FF0022114604F1540005F025FB7D
:10E4B000022D11D0032D0FD0042D0DD094F85C0047
:10E4C00020F04001C8B265F3030084F85C002046E8
:10E4D000BDE87040FFF780BD94F85C0040F040015B
:10E4E000F0E7000035D302083BD3020870B50D46B3
:10E4F000040001D1F4F7EAF805B9E56A2046FFF710
:10E5000089FF284606F082FB461CE06AA8420ED12D
:10E5100094F85C10C9060AD4314605F061FCE0624B
:10E5200010BBF4F7D3F8E06A002822D01CE038B121
:10E5300094F85C10C90603D4FDF7F8FA0021E162F3
:10E54000304600F0EFF9E06220B9F4F7BFF8E06A76
:10E5500000280ED02946E06A06F03CFB94F85C00E7
:10E5600020F0100184F85C102046BDE87040FFF7F1
:10E5700033BD70BD0FB410B504AA039900F038F88C
:10E5800010BC5DF814FB70B50D46040001D1F4F722
:10E590009DF82046A564BDE8704003F051BA70B5FF
:10E5A0000D46040001D1F4F791F820466564BDE8FA
:10E5B000704003F045BA70B50D46040001D1F4F780
:10E5C00085F894F85C00C00605D4E06A18B1FDF740
:10E5D000ADFA0021E16235B194F85C0040F0100121
:10E5E00084F85C10E5622046BDE87040FFF7F4BC9B
:10E5F00070B516460D46040001D1F4F767F80DB961
:10E60000F4F764F8204603F01BFACDB1E06A38B1A4
:10E6100094F85C10C90603D4FDF788FA0021E16282
:10E620003146284607F097FAE06294F85C0020F043
:10E630001001204684F85C10BDE87040FFF7CCBCA8
:10E640002046F9E710B5040001D1F4F73FF8204661
:10E650005022002100F0A9FA2046BDE81040AFF397
:10E66000008010B5040001D1F4F730F80023FF203A
:10E6700084F84E001A4619461846F5F7D5FBA064F3
:10E6800010BD000010B504460021162202F072FCF5
:10E6900010F0FF000ED008498A6D82420AD3CA6D7D
:10E6A000042101EBC001515852F830202046BDE84A
:10E6B0001040104710BD000078B5002010B5064C82
:10E6C000A06DC00000F02EF9E065FCF7B5FFBDE8D5
:10E6D0001040FDF71BBC000078B500200021AFF30F
:10E6E00000802DE9F0410E46074600F017F8044679
:10E6F00008E02146384600F023F8054636B12046AA
:10E70000B0472C46002CF4D1BDE8F08121463846B4
:10E7100000F0CEF82046FDF709FAF2E7002800D015
:10E720004068704700B503460022FFF7F7FF03E09B
:10E730001846521C00F004F80100F9D1104600BD43
:10E740000068091D4058704700684058704700280D
:10E7500000D08068704700224260C91C21F003018C
:10E7600082600160704770B504460068083000F0B0
:10E77000D9F8050013D001460022204608F072FEA9
:10E7800029462046626808F067FE616819B12A468A
:10E79000204608F067FE6560A06800B9A5602846BD
:10E7A00070BD2DE9F0410C4606000AD04CB1FFF7D0
:10E7B000B5FFA04208D13046FFF7D5FF051E01D0B6
:10E7C0001EE00020BDE8F0813068083000F0AAF8B3
:10E7D000051EF7D030682A4607593046394608F0FA
:10E7E0003BFE3A462946304608F03CFE2A46214682
:10E7F000304608F037FE22462946304608F02CFE07
:10E800002846DFE770B504460068083000F08AF853
:10E81000050013D001460022204608F01DFE2946BF
:10E820002046A26808F01EFEA16819B12A462046BB
:10E8300008F012FEA560606800B96560284670BDEA
:10E8400028B1416809B9806808B1002070470120EB
:10E8500070472DE9F04114460E460746A14225D0E7
:10E8600014B13868055902E0FFF771FF0546AE4262
:10E870001CD03146384600F01BF83246294638464F
:10E8800008F0EAFD2A463146384608F0EBFD3246EC
:10E890002146384608F0E6FD22463146384608F063
:10E8A000DBFD04B9BE60002D00D17E60BDE8F081C3
:10E8B00070B504000DD0FFF731FF002288422046DA
:10E8C00008D1FFF73DFF6060011E01D000221EE06D
:10E8D000A26070BDFFF73BFF8842206808440AD160
:10E8E0000168A16029B12046BDE87040002208F00F
:10E8F000B3BD626070BD05682046FFF721FF064684
:10E9000002462946204608F0A7FD2A463146204601
:10E91000BDE8704008F0A6BD014800F0D4BB00007F
:10E920007CB7002008B100F005B80148704700002E
:10E93000DCB5002070B505460F48064600F0C3FB65
:10E940000E4C2946D4F8D40108F0F1F805000DD09A
:10E9500008F08AF8D4F8D8110844C4F8D801D4F8DB
:10E96000DC11884200D80846C4F8DC01304600F0CB
:10E97000B7FB284670BD000044B7002078B50020E2
:10E9800070B5040009D0FFF7D5FF050007D0224677
:10E99000002100F00AF9284670BD024870BD002031
:10E9A00070BD0000DCB5002010B58A42029C10D07A
:10E9B00001DB904207DA8A4201DB884209DD8A42A4
:10E9C00003DC904201DC204610BD8A4203DC884211
:10E9D00001DB184610BD521AE41A401A604390FB3E
:10E9E000F2F0184410BD000070B50F4800F066FB4F
:10E9F0004FF480310D4808F059F80D4D0421C5F849
:10EA0000D40105F5F0700446FFF7A5FE2046FFF798
:10EA1000F9FE040001D1F3F759FED5F8D40108F04E
:10EA200083F8206070BD000044B7002098B7002034
:10EA300078B5002030B50346102A06D308E000BFA1
:10EA400011F8014B03F8014B521E002AF8D130BDDA
:10EA500003F0030401F00305A54243D14EE00C7816
:10EA60001C704C785C708C789C70CC78DC700C7965
:10EA70001C714C795C718C799C71CC79DC710C7A4D
:10EA80001C724C7A5C728C7A9C72CC7ADC720C7B35
:10EA90001C734C7B5C738C7B9C73CC7BDC730C7C1D
:10EAA0001C744C7C5C748C7C9C74CC7CDC740C7D05
:10EAB0001C754C7D5C758C7D9C75CC7DDC750C7EED
:10EAC0001C764C7E5C768C7E9C76CC7EDC760C7FD5
:10EAD0001C774C7F5C778C7F9C77CC7FDC772031F8
:10EAE000203A2033202ABAD805E000BF11F8014BA4
:10EAF00003F8014B521E002AF8D130BD4CB3C4F1CB
:10EB0000040405E011F8015B03F8015B521E641E6A
:10EB1000FCB1002AF6D11CE010C9203A10C310C97C
:10EB200010C351F8084B43F8084B51F8044C43F814
:10EB3000044C51F8104B43F8104B51F80C4C43F86F
:10EB40000C4C51F8084C43F8084C51F8044C43F86D
:10EB5000044C202AE0D804E011F8014B03F8014BE3
:10EB6000521E002AF8D130BD10B4884202D38B184F
:10EB7000834202D210BCFFF75DBF88420CD98118D6
:10EB8000491E5B1E04E000BF13F8014901F801496A
:10EB9000521EF9D210BC7047034603E011F8014B36
:10EBA00003F8014B521EF9D2F4E710F0030309D029
:10EBB000C3F1040303E0521E00F8011B5B1E0BB1FE
:10EBC000002AF8D101EB012303EB014303EB0163BE
:10EBD0000EE008C0203A08C040F8083B40F8043C6A
:10EBE00040F8103B40F80C3C40F8083C40F8043C2E
:10EBF000202AEED802E000F8011B521E002AFAD1AA
:10EC000070470A460021FFF7D0BF0A460021FFF7F0
:10EC1000CCBF0A460021FFF7C8BF0A460021FFF714
:10EC2000C4BF0A460021FFF7C0BF0A460021FFF714
:10EC3000BCBF0A460021FFF7B8BF0A460021FFF714
:10EC4000B4BF70B50D46040001D1F3F73FFD206D50
:10EC5000A84206D0E06BA84205D194F869000128CB
:10EC600001D8012070BD002070BD2DE9F04104469F
:10EC7000FCF7B0FB0A283FD12046FCF7B6FB05465F
:10EC80002046FCF718FC0446C06BA84202D0206D59
:10EC9000A84231D194F8680084F8690029462046DA
:10ECA000FFF7CFFF002827D104F15C063046FFF7BD
:10ECB00035FD074601463046FFF742FD05001BD0F3
:10ECC00039463046FFF7F4FD3846FCF72FFF14F8BD
:10ECD000680F2946401E20703046FFF7E9FD207876
:10ECE000401E04F868092046296800F047F92846C4
:10ECF000BDE8F041FCF71ABFBDE8F08110B5040093
:10ED000001D1F3F7E3FC04F15C00FFF7E7FC00201E
:10ED100084F8680010BD00002DE9F0410C46012187
:10ED2000204604F063F90021204604F02DF994F800
:10ED30006A00002520F01E0084F86850C0B284F8F4
:10ED4000695020F0010084F86A00042104F15C009D
:10ED5000FFF701FD204600F06FFE0121E06200F0A8
:10ED6000DFF96564E5642565656521463448A56479
:10ED700000F070FD064600F0D5FD324F30463946B2
:10ED800004F01AF90121304604F00AF90121304655
:10ED900004F0FAF84FF480484146304600F0C0F9DC
:10EDA0000221304603F0D4FD254831462430266345
:10EDB00000F050FD064600F0B5FD6FF040423946C8
:10EDC000304604F0EBF90021304604F0DDF8022370
:10EDD0001A460021304604F0BFF80221304603F005
:10EDE000B7FD4146304600F09BF93046A663F4F784
:10EDF00061F9064623460A22134900F07CF9414690
:10EE0000304600F08DF90021304604F0BDF8304660
:10EE1000E663FDF7F3FA0DA1FDF78FFEA06BFEF799
:10EE200051FD0646012100F07BF965632346266407
:10EE3000A565BDE8F04123220549184600F05BB9FD
:10EE40002CCF0408640000206BEC0108EF819300D4
:10EE50005BF0010810B50C460021204604F094F840
:10EE600002231A460021204604F076F82046BDE829
:10EE70001040022103F06CBD01F15C00FFF72EBCD5
:10EE800010B5040001D1F3F721FC606B10BD10B583
:10EE9000040001D1F3F71AFCA06C10BD10B50C46AC
:10EEA000084601F03FFAC16A204604F0D5F8012176
:10EEB000204604F069F802231A460021204604F097
:10EEC0004BF82046BDE810404FF4804100F028B9CF
:10EED00010B591F830000C4618B9E06A08B1FCF79B
:10EEE00025FE0020E06284F8300010BD10B504005B
:10EEF00001D1F3F7EBFBA06B002832D0616B002946
:10EF00002FD094F86A10C1F3420109B3012902D04D
:10EF1000022907D11BE0002102F0F2FE0021606B04
:10EF200004F03EF8A06B03F017FB606B03F014FBDA
:10EF3000A06B04F07BFCA06B01F028F90028A06B0B
:10EF40004FF0010109D0BDE8104003F001BD0121DF
:10EF500002F0D6FE0121606BE2E7BDE8104000F050
:10EF6000DFB810BD10B50C460121204604F00CF8A6
:10EF70002046BDE81040022103F0EABC70B50D4602
:10EF8000040001D1F3F7A2FB606B10B1E16A04F059
:10EF900063F895B104F15C00FFF7E5FB060001D1D1
:10EFA000F3F794FB356094F86800401C84F868001F
:10EFB0002846216B04F050F802E02046FFF79EFE41
:10EFC0006563A06D48B1A16C00294FF0010102D02A
:10EFD00000F0F4F801E003F02EFDA06CD0B194F83D
:10EFE0006A00C10711D0C006206D4FF0010106D59F
:10EFF00003F0AEFC0221206D00F092F805E000F075
:10F000008FF80221206D03F0A3FC94F86800022819
:10F0100008D210E094F86800022803D294F86A003D
:10F02000C00608D50121E06B03F092FC0221E06BE1
:10F0300000F076F807E00121E06B00F071F80221A2
:10F04000E06B03F085FC00222321204603F057FFEC
:10F050002046BDE87040FFF749BF10B5FCF72BFA1A
:10F060000446FFF70DFF78B1226C6AB1C16A39B16D
:10F070001046FFF73BFA0121206C03F069FC03E026
:10F080000121104600F04CF82046FFF700FF002851
:10F0900013D0626D002A10D0C16A41B11046FFF74B
:10F0A00025FA606DBDE81040012103F051BCBDE8B8
:10F0B00010400121104600F033B810BD10B508F023
:10F0C00059FD012010BD10B5044608F053FD4FF066
:10F0D000FF31606814F0AAFA012800D0002010BDAA
:10F0E00010B5044608F046FD606814F028F90128C0
:10F0F00000D0002010BD2DE9F0411D4616460F46F8
:10F10000040001D1F3F7E2FA204600F08FFAA0687C
:10F110002B4632463946BDE8F0410830FCF73DB990
:10F12000F0B589B00C46050001D1F3F7CFFA2146BE
:10F13000284602F05FF900283ED1284602F0E8FC9C
:10F140000746E00702D0284602F07AFC686A2043AE
:10F150006862E00711D00221284602F063F960B12D
:10F16000284601F076F8060007D0FCF7FFFE30468F
:10F17000FCF784FF08B102F063FC284602F0C8FCEB
:10F18000B84202D114F0C07F07D0284601F0CAF877
:10F1900002F0F6FC284602F0F3FCE0060CD504AAC7
:10F1A0006946284601F004FA6946284602F067FCE1
:10F1B00004A9284602F063FC09B0F0BD2DE9F04136
:10F1C0000D46040001D1F3F781FA218D0846294349
:10F1D00088421CD0204613F00DFA4FF480012046DF
:10F1E00002F008F9002812D026462F46204600F0EB
:10F1F00089FF0546002408E02146304600F06AFFFA
:10F2000010B13946FFF7DAFF641CAC42F4D3BDE815
:10F21000F0812DE9F0410446408D1646C0F30510FB
:10F220000F463F2801D3F3F751FA0023FF2231465E
:10F23000204610F001FA06F47F0047B138B92021CA
:10F2400038460EF017FA10B1204602F0F9FB3246AC
:10F250003946204603F01AFC618D00254FF0040862
:10F26000C1F3051008E0E36808EBC5029A58930162
:10F2700001D4D20102D56D1CA842F4D84FF08060B1
:10F2800000EBB1204FEAB050608510F47C7F01D1D3
:10F29000F3F71CFA608DC0F30510C100E06804F0BC
:10F2A0009FFDE06008B9F3F711FA608D6FF0070277
:10F2B000C0F3051009E0E16802EBC00C01EBC003EC
:10F2C0006144D1E900C1C3E900C1401EA842F2D89F
:10F2D000E068082100EBC500FFF793FCE06840F808
:10F2E0003570E16808EBC5000A5866F317020A504A
:10F2F00031462046BDE8F041FF2203F0B1BA70B5B7
:10F3000016461D460446002203F059FF2A463146A0
:10F310002046BDE8704003F018BF00002DE9FF4F04
:10F3200083B09A46DDF840B00398884608B9F3F7F1
:10F33000CDF9039804F07AFAB8F1000F07D10398D9
:10F3400000F0F0FF5FEA000801D1F3F7BFF90024F5
:10F350002546039800F0E6FF5FEA000901D1F3F7C4
:10F36000B5F90021484601F093FE0090002148467F
:10F3700001F0ECFE01900021404601F089FE0746B5
:10F380000021404601F0E2FE0646059870B11628BD
:10F3900034D2DFE800F0ED1123343E4252646613AC
:10F3A0007E83939CA1B1BABFC4C9CEE1002140467F
:10F3B00001F064FC012822D03C461EE0404600F0EB
:10F3C000FAFE0446039801F0D2FF014604EBD47024
:10F3D000401001EBD171A0EB61004AE0404600F023
:10F3E000EAFE0446039801F0C2FF04EBD471491011
:10F3F00000EBD070A1EB600009E03546B8E0404674
:10F4000000F0D9FE0446039801F0B1FF201AC41998
:10F41000F3E73C461AE08519AAE0404600F0CBFE2F
:10F420000446039801F0A3FF014604EBD47040109A
:10F4300001EBD171A0EB610007E0404600F0BBFE9C
:10F440000446039801F093FF201AC419404600F0C7
:10F450009DFE0546039800F006FF281ADBE73C46B0
:10F4600008E0404600F0A7FE0446039801F07FFF45
:10F47000201AC419404600F089FE0546039800F0A2
:10F48000F2FE05EBD571491000EBD070A1EB6000E6
:10F49000C1E7039800F0E7FE454269E0404601F00D
:10F4A00066FF0446039801F062FF014604EBD47046
:10F4B000421001EBD170A2EB6004EAE7404601F094
:10F4C00056FF0446039801F052FF241AE1E7404634
:10F4D00000F0C9FE05464BE0404601F048FF0446F7
:10F4E000039801F044FF014604EBD470401001EB97
:10F4F000D171A0EB6104EAE7404601F038FF044611
:10F50000039801F034FF241AE1E7039801F02FFF7C
:10F5100044422DE0039801F02AFF44420DE0039895
:10F5200001F025FF44421BE0404601F020FF044665
:10F530001EE0404601F01BFF0446404600F093FEEB
:10F540000546039800F08FFE05EBD571491000EBDE
:10F55000D070A1EB60050BE0404601F008FF0446C7
:10F56000404600F080FE0546039800F07CFE2D1A10
:10F57000CAF341702C4F01280FD12AF0C046BE4279
:10F580000BDC404601F0F3FEB6F1805F01DB791041
:10F590008E1B7043642190FBF1FACBF3417001287C
:10F5A00010D12BF0C046BE420CDC404600F05BFEA2
:10F5B000B6F1805F02DB6FF070418E1B70436421F7
:10F5C00090FBF1FB0021484601F058FB012848461A
:10F5D00026D000F011FF00BFD8F81420D9F814107D
:10F5E0005244511A01440098081A0444484600F055
:10F5F000CDFFD8F81820D9F818105A44511A0144F0
:10F6000001980022081A05440121039803F0D7FD50
:10F61000039807B02A462146BDE8F04F03F095BD98
:10F6200000F048FFD8E70000FEFFFF1F10B5040000
:10F6300001D1F3F74BF8A068002812D13420FFF76E
:10F640009FF9A06020B9F3F741F8A068002808D01E
:10F650000146408E40F470704886A16840F0030077
:10F66000488610BDF0B50D4689B00646012101F06F
:10F67000C1FEE8BB304600F059FE044600F0BEFD76
:10F680000746F5F76FFAA04213D03846F5F774FA3B
:10F69000A0420ED03846F5F71DFAA04209D03846F0
:10F6A000F5F72CFAA04204D03846F5F71DFAA0422F
:10F6B00025D1304600F0C8FD044606F1140104A827
:10F6C000F2F752FD2246114604A8F2F724FE29461D
:10F6D00004AA0846F2F72CFE002811D03046F0F7B5
:10F6E00033FA20B101222946304601F0C6FD00E080
:10F6F00005E030462AE0012101F07CFE10B1002037
:10F7000009B0F0BD04F114000FC88DE80F004FF4EC
:10F710008011204601F06EFE38B1204600F094FDC5
:10F72000014602466846F2F7F6FD2046F0F70CFA6D
:10F7300020B101226946204601F09FFD29466A4614
:10F740000846F2F7F5FD0028DAD0204600F0EAFD81
:10F750000400D0D10120D3E72DE9F0410E46074641
:10F76000002501F063FC040033D03146384601F037
:10F7700054FC02282DD904EBD470012101EB600464
:10F780003146384601F04FFC00EB0408314638465C
:10F7900001F037FC04463146384601F038FC002CB5
:10F7A00001DD214600E06142002801DD024600E063
:10F7B0004242914205DD002C01DD204604E060421A
:10F7C00002E0002800DC404210EB080000D528468B
:10F7D00005463146384601F04CFB04000DD0314659
:10F7E000384601F03DFB022807D93146384601F082
:10F7F0003DFB2044A84200DB0546384631466A22DC
:10F8000001F0B8FB0446384631466B2201F0B2FBEA
:10F81000844200DD2046002800DD05442846BDE87E
:10F82000F08170B50D4606465E2201F0A3FBC4B21E
:10F8300030462946272201F09DFB04B901242046C9
:10F8400070BD002803D00068884201D101207047B4
:10F85000002070472DE9F0410E4605460027304A4A
:10F8600000E0006890B1016A1142FAD0006AC0F36A
:10F870000F1000BFFFF784F8041E15D0C4E900562E
:10F880006FF0030526B1B06880B336E03846F1E783
:10F89000F5F7E4F8060003D0D6F8BC0230B107E073
:10F8A0002046FCF743F90020BDE8F081C6F8D87285
:10F8B000D6F8D8128900091D04F092FAB8B1D6F82A
:10F8C000D812491CC6F8D81205EB8101C6F8BC0253
:10F8D000445067610020A761F5F7E8F8401EE06139
:10F8E0000020F5F75BF9401E206217E002E0F2F716
:10F8F000EDFED5E73046FFF799FEB068018E491C52
:10F9000089B20186B0688900006804F069FAB168BC
:10F910000860B168098E05EB810144502046C3E7B9
:10F92000F0FF0F0070B5040036D002F029F9002076
:10F9300000F004FA204606F0EBFD2146206800F0B6
:10F940002CF8012000F0FAF9FF224FF47021204634
:10F9500002F086FF204602F06BFFFCF783FB0200FB
:10F9600007D0204602F0C4F818B121461046FCF733
:10F97000D9FA204600F0D6FC05000DD022462A21F7
:10F9800003F0BDFA22462B21284603F0B8FA2046A0
:10F99000BDE8704002F054B870BD70B50D68064601
:10F9A0000C46286820B120603046FFF7F6FF25603E
:10F9B0006A68002A04D021463046BDE870401047EE
:10F9C00070BD00002DE9F0414D680C46EDB12846B0
:10F9D00000F012FD0746284600F0D8FD06462846EE
:10F9E0000021102201F0C6FAA96912220844801BE6
:10F9F000A061401E20622846002101F0BBFA69691F
:10FA00000844C01B6061401EE06141F20200606278
:10FA1000002D06D043F20200C4F8240043F2023065
:10FA2000606240F0740040F40060606202D040F414
:10FA300000406062BDE8F08110B501460648FFF75E
:10FA400009FF040003D0FFF76DFF204610BDF2F759
:10FA50003DFE002010BD0000B091040870B50546C1
:10FA6000408DC0042DD40DB9F2F730FE284601F0C8
:10FA7000E7FF284600F056FC0400284613D007F0A4
:10FA800019FD608DC0041CD4204603F015FA002235
:10FA90002A21204603F033FA2046BDE870400022B8
:10FAA0002C2103F02CBA00F0A9FB040009D0D4F8F3
:10FAB000C802A842284605D107F0FCFC0020C4F883
:10FAC000C80270BDBDE8704007F0F4BC10B504007A
:10FAD00001D1F2F7FBFD2046BDE81040FFF7BEBFA5
:10FAE00010B50446006882680AB121469047206834
:10FAF0000068002801D02060F5E710BD70B50C4605
:10FB00000846FBF7DBFC002000F018F9204603F064
:10FB10004BF8012000F012F900212046F1F7F2FB2A
:10FB2000204600F096FB10B12046FCF7D4FAA068FE
:10FB300000280ED00068002518B1FBF7F7FFA06879
:10FB40000560A0680830FBF7F1FCA068FBF7EEFF4A
:10FB5000A56070BD2DE9F0479EB00746FBF73AFC63
:10FB600005463846FBF741FC002604461A2D44D0D2
:10FB70001D2D7CD0202D3DD13846FBF77BFC054662
:10FB800001462046EBF7EDF90021204601F0CCF8C4
:10FB900000282FD00021204601F0A0F8002829D00D
:10FBA0006846F7F743FC8DF830608DF82E608DF8CD
:10FBB0002B608DF831606A4600212046049501F0E3
:10FBC0007BFD0021204601F040FB07460021204636
:10FBD00001F022FB064604F114011AA8F2F7BBFA61
:10FBE000324639461AA8F2F796FB1AAA6946284601
:10FBF000F7F714FA1EB0BDE8F0873846FBF74BFC68
:10FC0000054600780228F5D0204600212D2201F07B
:10FC1000B1F9012710B102202870EBE7002120463E
:10FC200001F0C0F982460021204601F00EFB81461A
:10FC30000021204601F0F0FA804604F114016846E4
:10FC4000F2F789FA424649466846F2F764FB5246A3
:10FC500069466868F2F78CFB80B30021204601F00A
:10FC600037F8FD2832D300212046622200E034E03C
:10FC700001F080F9C0B2FD2828D3204600212022BF
:10FC800001F078F910F0FF0F0FD020460021252257
:10FC900001F070F9C0B2FD2818D3204600212422BB
:10FCA00001F068F9C0B2FD2810D3204600212622B9
:10FCB00001F060F978B10021827A0AE006E000BF25
:10FCC00001EB81030344DB78FD2B01D22F7091E718
:10FCD000491C8A42F4D82E708CE73846FBF7CAFBE1
:10FCE00007466846F7F7A2FB6A46002120460497BC
:10FCF00001F0E2FC0021204600F0F0FF28B19DF861
:10FD0000480040F020008DF848000021204601F016
:10FD10009CFA06460021204601F07EFA054604F1D1
:10FD200014011AA8F2F717FA2A4631461AA8F2F770
:10FD3000F2FA1AAA694638465AE70000014981F8E2
:10FD40002400704778B500202DE9F04188B088463E
:10FD50000846FBF73FFB04464046FBF746FB0546DB
:10FD6000012C29D00B2C29D0032C45D0322C45D086
:10FD7000112C54D0132C7DD00C2C7CD00E2C7BD08D
:10FD8000142C7AD0312C79D02A2C78D02C2C77D006
:10FD90001B2C76D01D2C75D0202CFCD01A2CFAD020
:10FDA000172C70D0182C6FD0192C35D1102108B019
:10FDB000BDE8F04102F03FBE202170E1202102F0B9
:10FDC0003AFE4046FBF767FBFDF753F9002823D1C5
:10FDD0000821284601F00EFB00281DD0284600F01F
:10FDE00031FFC0074FF00101284602D002F023FE88
:10FDF00031E0FFF7E3F92EE02021D8E700F082F9A7
:10FE00000646002406E0A868006850F8240001F0C7
:10FE1000B7FE641CB442F6D308B0BDE8F0810821F7
:10FE200001F0E8FAF8B14046FBF718FB0446132846
:10FE300006D0112C04D0142C07D0122C05D008E0C9
:10FE400001212846FFF7BAF903E00121284602F014
:10FE5000F2FD0A2CE0D008B02846BDE8F0410022AF
:10FE6000232103F04CB84FF40161284601F0C2FA97
:10FE700000280AE075E09CE09DE0B3E0B4E0D0E04B
:10FE8000F1E0F5E0FEE003E108E1C5D0284601F02D
:10FE900020FE0028C0D10027284600F0ADFA064613
:10FEA000284600F007FB04464046FBF7D7FA122825
:10FEB0001BD011280CD013282AD01428ACD12846E6
:10FEC00000F092FA800703D0002E37DC002C35DCDE
:10FED000284600F0C8F90446284600F063FBE11705
:10FEE00004EB9171A0EBA1010BE0284600F0BBF9F7
:10FEF0000446284600F056FBE11704EB917100EB35
:10FF0000A10108B03A462846BDE8F04102F0C0BF62
:10FF1000284600F069FA8007E7D0002E01DC002CAB
:10FF2000E3DD284601F023FA0446284600F034FBBE
:10FF3000E11704EB917100EBA1010BE0284601F001
:10FF400016FA0446284600F027FBE11704EB9171EE
:10FF5000A0EBA10108B03A462846BDE8F04102F006
:10FF600083BF4FF4806101F045FA18B101212846A2
:10FF700002F05BFF284600F06CF9FCF779F80646C2
:10FF80000224FCF799FE10B94046FBF73EFAFDF754
:10FF900080F8022801D0042800D106241EB144F0C4
:10FFA000080128467BE021462846FFF707F908218B
:10FFB00072E0402173E0402102F03DFD284600F050
:10FFC0001CFE02287FF428AF04AA6946284600F0E8
:10FFD000EFFA6946284601F052FD04A9284601F0CF
:10FFE0004EFD19E70E21E2E6002100F032FE044644
:10FFF0000021284600F0C2FE204302D0284601F02E
:020000040802F0
:10000000BFFD284600F07EF80646002406E0A868FA
:10001000006850F8240001F0B3FD641CB442F6D32C
:10002000FAE60021012200F0A5FF0646284600213D
:10003000022200F09FFF04460021284600F009FE3E
:1000400007460021284600F099FE384305D16FF09D
:100050004040864201D08442C3D108B02846BDE862
:10006000F04101F08DBD688D40F002006885F4E735
:100070000021FFF771FB014608B04046BDE8F041A2
:10008000FBF7C7BA08B04046BDE8F041FFF762BDD4
:10009000202102F0D0FC4021284688E6102108B03B
:1000A000BDE8F041FFF78AB810B50C4600B92068EA
:1000B000006868B1C1680029FAD00021E160C26817
:1000C00021469047217E0120C90700D0002010BDA5
:1000D000012010BD70B50C46050001D1F2F7F6FA0B
:1000E000A868002809D0002C02DA018E0C1903D46C
:1000F000028E2146A24201D8002070BD006850F84F
:10010000210070BD10B5040001D1F2F7DFFAA0683C
:10011000002800D0008E10BD70B50D46044600F1D9
:1001200014012846F2F720F8A068002806D0816A5A
:100130002846BDE870400A46F2F7EDB870BD70B5CC
:100140000C46050001D1F2F7C1FA2146284600F01D
:1001500047F80021284600F09BFF216808442060F2
:100160000021284600F0C3FFA168081AA060002102
:10017000284600F0EBFF61680844606000212846D3
:1001800000F057FFE168081AE06070BD70B5040028
:1001900001D1F2F79BFA0021204600F0D7FF064676
:1001A0000021204600F045FF0546204600F05BF8A0
:1001B000801B401B70BD70B5040001D1F2F786FAB8
:1001C0000021204600F064FF06460021204600F092
:1001D0008EFF0546204601F0CAF8801B401B70BD0B
:1001E00070B50D46040001D1F2F770FA04F1140164
:1001F0002846BDE87040F1F7B7BF000070B50400B5
:1002000001D1F2F763FA606818B1204600F08EF869
:1002100004460C4D2846FEF781FA10E00021D0F884
:10022000D82206E0D0F8BC3253F82130A34208D0DF
:10023000491C8A42F6D801462846FEF781FA002872
:10024000ECD170BD7CB500208068002800D0C06A69
:10025000704710B5040001D1F2F738FAA068002801
:1002600000D0406810BD10B5040001D1F2F72EFA9D
:1002700004F11400BDE81040F2F739B870B5054636
:10028000002100F0A2FD04462846FFF7ECFF0444DD
:100290000021284600F07EFD204470BD70B50400AA
:1002A00001D1F2F713FA204600F03CF801004FF0BC
:1002B000FF3503D0896800200A8E07E0284670BD0C
:1002C0000B6853F82030A342F9D0401C8242F7DC7F
:1002D000F2F7FCF9F2E78068002802D0408EC0F304
:1002E00081207047F0B4468D00240425C6F305161E
:1002F00013E000BFC76805EBC40C57F80C705FEA49
:10030000C71C09D527F07F479F4205D1C06850F828
:100310003400F0BC04F0B1BC641CA642EAD8F0BCC6
:1003200000207047002800D04068704710B50400D6
:1003300001D1F2F7CBF920460146FFF7F3FF002881
:10034000FAD1084610BD00002DE9F047060001D1A2
:10035000F2F7BCF9DFF8889030464C46FFF7D2FE42
:1003600007460025DFF87CA015E0B068514600681C
:1003700050F82500804601F04AF858B9404600215F
:10038000192200F0F7FDD8F820100844844200DD5F
:10039000204604466D1CBD42E7D30021304600F0E4
:1003A000EDFE80460021304600F05BFE05464C45E0
:1003B00002D0306A401B241A304600F027FC074662
:1003C0003046FFF750FFA0EB0800401B391A3046BB
:1003D00000F0E8F8081A844200DD2046BDE8F08706
:1003E000010000E001000400806818B1408EC0F3F5
:1003F000831070470F2070472DE9F05F050001D191
:10040000F2F764F90021284600F03EFC012806D0EE
:10041000A868002801D0006A4042BDE8F09F002192
:10042000284600F07CFE83460021284600F048FE66
:1004300081466FF0604A54462846FFF763FE074640
:10044000002615E0A8681949006850F82600804683
:1004500000F0DDFF58B9404600211A2200F08AFD65
:10046000D8F81410081A844200DA20460446761C94
:10047000BE42E7D3544504D0696901EB0900041B6F
:1004800000E00B4C284600F0CFFB0646284600F063
:100490006EFFA0EB0B01A1EB0900311A284600F01A
:1004A0007BF808448442B8DD2046B6E7010004002A
:1004B000010000E02DE9F047060001D1F2F706F94E
:1004C0000021304600F0E0FB01280AD0DFF89490CC
:1004D00030464C46FFF716FE07460025DFF888A099
:1004E0001BE0B068002800D0006ABDE8F087B06863
:1004F0005146006850F82500804600F088FF58B942
:10050000404600211B2200F035FDD8F81C1008449D
:10051000844200DD204604466D1CBD42E7D3002125
:10052000304600F0FCFD05460021304600F0C8FDD5
:1005300007464C4502D0F069401B241A304600F0B3
:1005400073FB8046304600F012FF401BC11BA8EB36
:100550000101304600F020F8081A8442C5DD20462B
:10056000C3E70000010000E00100040080680028EB
:1005700003D090F83200C0F38100704780680028F3
:1005800003D090F83200C0F3011070478068002853
:1005900001D0406A404270478068002801D0006A5C
:1005A000404270478068002801D0406A404270474E
:1005B0002DE9F04F93B016460C464FF0FF37054635
:1005C00000223B46114620460097F2F703F800222E
:1005D0003B46114630460097F1F7FCFF10212846B4
:1005E00000F008FF002816D0284600F006FB0700A0
:1005F00011D00020FCF714FD8146022F08D010E036
:10060000FCF737FDA84209D04846FCF709FD8146B2
:10061000B9F1000FF4D113B0BDE8F08FB9F1000FBC
:10062000F9D02846FFF7B2FF02902846FFF78CFE6C
:100630000D902846FFF7E0FE0B902846FFF73AFFA3
:1006400009902846FFF7D0FE82464FF0000810F0D0
:100650000C0F14D0012F10D0032F02D0022F07D07F
:100660000DE00298002808DC0D98002805DC06E063
:100670004846FCF7F0FC0C2801D14FF0010800209F
:100680000A905FEA8A7014D0012F10D0032F02D095
:10069000022F07D00DE00B98002808DC09980028ED
:1006A00005DC06E04846FCF7D6FC032801D1012012
:1006B0000A900A9850EA0800ADD04FF480312846DD
:1006C00000F0E2FA012800D000204FF480370F90AC
:1006D0003946284600F033FC07903946284600F09A
:1006E000CBFB10903946284600F0EAFB814639469C
:1006F000284600F000FC834628460122394600F0D7
:1007000039FC059028460322394600F033FC0746A1
:100710002846FFF7A8FD0390284600F028FE8246F1
:100720005FEA080000D0059808900A9800B1059883
:10073000119028464FF480311D2200F01BFCC0B2FE
:10074000022809D828464FF48031322200F012FCEA
:10075000C0B202287FF65FAFDDE9021001440D98B8
:1007600008440C905FEA08004FF0A00878D00C987D
:100770000028FBD0A8697060286AF0600F9840B12B
:10078000696901EB090030600599491E0844B060B1
:1007900007E0E969A1EB0B00B0600599401A401C25
:1007A000306007990398411A1098091A1198081A8D
:1007B0000399029048430C9990FBF1F000900020BF
:1007C000F4F752F900EB8001502000EB4100B0F546
:1007D000A07F0ADB0020F4F747F900EB80015020EE
:1007E00000EB410191FBF8F000E00120002F01DD5A
:1007F000394600E00099884205DA002F01DD3846CD
:1008000018E0009816E00020F4F72EF900EB8001C4
:10081000502000EB4100B0F5A07F0ADB0020F4F788
:1008200023F900EB8001502000EB410191FBF8F02F
:1008300000E001200399884200DB08460299039BEF
:100840000A1A0C99C91A00290BDCA96907980844EF
:100850007060296A1098091A1198081A401EF060F1
:1008600087E00D9B401E534393FBF1F1511A079A09
:10087000AB691144194408447160F060AA69079893
:100880001044814236DA70600020F4F7EDF800EB96
:100890008001502000EB4100B0F5A07F0ADB002072
:1008A000F4F7E2F800EB8001502000EB410191FBEE
:1008B000F8F000E0012071680844F168884219DD11
:1008C0000020F4F7D1F800EB8001502000EB41004C
:1008D000B0F5A07F0ADB0020F4F7C6F800EB80013A
:1008E000502000EB410191FBF8F000E0012071681D
:1008F0000844F0602A6A1198F168121A1098101AC8
:10090000814236DDF0600020F4F7AEF800EB8001A4
:10091000502000EB4100B0F5A07F0ADB0020F4F787
:10092000A3F800EB8001502000EB410191FBF8F0AF
:1009300000E00120F168081A7168884219DA002085
:10094000F4F792F800EB8001502000EB4100B0F585
:10095000A07F0ADB0020F4F787F800EB800150202D
:1009600000EB410191FBF8F000E00120F168081A6A
:1009700070600B9909985144084403900A98002824
:100980003FF449AE03980028FAD0296A1098081A53
:10099000E0600599401A401C606068692060E86961
:1009A000A060AAEB09010898A1EB0B01081A0290BC
:1009B000039900FB0AF090FBF1F000900020F4F79F
:1009C00053F800EB8000502606EB4000B0F5A07F06
:1009D00009DB0020F4F748F800EB800006EB40014B
:1009E00091FBF8F000E00120002F01DD394600E026
:1009F0000099884203DA002F16DC009F14E00020E3
:100A0000F4F732F800EB800006EB4000B0F5A07F71
:100A100009DB0020F4F728F800EB800006EB40012A
:100A200091FBF8F700E001275046574500DB0746E9
:100A300002980399C01BA1EB0A01002916DC0F984C
:100A4000696940B108984944401E08442060E9693A
:100A5000A1EB0B0008E001EB09002060E9690898B0
:100A6000A1EB0B01081A401EA060D4E5099A42438D
:100A700092FBF1F1401A0F99D9B369697F1E0A18E8
:100A8000089949445018C219A26020606A6911444B
:100A9000814233DD00202160F3F7E6FF00EB8000A8
:100AA00006EB40004FF4A077B84209DB0020F3F7D3
:100AB000DBFF00EB800006EB400191FBF8F000E06B
:100AC000012021680844A168884217DD0020F3F75F
:100AD000CBFF00EB800006EB4000B8420ADB0020B1
:100AE000F3F7C2FF00EB800006EB400191FBF8F04A
:100AF00001E036E0012021680844A060A168EA69AD
:100B000072E0A0600020F3F7AFFF00EB800006EB7F
:100B100040004FF4A075A8426BDB0020F3F7A4FF60
:100B200000EB800006EB400191FBF8F0A168081A89
:100B30002168884299DA0020F3F796FF00EB8000E5
:100B400006EB4000A84256DB0020F3F78DFF00EBD8
:100B5000800006EB400191FBF8F0A168081A2060C4
:100B600059E56A69484410447F1EC119A16020609C
:100B70006A6902EB0901884232DA00202160F3F74A
:100B800073FF00EB800006EB40004FF4A077B84203
:100B900009DB0020F3F768FF00EB800006EB400163
:100BA00091FBF8F000E0012021680844A168884228
:100BB00016DD0020F3F758FF00EB800006EB400045
:100BC000B84209DB0020F3F74FFF00EB800006EB93
:100BD000400191FBF8F000E0012021680844A0608A
:100BE000EA690898A168121AA2EB0B00814288DC1E
:100BF00011E501209AE70120AFE7806820B190F865
:100C0000320000F003007047032070471CB5054A0E
:100C1000D2E90212CDE900126A46342102F06FF9DE
:100C200001981CBDD49104081CB5054AD2E90012F4
:100C3000CDE900126A46342102F061F900981CBD2A
:100C4000D491040810B5040001D1F1F73FFD208DC7
:100C500010BD10B50A2200F08DF9C0B210BD10B55C
:100C60000A2200F087F9C0B210BD662200F082B9F6
:100C7000672200F07FB9502200F07CB910B527221E
:100C800000F078F9C0B210BD10B5272200F072F95B
:100C9000C0B210BD10B5272200F06CF9C0B210BD73
:100CA00010B5272200F066F9C0B210BD10B527229A
:100CB00000F060F9C0B210BD10B5272200F05AF95B
:100CC000C0B210BD10B5272200F054F9C0B210BD5B
:100CD00010B51D2200F04EF9C0B210BD10B535227E
:100CE00000F048F9002800D0012010BD10B53422D2
:100CF00000F040F9C0B210BD10B5342200F03AF94E
:100D0000C0B210BD10B5342200F034F9C0B210BD2D
:100D100010B5342200F02EF9C0B210BD10B5342247
:100D200000F028F9C0B210BD302200F023B9302203
:100D300000F020B9302200F01DB9302200F01AB9BD
:100D4000302200F017B9302200F014B9302200F040
:100D500011B9302200F00EB9302200F00BB910B5F5
:100D60007E2200F007F9C0B210BD022200F002B9E5
:100D7000022200F0FFB8022200F0FCB810B51622E3
:100D800000F0F8F880B210BD192200F0F3B8192273
:100D900000F0F0B8192200F0EDB81A2200F0EAB81D
:100DA0001A2200F0E7B81A2200F0E4B81B2200F083
:100DB000E1B81B2200F0DEB81B2200F0DBB81822DD
:100DC00000F0D8B8182200F0D5B8182200F0D2B838
:100DD000072200F0CFB8072200F0CCB8052200F0BF
:100DE000C9B8062200F0C6B8062200F0C3B8042233
:100DF00000F0C0B810B5622200F0BCF8C0B210BD5F
:100E000010B5622200F0B6F8C0B210BD70B50E4643
:100E10000546FFF7EFFF02281AD9FF24FD2802D26A
:100E2000C0EB0020040A0EB1002603E02846FFF7BD
:100E300079FA054655B131462846FFF7DBFF02280F
:100E400006D9FD28F2D24443240AEFE7022C01D848
:100E5000002070BDFD2C01D3FF2070BD204670BD69
:100E600010B53A2200F086F8C0B210BD3B2200F067
:100E700081B8382200F07EB8112200F07BB8112230
:100E800000F078B8112200F075B8112200F072B8A5
:100E9000112200F06FB8112200F06CB8112200F09E
:100EA00069B8112200F066B8112200F063B815226B
:100EB00000F060B8152200F05DB8152200F05AB8B5
:100EC000122200F057B8122200F054B8122200F09B
:100ED00051B8122200F04EB8122200F04BB8122284
:100EE00000F048B8122200F045B8122200F042B8D3
:100EF000122200F03FB8132200F03CB8132200F099
:100F000039B8132200F036B8132200F033B8132298
:100F100000F030B8132200F02DB8132200F02AB8E8
:100F2000132200F027B8132200F024B8142200F096
:100F300021B8142200F01EB8142200F01BB81022B1
:100F400000F018B8102200F015B8102200F012B806
:100F5000102200F00FB8102200F00CB8102200F0A0
:100F600009B8102200F006B8102200F003B81022D1
:100F7000AFF30080F8B515460E46040001D1F1F735
:100F8000A5FB218D0020009031436B462A46204668
:100F9000EBF7E4FD012803D0284603F0CFFEF8BDAF
:100FA0000098F8BD0C22FFF7E5BF7822FFF7E2BFFB
:100FB00010B57922FFF7DEFFC0B210BD70B50E4646
:100FC0000446FFF7F2FF054631462046FFF7F0FFE3
:100FD00001462846F3F769FB05460EB1002603E0FB
:100FE0002046FFF79FF9044634B12A463146204691
:100FF00002F012FA0546F3E7284670BD7622FFF7A5
:10100000B9BF4022FFF7B6BF4022FFF7B3BF41226E
:10101000FFF7B0BF4122FFF7ADBF10B53E22FFF78B
:10102000A9FFC0B210BD4222FFF7A4BF3C22FFF7C8
:10103000A1BF2DE9F0410D4606461122FFF79AFFA8
:10104000044629463046FFF772FE074629463046D9
:10105000FFF74CFEC00702D0E019BDE8F081204642
:10106000FBE72DE9F0410E460746FFF705FF044672
:1010700031463846FFF75EFE054631463846FFF7F3
:101080003BFEC00702D06019BDE8F0812046FBE7B7
:101090002DE9F0410D4606461222FFF76BFF04468C
:1010A00029463046FFF743FE074629463046FFF7FC
:1010B0001DFE400702D5E019BDE8F0812046FBE7A0
:1010C0002DE9F0410E460746FFF7FAFE0446314689
:1010D0003846FFF72FFE054631463846FFF70CFE2F
:1010E000400702D56019BDE8F0812046FBE72DE9F5
:1010F000F0410D4606461322FFF73CFF0446294601
:101100003046FFF714FE074629463046FFF7EEFD4E
:10111000000702D5E019BDE8F0812046FBE72DE984
:10112000F0410E460746FFF7E6FE044631463846D4
:10113000FFF700FE054631463846FFF7DDFD0007A4
:1011400002D56019BDE8F0812046FBE72DE9F041AA
:101150000D4606461022FFF70DFF0446294630468D
:10116000FFF7E5FD074629463046FFF7BFFD80073C
:1011700002D5E019BDE8F0812046FBE72DE9F041FA
:101180000E460746FFF7DBFE044631463846FFF7BA
:10119000D1FD054631463846FFF7AEFD800702D542
:1011A0006019BDE8F0812046FBE770B50C460546A6
:1011B0005822FFF7DFFE024621462846BDE8704070
:1011C00002F028B95A22FFF7D5BE5A22FFF7D2BE45
:1011D0005A22FFF7CFBE5A22FFF7CCBE5A22FFF7A2
:1011E000C9BE5A22FFF7C6BE5B22FFF7C3BE5B2211
:1011F000FFF7C0BE5B22FFF7BDBE5C22FFF7BABEA1
:101200005C22FFF7B7BE5C22FFF7B4BE5C22FFF79B
:10121000B1BE5C22FFF7AEBE6B22FFF7ABBE6B2206
:10122000FFF7A8BE7022FFF7A5BE10B56E22FFF72C
:10123000A1FE002800DC012010BD10B56F22FFF7D1
:1012400099FE002800DC012010BD6A22FFF792BE43
:101250006A22FFF78FBE0122FFF78CBE0122FFF743
:1012600089BE0122FFF786BE0122FFF783BE082256
:10127000FFF780BE0922FFF77DBE10B588B00C468F
:10128000096800916168019121680291E168134643
:10129000491C0391A1680422491C049161680591CD
:1012A000A168491C0691E168491C0791694602F052
:1012B00073FA02990098884200DB0846069A04995E
:1012C000914200DB1146884204DA02990098884274
:1012D00005DB03E004981146904200DB08462060DD
:1012E00002990098884200DC0846069A04999142C7
:1012F00000DC1146884204DD02990098884205DC32
:1013000003E004981146904200DC0846A06003996F
:101310000198884200DB0846079A0599914200DB54
:101320001146884204DA03990198884205DB03E0FC
:1013300005981146904200DB0846606003990198C9
:10134000884200DC0846079A0599914200DC114664
:10135000884204DD03990198884205DC03E0059882
:101360001146904200DC0846E06008B010BD10B5A0
:10137000040001D1F1F7AAF904F11400BDE810400E
:10138000F0F7C4BF70B505460021FFF70CFD044619
:101390002846FFF7ECFF044400212846FFF70CFD28
:1013A000204470BD70B5040001D1F1F78FF92046DB
:1013B000FEF7B8FF0500A0690AD0A969441A2846BB
:1013C000FFF7F0F8044400212846FFF7BFFE201A7B
:1013D00070BD70B5040001D1F1F778F92046FFF730
:1013E000E1FF05462046FEF73EFF284470BD002180
:1013F000FFF740BF70B50D46040001D1F1F766F963
:10140000606A854301D0002070BD012070BD70B5B9
:101410000D46040001D1F1F759F9606A284000D067
:10142000012070BD70B50D46040001D1F1F74EF9F1
:10143000208D284000D0012070BD70B50D4686B0CB
:1014400006460221FFF7D6FF00281BD0694630462A
:10145000FEF762FE002229466846F1F71FF80400F5
:1014600012D04FF480313046FFF7C4FF70B1012035
:101470008DF81400049504AA1621304601F03FFDB2
:101480009DF8140006B070BD0020FBE72046F9E788
:10149000F8B516460C4605465022C6E90001FFF78E
:1014A00069FD3062002841D0284621465322FFF7CB
:1014B00061FDC0B286F83A00022837D9324621468B
:1014C0002846EBF738F8FD2806D296F83A1011FBBB
:1014D00000F0000A86F83A0096F83A00022825D96A
:1014E000522221462846FFF745FD0246214628465E
:1014F00001F090FF034632462146284605F0B7FF2B
:101500000090BDF80000B0839DF80200B077284637
:1015100021465422FFF72EFD7063284621465122B2
:10152000FFF728FD00B1012086F83B00F8BDF8B5B3
:1015300014460D4606464422C4E90001FFF71AFD91
:10154000C0B284F8500002285FD9224629463046AE
:10155000EAF7F1FFFD2806D294F8501011FB00F0D5
:10156000000A84F8500094F8500002284DD9002059
:1015700020634FF480706063A06306F11400074697
:10158000F0F7C4FE00EBD070401060643846F0F70E
:10159000AEFE00EBD0704010A064452229463046D4
:1015A000FFF7E8FC02462946304601F033FF0746C4
:1015B000304629464622FFF7DDFCC0B200903B468C
:1015C000224629463046ECF705FE010E84F84F10FE
:1015D000C2B2C0F30721C0F307404C34F2F728FF32
:1015E0000090BDF8000024F8020B9DF8020004F8FA
:1015F0004E09002D09D0304629466922FFF7BAFC72
:1016000014F8511F60F303012170F8BDF8B51446BA
:101610000D4606465922C4E90001FFF7ABFCC0B2F3
:1016200084F85A00022846D9224629463046EAF76D
:1016300082FFFD2806D294F85A1011FB00F0000A30
:1016400084F85A0094F85A00022834D929463046C2
:10165000FFF7ABFD034622462946304605F007FF5B
:101660000090BDF80000A0859DF8020084F82E00CF
:10167000304629465B22FFF77DFC606330462946F1
:101680005C22FFF777FC2063304629465D22FFF796
:1016900071FC94F85C1060F3020184F85C10294638
:1016A0003046FFF78FFDA062304629465E22FFF7E5
:1016B00061FC84F85800F8BD2DE9F84314460D4646
:1016C0000646C4E90001EAF736FF07465DB1022F7E
:1016D00009D8002084F82E0004F82B0F20716071C7
:1016E000A071BDE8F883304629460C22FFF742FC82
:1016F000E06194F82E00002877D0304629461D225C
:10170000FFF738FCC0B284F82E0002286DD91C22E5
:1017100029463046FFF72EFC02462946304601F0A6
:1017200079FE034622462946304605F0A0FE009089
:10173000BDF8000060869DF8020084F83400304651
:1017400029462622FFF716FC010008D0C87A0007B8
:1017500005D00C2204F13500FDF76CF945E0304668
:1017600029462022FFF706FC94F8401060F303019D
:1017700084F84010080738D0608EA4F8350094F83B
:10178000340084F83700232229463046FFF7F2FB65
:1017900002462946304601F03DFE034622462946D0
:1017A000304605F064FE0090BDF8000060879DF8AB
:1017B000020084F83C003046294621223834FFF7E5
:1017C000D9FB6070304629462222FFF7D3FBA07177
:1017D000304629462422FFF7CDFB207030462946AB
:1017E0002522FFF7C7FB6071383C94F82F00A0B3A7
:1017F000304629463022FFF7BDFB606468B33046AF
:1018000029463222FFF7B6FBC0B284F82F00022827
:1018100023D9304629463422FFF7ACFB94F8481010
:10182000312260F3040184F8481029463046FFF75E
:10183000A1FB02462946304601F0ECFD0346224654
:101840002946304605F013FE0090BDF80000A4F8CC
:1018500041009DF8020084F8430094F8300058B32A
:1018600029463046FFF705FBE06428B32946304699
:10187000FFF7F6FA84F8300002281DD929463046D1
:10188000FFF7F4FA2065392229463046FFF772FB4C
:1018900002462946304601F0BDFD03462246294650
:1018A000304605F0E4FD0090BDF80000A4F84900C2
:1018B0009DF8020084F84B0094F82B00F0B33046FA
:1018C00029462822FFF756FB2062B8B33046294646
:1018D0002922FFF74FFBC0B284F82B00022839D928
:1018E000206AFBF7D8F902287DD02A222946304603
:1018F000FFF740FB02462946304601F08BFD80464B
:10190000304629462B22FFF735FBC0B200904346F4
:10191000224629463046ECF75DFC010E84F82C1077
:10192000C2B2C0F30721C0F30740F2F781FD009077
:10193000BDF8000020859DF8020000E00AE084F870
:101940002A00304629462C22FFF714FB00B1012063
:1019500084F82D0094F83100C8B329463046FFF7CB
:1019600065FBA06598B394F8310002282FD9294669
:101970003046FFF752FB84F83100022827D9294668
:101980003046FFF73EFBE06529463046FFF73FFB58
:10199000206629463046FFF746FB60663D22294611
:1019A0003046FFF7E7FA02462946304601F032FD9D
:1019B000034622462946304605F059FD0090BDF801
:1019C0000000A4F854009DF8020084F85600FD2F92
:1019D000BFF487AE14F82E0F10FB07F0000A04F8CE
:1019E0000309207800E013E010FB07F0000A2070E4
:1019F000207910FB07F0000A2071A07910FB07F096
:101A0000000AA071607910FB07F0000A607168E6B7
:101A100029463046FFF7D6FB606229463046FFF77D
:101A2000C4FB034622462946304605F020FD0090BF
:101A3000BDF8000020859DF8020084F82A0089E79F
:101A40007FB5050001D1F0F741FE2846FEF7FCFB0B
:101A5000044605F114016846F0F786FB00986946D4
:101A6000001B00900198001B0190029820440290F6
:101A7000039820440390284600F001F87FBD7FB50D
:101A80000D46040001D1F0F721FE2046FEF7B6FB1B
:101A9000F3F79EF800281BD029466846F0F764FB50
:101AA00069462046FDF7DEFD002811D0A06848B148
:101AB000408EC0F38120022804D1052211466846D9
:101AC000F0F729FC2046FEF799FB6946FBF738FE44
:101AD0007FBD006800280AD090F820108907F8D050
:101AE00090F8200000F00300012800D0002070478B
:101AF000006800280BD090F8201011F00C0FF7D0E0
:101B000090F82000C0F38100012800D00020704729
:101B100010B504460949FFF77AFC08B1002010BD52
:101B20002046FEF7FFFB0028F9D000211622FFF720
:101B300021FA0004000CF2D0012010BD01000600C3
:101B40007FB5050001D1F0F7C1FD2846FEF77CFB0B
:101B5000044605F114016846F0F706FB0098694653
:101B6000001B00900198001B0190029820440290F5
:101B70000398204403902846FDF774FD04B070BD1F
:101B800010B5418D41F001014185FEF7CFFB418D3C
:101B900041F004014185FEF731FB0022BDE8104011
:101BA0003821F3F7F1B800002DE9F04799461746C0
:101BB00088468246FEF7A6FA0646002523E000BFC7
:101BC000DAF80800B9F1000F006850F8254005D098
:101BD0004FF480212046FFF70DFC98B9616900237E
:101BE00001EB08006061A0693A463844A061E169F0
:101BF00001EB0800E061206A41463844206220463B
:101C0000FFF7D2FF6D1CB542DAD3BDE8F0872DE9AE
:101C1000F041456888B016460F460446F5B14FF4CA
:101C20008021FFF7E7FB18B168690744A8690AE05B
:101C30002846FEF7B1FC6969081A07442846FEF7F2
:101C4000B1FCA969081A064400212846FFF720FACA
:101C5000074400212846FFF779FA064460693F1AD5
:101C6000A069A6EB000601D1002E40D02046FFF768
:101C7000E7FE04A92046FEF7B3FA4FF0000875B15D
:101C800069462846FEF75BFA0022694604A8F0F789
:101C90006FFB5FEA000802D1284601F00DF9606988
:101CA000324638446061A06939463044A061E06939
:101CB00000233844E061206A304420622046FFF768
:101CC00073FF8DB122462A21284601F018F92046DB
:101CD000FFF7B6FE0022694604F11400F0F748FB56
:101CE000B8F1000F08D105E02046FFF7A9FE08B0C3
:101CF000BDE8F0810028FAD0284601F0DDF8F6E7CB
:101D00002DE9F0410D465FEA000801D1F0F7DEFC55
:101D10004046FEF707FB060039D0FEF7F3F9074609
:101D20004046FEF7BBFA040001D5F0F7CFFC002DCA
:101D300001DAED192BD4BD4229DAA54227D015DAF4
:101D40006FF00301AC4214DDB06801EB840200685F
:101D5000825840F82420641EF4E7B06801EB840246
:101D60000068825840F82420641C00E00421AC4242
:101D7000F3DBB16800223046096841F825802A214A
:101D800001F0BDF83046BDE8F041FFF759BEBDE8AF
:101D9000F0812DE9F0410D460646FEF7EFFBA0B9B4
:101DA0003046FEF7F3FB04463046FEF7CDFA002836
:101DB0000BDA002C09DD4042844200DA204602465C
:101DC0002B460021304600F015FF3046FEF7CEFBD3
:101DD000002825D13046FEF70FFB04463046FEF7BB
:101DE00069FB074600213046FEF74EFF01280BD065
:101DF000002F15DA002C13DD7842844200DB044604
:101E000021462B46002206E0002C09DA002F07DDD0
:101E10002B46002221463046BDE8F04100F0EABEE4
:101E2000BDE8F0812DE9F047054634300C460FC877
:101E3000CAB034AE86E80F0045A92046FEF7D0F9B7
:101E40002046FEF701FA0146024645A8F0F763FA7C
:101E500045AA34A93DA8F0F76BFA002873D03DAE2F
:101E600096E80F0005F1340686E80F002A461C218B
:101E7000204601F044F82A461D21204601F03FF893
:101E80002A461E21204601F03AF84FF480112046E0
:101E9000FFF7B0FA010004F11400814601D045AA11
:101EA00000E0024605F134018A4623A8F0F740FA23
:101EB000002847D095F84E00022843D92046FEF767
:101EC00021F906002FD023AF97E80F0005F1340762
:101ED00087E80F00204600212D22FFF74BF898B32A
:101EE000204600210C22FFF745F85FEA00082CD0BD
:101EF00027A8F5F78EF804F11400CDF8C8800FC8B4
:101F00002EAF87E80F0003A8F4F77CF84846F0F7F7
:101F1000FDF907464846F0F7EAF98742484621DAD4
:101F2000F0F7F4F920E02A461F21204600F0E7FFF1
:101F30002A462021204600F0E2FF2A4621212046A1
:101F400000F0DDFFB5E0BAE0FFE7002707E0A0689A
:101F5000006850F82710284600F0B4F87F1CB742FC
:101F6000F5D3E0E7F0F7C3F94146B8EB600F01DACB
:101F7000084600E040108046D4E907016269CDE9D7
:101F80004301A1EB0800401CCDE9412041A9524684
:101F90000846F0F7CDF958B341AA10212846F4F7C6
:101FA0000DFD8146002707E0A068006850F8271063
:101FB000484600F087F87F1CB742F5D34A461F21F8
:101FC000204600F09CFF4A462021204600F097FF63
:101FD0004A462121204600F092FF27A94846F4F7FF
:101FE000E2FF41AA03A92846CDF82890F4F762FC45
:101FF00004F114001FAB07C883E80700A8F1010033
:1020000008441FA9229052460846F0F791F958B3A8
:102010001FAA10212846F4F7D1FC8146002707E0CB
:10202000A068006850F82710484600F04BF87F1C65
:10203000B742F5D34A461F21204600F060FF4A46CA
:102040002021204600F05BFF4A462121204600F077
:1020500056FF27A94846F4F7A6FF1FAA03A928465A
:10206000CDF82890F4F726FC04F1140038AF0FC81F
:1020700087E80F0001EB08003990A3EB080038A9AE
:102080003B9052460846F0F753F990B197E80F009D
:1020900005F13408002788E80F0007E0A068006811
:1020A00050F82710284600F00DF87F1CB742F5D3F2
:1020B00039E734AC343594E80F0085E80F004AB0B6
:1020C000BDE8F0872DE9F04FB3B00C46050001D113
:1020D000F0F7FCFA0CB9F0F7F9FA01212046FFF706
:1020E00089F900287DD1204600216322FEF742FFB6
:1020F00000F0FF08B8F1020F73D995F84E90A86C64
:102100002E9000212046FEF77BFEFD2804D219FB0D
:1021100000F0000A85F84E0000212046AA6C01F06C
:102120007BF9A8642046FEF7D6F8060014D029A84B
:1021300000900AAB324621462846EEF753FE0128AE
:102140004FD10AA8F0F7D3F803900AA8F0F7CFF818
:102150008246012E05D01AE021462846FFF762FE8E
:1021600005E10AA8F0F7D2F806468448006990F81D
:102170004000F2F724F901464FF4C04292FBF6F01A
:1021800090FBF1F0039092FBF6F04FEA900A0A9868
:1021900006900C9808900B980790099004F1140091
:1021A0000090DFE003990798491E08440D990990B3
:1021B000884200DD0991204600217522FEF7DAFEF3
:1021C0005FEA000B13D106AE30460099F0F713F921
:1021D00068B100208DF8C00030AA1A21204631963F
:1021E00000E0C8E000F08BFE9DF8C00010B3079936
:1021F000AAF1010008440D990990884200DD099177
:10220000102106AA2846F4F7D9FB21463090FFF7A3
:1022100009FE204600217122FEF7ACFE064620464C
:1022200000217222FEF7A6FE0746C6F34170012880
:1022300002D018E01221E4E726F0C0405049059092
:10224000884210DC0098F0F761F8014626F0C040A3
:10225000B0F1805F059802DB6FF07042101A4143C5
:10226000642091FBF0F6C7F34170012816D127F0E6
:10227000C04043490590884210DC0098F0F737F8D9
:10228000014627F0C040B0F1805F059802DB6FF097
:102290007042101A4143642091FBF0F70EA8F3F747
:1022A000B1FE60697022811930984069081A1F9048
:1022B000A069C119309880698DF88880081A20902B
:1022C00020460021FEF756FE4FF461611A9002E0AD
:1022D000A0F561601A908842FADC02E000F56160C6
:1022E0001A900028FADB204600216E22FEF742FEFB
:1022F0001B90204600216F22FEF73CFE1C902046DA
:1023000000217322FEF736FE1D9020460021742224
:10231000FEF730FE1E90204600216922FEF72AFEBD
:102320009DF8891029AE60F3030114488DF88910D7
:102330000069C06BCDF8A0B0010CBDF8880061F356
:102340000C30ADF8880096E80F0024AE86E80F0048
:102350003098159006AA0EA92846F4F7ABFA09980A
:10236000401C07900D9909988842FFF61BAF85F82D
:102370004E902E98A86433B0BDE8F08F78B5002059
:10238000FEFFFF1F2DE9F14F82B00298FFF7C0FB5F
:1023900000287DD10298FDF7C5FF0090002102982A
:1023A000FEF765FF834600210298FEF763FF0746AC
:1023B000009868B1FDF7FFFE81460098FDF7E6FE44
:1023C0000546CBF341706FF04046012803D01BE077
:1023D0003A4659469EE05F482BF0C044844213DCE5
:1023E00000210098FEF737FFB04201D100200AE03B
:1023F000B4F1805F02DB6FF07040041B04FB09F452
:10240000642094FBF0F08346C7F34170012817D194
:10241000504827F0C041814212DC00210098FEF7AD
:10242000A4FCB04200D1002727F0C040B0F1805F8B
:1024300002DB6FF07041081A6843642190FBF1F7EA
:1024400000216C220298FEF795FD064600216D22C0
:102450000298FEF78FFD82460298FEF788FF8046BD
:102460000298FDF700FF0446C6F3417001280ED123
:10247000384926F0C040884209DCB0F1805F01DBBA
:102480004910081A00FB08F0642190FBF1F600E007
:102490005EE0CAF3417001280DD12E492AF0C040F8
:1024A000884208DCB0F1805F01DB4910081A604304
:1024B000642190FBF1FA5E44574400210298FEF734
:1024C000CEFB40B10A2823D2DFE800F022220C1410
:1024D000202A3218363900210098FEF7CFFB012858
:1024E00008D015E009EBD971491008EBD870A1EBC1
:1024F000600001E0A9EB0800064409E005EBD57097
:10250000401004EBD471A0EB610000E0281B0744ED
:102510003A463146029803B0BDE8F04FFFF777BB6B
:1025200009EBD971491008EBD870A1EB600001E00C
:10253000A9EB08000644E9E7A9EB080006E009EB6F
:10254000D970401008EBD871A0EB61000644D5E7C4
:10255000BDE8FE8FFEFFFF1F2DE9F04F89B004009C
:1025600001D1F0F7B3F8608D010501D5400576D4AF
:102570002046FDF7D7FE060071D0608D6FF0404A0F
:10258000000503D52046FEF7F2FE60E0002120465C
:10259000FEF761FE0546504501D1012000E0002014
:1025A0008146C5F34170012806D18E4825F0C0410F
:1025B000814201DC012700E000273046FDF7FBFDEA
:1025C0008046B9F1000F04D02046E4F723FF05460A
:1025D0002CE05FB3708D000510D400213046FEF76B
:1025E0003AFE50450AD100212046FEF751FD05462E
:1025F00000212046FEF77BFD054417E025F0C04092
:10260000B0F1805F02DB6FF07041081A00FB08F048
:10261000642190FBF1F500212046FEF7BEFB074642
:1026200000212046FEF7C2FB38442D1A2046002127
:102630000422FEF79FFC0746204600210522FEF7F4
:1026400099FC0246434639462846F1F725FB0746E2
:10265000608D400504D52046FDF705FE66E070E07C
:1026600000212046FEF781FBD3460546584501D19F
:10267000012000E000208246C5F34170012806D108
:10268000584825F0C041814201DC012000E00020D3
:1026900080463046FDF77AFD8146BAF1000F04D03E
:1026A0002046E4F73DFE05462FE0B8F1000F2CD0A0
:1026B000708D400510D400213046FEF756FB58457A
:1026C0000AD100212046FEF741FD054600212046A3
:1026D000FEF7AFFC054418E025F0C040B0F1805F84
:1026E00002DB6FF07041081A00FB09F0642190FBD7
:1026F000F1F800212046FEF762FB05460021204646
:10270000FEF742FB2918A8EB01052046002106220E
:10271000FEF730FC8046204600210722FEF72AFC07
:1027200002464B4641462846F1F782FA05462046C6
:10273000FEF71DFEB84208D12046FDF794FDA842E1
:1027400003D1002009B0BDE8F08F2046FFF778F9EB
:1027500069462046FDF744FD04A93046FDF7EFFC2D
:10276000002204A96846EFF703FE5FEA000802D1E1
:10277000304600F0A1FBA0696D1E284420620021B4
:102780002046FEF77BFA01281ED060697F1E384480
:10279000E0616A463121204600F0B1FB22462A2141
:1027A000304600F0ACFB2046FFF74AF9608D00226E
:1027B00040F00200608504A904F11400EFF7D8FD91
:1027C000B8F1000F06D104E0E069C01B401C606155
:1027D000DFE710B1304600F06FFB204600F004F850
:1027E0000120AFE7FEFFFF1F38B5040001D1EFF76E
:1027F0006DFF2046FDF728FD0546002000906A4643
:102800001B21204600F07BFBA06810B10099C1623B
:1028100007E0009828B12046FCF708FFA16800985F
:10282000C8620098A84202D02046FFF709F938BDD7
:1028300070B505460021FEF70EFD0446002128462E
:10284000FEF793FA6FF040418C4203D0884201D0EA
:10285000002070BD2846FFF793F9012070BD0000ED
:102860002DE9F84F17460C46050001D1EFF72EFF72
:10287000364890F82400002865D02846FFF7E0F895
:1028800004F47F040421384602F0CEFA0646022101
:10289000384602F0C9FA80460121384602F0C4FAEF
:1028A00000901021384602F0BFFA81464FF4702B99
:1028B000D6B15C4510D07CB1284600210222FEF73B
:1028C00059FB6FF0404A504506D0284600210122AE
:1028D000FEF750FB50451CD100223221284600F063
:1028E0000EFB2846FFF74CF95C4500D08CB9FF2F52
:1028F00000D02EB12846FDF715FD08B1FFF740F9CD
:102900005C4500D02CB9B9F1000F02D0284600F088
:102910007AFFFF2F02D0B8F1000F02D02846FFF750
:1029200063FF2846FFF78CF8FF2F04D0009948EA90
:102930000600084207D0B4F5803F04D02846BDE821
:10294000F84F06F037BEBDE8F88F000078B50020DC
:1029500070B588B00C46050001D1EFF7B7FE2146EF
:102960002846FEF754FD002832D02846FFF7D0F85D
:102970000646E0060CD504AA69462846FDF718FE6F
:1029800069462846FFF77BF804A92846FFF777F841
:10299000686AA0436862E0070AD02846FFF750F84B
:1029A0002846FDF7BFFCFFF7EBF82846FFF7E8F8ED
:1029B0002846FFF7ADF8B04202D114F0C07F07D02F
:1029C0002846FDF7AFFC08B0BDE87040FFF7D8B867
:1029D00008B070BD2DE9F04115460E46040001D146
:1029E000EFF774FE608D00210422C0F305100AE0A9
:1029F000E36802EBC107DB59DF0103D523F07F4316
:102A0000AB4202D0491C8842F2D8884202D1002051
:102A1000BDE8F081E06850F83100314602F026FA56
:102A200028B1324629462046FFF71AFF01E0002868
:102A3000EED00120ECE72DE9F0410D46040001D174
:102A4000EFF744FE218D0846A94388421CD020465A
:102A50000FF0D0FD4FF480012046FEF7CBFC00289C
:102A600012D026462F462046FDF74CFB0546002493
:102A700008E021463046FDF72DFB10B13946FFF73F
:102A8000DAFF641CAC42F4D3BDE8F0812DE9F05FBD
:102A90005FEA010905461FFA82FA02F47F064FF049
:102AA000FF070CD099F8080000B900273EB9202193
:102AB00048460AF0DFFD10B12846FEF7C1FF0024AA
:102AC00021465EE0EA68042000EBC40B964652F80B
:102AD0000B00AAF57F48C0F307431B0482B2B8F18C
:102AE000FF0801D052450BD1B6F5702F01D0B3428B
:102AF00006D1B9F1000F05D05EF834304B4501D056
:102B0000641C3EE0800105D50023FF2231462846A3
:102B10000CF092FDE86850F80B10CA0101D489014D
:102B20000DD550F8340008B102F0E2F9E86850F829
:102B30003400F8F7FBFFE968002041F83400204634
:102B400008220AE0E96802EBC00C01EBC003614413
:102B5000401CD1E900C1C3E900C1698DC1F3051171
:102B6000491E8142EED8688D0109491E61F30910A2
:102B70006885C0F30510C100E86801F031F9012152
:102B8000E860688DC0F30510A0429BD8002908D0EA
:102B9000002F06D03A4631462846BDE8F05FFFF7E1
:102BA0005FBEBDE8F09F0000014A0021FFF76EBF45
:102BB000FFFF0F0070B506460D4890F8240000286E
:102BC00015D000200FE0002508E000BFD4F8BC02BB
:102BD00050F82510304606F08CFE6D1CD4F8D80253
:102BE000A842F3D82046F1F79FFF0400EBD170BD57
:102BF00078B500202DE9F0411546074698B00C46FF
:102C000051EA050061D0002B62D03846FDF7F6FA94
:102C100080466846EEF7B4FB39466846EEF773FC2B
:102C20003A496846EEF74FFC4FF4C8762CB340465D
:102C3000F1F73CFF40103246C821EEF766FC014632
:102C40006846EEF742FC3846FDF7A6FC221A4142E0
:102C50006846EEF752FC2E496846EEF73EFC2D49D9
:102C60006846EEF73CFC6A460C21384600F047F90E
:102C700001282AD16846EEF767FC002D25D0404692
:102C8000F1F78CFF40103246C821EEF73EFC0146BA
:102C90006846EEF71AFC3846FDF784FC2A1A4142D2
:102CA0006846EEF72AFC1C496846EEF716FC1949FF
:102CB0006846EEF714FC6A460C21384600F01FF90E
:102CC000012802D16846EEF73FFC18B0BDE8F0815C
:102CD00011493846EEF716FB0D493846EEF712FB60
:102CE00000220C21384600F00AF90128EDD12A46CD
:102CF0002146384600F075F80128E6D118B038466C
:102D0000BDE8F04100220E2100F0F9B899D0020888
:102D100069D102080B1401087FD102082DE9F047A0
:102D20001546824699460C4651EA050057D0504652
:102D300000F07CFD5046FDF72FFCC0F10008444434
:102D400000215046FDF7A0FF012810D0002C10DC18
:102D500020DA5046FDF750FB06465046FDF7AAFB29
:102D6000301800D500204042844212DB12E0002CD3
:102D700002DA4FF000040DE00CDD5046FDF73CFB9D
:102D800006465046FDF796FB301800D500208442D9
:102D900000DD04465046FDF705FC46423544002D53
:102DA00002DD4FF000050EE00DDA5046FDF7EEFBB8
:102DB00007465046FDF7C8FA381800D500204042B3
:102DC000854200DA0546A4EB0801AA1B51EA02007D
:102DD00005D04B465046BDE8F047FFF70BBFBDE8B6
:102DE000F08770B5164605460C4651EA06001AD023
:102DF0002846FCF71BFCA86801233246016A2144DF
:102E00000162A868416A3144416221462846FEF7C2
:102E1000CBFE00220F21284600F071F8012803D1D3
:102E20002846FEF70DFE012070BD2DE9FC410E463F
:102E3000044600F0FBFC0020009001902046FDF7C6
:102E400071FA054604F114070AE033466A46214642
:102E5000384609F0F3FF2C462046FDF763FA054695
:102E6000002DF2D1BDE8FC8170B50D461446064632
:102E70000649EEF747FA3046FDF78EFB411B234625
:102E80003046BDE870400022FFF748BF69D1020814
:102E900070B50D46144606460649EEF733FA30463D
:102EA000FDF780FB421B23463046BDE87040002101
:102EB000FFF734BF7FD1020810B588B0044604AADA
:102EC0006946FDF775FB6846EFF716FA20B904A8C6
:102ED000EFF712FA002810D06846EFF70DFA18B194
:102EE00069462046FEF7CBFD04A8EFF705FA002857
:102EF00003D004A92046FEF7C2FD08B010BD10B5EE
:102F000088B0C0B10090CDE901010020CDE90302F5
:102F10009DF8180020F00F008DF818006846F8F7AB
:102F2000E7FA6846E8F7CAF904466846F8F7DAFAB5
:102F3000204608B010BD0120FBE7002200F03FB999
:102F400070B50D46040001D1EFF7C0FB2046FCF739
:102F50006DFBA068856270BD70B516461D460446BF
:102F6000002200F098F900223146204600F084F952
:102F700000222946204600F093F92046BDE8704023
:102F80000022012100F096B910B50446002200F09D
:102F900078F920460022BDE81040012100F08AB9EE
:102FA00010B50446002200F071F92046FDF7BAF989
:102FB000BDE81040FEF7E4BD38B50C46050001D170
:102FC000EFF784FB00236A4602212846FDF78AF9C1
:102FD000012807D0002804D100222146284600F00D
:102FE00064F938BD0098A042F6D138BD70B50D46E1
:102FF000040001D1EFF76AFBA9B20022204600F0DD
:1030000059F92046BDE87040FEF7BABD2DE9F04100
:103010000D461C46164603F47F01804600232A46CF
:103020000CF00AFB21464046E9F79CFA07463CB9FA
:103030002021284601F0F8FE10B14046FEF700FDC1
:1030400032462946384602F031F82A4621464046A3
:10305000BDE8F041FFF704BC2DE9F0410C46070044
:1030600001D1EFF733FB0CB9EFF730FB786800289C
:1030700069D0002C67D0A04265D03846FEF7E0FC4E
:103080002046FCF7D3FA38467E68FDF707F9054677
:103090004FF0040807E0B06808EB8501006841586C
:1030A00040F825106D1C3046FDF72CF8801EA84214
:1030B000F1DAB168088E401E0004000C0886B16881
:1030C00005D082000868114600F08AFE03E0086817
:1030D000F8F72CFD0020B1680860A068018E491C3B
:1030E00089B20186A0688900006800F079FEA168B5
:1030F00008602046FDF706F86FF0030101EB800041
:10310000A16809680F5030467C60FFF7D5FE3A464B
:103110002A213046FFF7F3FE00222C213046FFF72C
:10312000EEFE3A462A212046FFF7E9FE00222B2137
:103130002046FFF7E4FE3846FEF722FD3846BDE89C
:10314000F041FEF77DBCBDE8F08170B515460E4636
:10315000040001D1EFF7BAFA3146204600F015F924
:1031600029462046BDE8704000F029B970B50C46EC
:10317000050001D1EFF7AAFA2846FCF757FAA8682C
:10318000418E01F00302A24207D064F3010141869F
:103190002846BDE87040FEF753BC70BD70B51546BB
:1031A0000E46040001D1EFF791FA3146204600F0B7
:1031B000D2F829462046BDE87040FFF7FDBE134611
:1031C0000A460A21FFF722BF07B481B01346BDF8B3
:1031D0000810ADF800109DF80A108DF80210009A42
:1031E000522104B0FFF712BF13460A465321FFF7DE
:1031F0000DBF13460A465021FFF708BF07B481B040
:103200001346BDF80810ADF800109DF80A108DF8AF
:103210000210009A1C2104B0FFF7F8BE13460A46BC
:103220002021FFF7F3BE13460A462221FFF7EEBE28
:1032300013460A462821FFF7E9BE13460A46212114
:10324000FFF7E4BE13460A461D21FFF7DFBE07B4B1
:1032500081B01346BDF80810ADF800109DF80A10B3
:103260008DF80210009A312104B0FFF7CFBE13464B
:103270000A463221FFF7CABE13460A467C21FFF7F1
:10328000C5BE13460A467A21FFF7C0BE13460A465A
:103290007E21FFF7BBBE13460A467B21FFF7B6BE71
:1032A00013460A467D21FFF7B1BE13460A460221A6
:1032B000FFF7ACBE13460A461621FFF7A7BE13461A
:1032C0000A466221FFF7A2BE13460A461121FFF704
:1032D0009DBE13460A461221FFF798BE13460A46C2
:1032E0001321FFF793BE13460A461021FFF78EBE47
:1032F00013460A460C21FFF789BE13460A465E2193
:10330000FFF784BE07B481B01346BDF80810ADF8CE
:1033100000109DF80A108DF80210009A582104B090
:10332000FFF774BE13460A465A21FFF76FBE1346D5
:103330000A465921FFF76ABE13460A460121FFF7E4
:1033400065BE13460A460821FFF760BE13460A46CB
:103350000921FFF75BBE38B50C46050001D1EFF738
:10336000B5F900236A4601212846FCF7BBFF012876
:1033700007D0002804D1002221462846FFF7DCFFB1
:1033800038BD0098A042F6D138BD38B50C460500CE
:1033900001D1EFF79BF900236A4608212846FCF784
:1033A000A1FF012807D0002804D100222146284689
:1033B000FFF7C7FF38BD0098A042F6D138BD38B539
:1033C0000C46050001D1EFF781F900236A46092177
:1033D0002846FCF787FF012807D0002804D10022E7
:1033E00021462846FFF7B2FF38BD0098A042F6D12B
:1033F00038BD000010B504460449EDF783FF2046B0
:10340000BDE810400249EDF77DBF00007FD1020802
:1034100069D10208104670472DE9F04115460E4665
:103420000746FDF7C5FD04000BD031463846FDF7D1
:10343000BCFD2146F1F739F901462846F1F7E9F8D4
:1034400005462846BDE8F0812DE9F047074698B0CB
:10345000408D209E40F00800788515463A859946B3
:103460008A46327A3846FDF785FD0446A7F828904B
:10347000327A51463846FDF77DFD798D804621F040
:1034800008017985444505D101462046F0F758FFEB
:10349000002879D13D85327A51463846FDF76AFDDC
:1034A0000446A7F8289051463846E9F799FB317A47
:1034B0000068224601F0FAFD327A38467168FFF75B
:1034C000CFF9307A0C2824D147F6FF794C4501D04A
:1034D000C8451ED13846FDF74AFF00EBD0704510B5
:1034E0003846FCF7C0FE00EBD07040104C4506D1CA
:1034F0006A1C431C9A4201DA6C1C00E01C46C84559
:1035000007D1691C421C914201DA681C00E0401C92
:1035100080462048FBF727F9050038D02F60C5E921
:103520000348307A28716846C5F808A0EDF728FFEF
:1035300029466846EDF7E7FF17496846EDF7CDFFE6
:1035400016496846EDF7D5FF15496846EDF7B6FF11
:10355000FF2200216846EDF7D0FF31886846EDF77D
:10356000B4FF71886846EDF7ABFF6846F168EDF788
:10357000B6FF00216846EDF7AAFF68463169EDF70E
:10358000BAFF6846EDF7E0FF18B0BDE8F087EFF747
:103590009DF8F9E790B5002009F40208EDF502085E
:1035A00045F5020814210148FBF7D5B890B5002075
:1035B0002DE9F84F00259046894606462C460427FB
:1035C000DDE000BFF16807EBC400085882016CD44D
:1035D00080B230EA090211D05FF0000230EA080040
:1035E0000ED00020824260D051F834A06A461021EB
:1035F000504601F042FB002863D103E00122EDE7D1
:103600000120EFE76A461121504601F036FB002801
:1036100057D16A461221504601F02FFB002850D1A5
:103620006A461321504601F028FBE8BB6A46152183
:10363000504601F022FBB8BB6A461421504601F007
:103640001CFB88BB6A461621504601F016FB58BB8E
:103650006A466C21504601F010FB28BB6A466D217A
:10366000504601F00AFBF8B96A460121504601F0C4
:1036700004FBC8B96A460221504601F0FEFA98B927
:103680006A460421504601F0F8FA68B96A460521F5
:10369000504601F0F2FA38B96A460621504601F068
:1036A000ECFA08B96A4601E00BE067E007215046F2
:1036B00001F0E3FA28B96A463021504601F0DDFAFC
:1036C00010B10320BDE8F88F6A466A21504601F028
:1036D000D4FAE8BB6A466B21504601F0CEFAB8BB7B
:1036E0006A467021504601F0C8FA88BB6A466E21CE
:1036F000504601F0C2FA58BB6A466F21504601F0AD
:10370000BCFA28BB6A463A21504601F0B6FAF8B92D
:103710006A463B21504601F0B0FAC8B96A463821E2
:10372000504601F0AAFA98B96A463C21504601F089
:10373000A4FA68B96A463E21504601F09EFA38B9AB
:103740006A464021504601F098FA08B96A4600E0FE
:1037500010E04121504601F090FA58B96A464221E2
:10376000504601F08AFA28B96A464821504601F0CD
:1037700084FA08B1022501E005B90125641C708DA9
:10378000C0F30510A0423FF61DAF28469AE7134646
:10379000012200F001B800002DE9F0471F469146D4
:1037A0004FEA010A5FEA00082BD0FCF794FD0228DB
:1037B00018D0002507F00104C7F34006A6B13CB1BC
:1037C0004046FCF7AFFD3B464A465146FFF7E4FF53
:1037D000002D16D033464A4651464046BDE8F047D4
:1037E0000CF0F0BB0125E5E72DB133464A465146C2
:1037F00040460CF0E7FB002C03D04046FCF792FD5E
:10380000D0E7BDE8F08770B50546E3F7ABFF0446A7
:10381000A86820B1418E64F38B21418670BD002CD5
:10382000FCD02846FBF702FFA868F3E770B50D4D02
:1038300095F86010002913D1012185F86010FCF77C
:1038400075FD044606E000BF20F0040060852046B8
:10385000EDF73EFB608D4107F6D4002085F860004F
:1038600070BD000078B500200148FBF727BC0000C0
:103870007CB7002008B5132802D209B1042907D962
:10388000F0F750FD0090BDF800009DF802100BE02D
:10389000491E074AC9B200EB400002EB800001EB71
:1038A000410101440888897840EA014008BD0000D0
:1038B00084CA040808B5132802D209B1052907D91A
:1038C000F0F730FD0090BDF800009DF802100AE00E
:1038D000491E064AC9B2C0EB0010104401EB410179
:1038E00001440888897840EA014008BD67C9040896
:1038F00008B5132807D3F0F715FD0090BDF80000B8
:103900009DF8021005E0044900EB400001440888DE
:10391000897840EA014008BD2EC904086FF0704163
:10392000002805DA4A42904200DC1046081A02E0FC
:10393000884200DB084640F000507047C0F34172F7
:10394000012A0DD1074B20F0C0429A4208DCB2F1A7
:10395000805F01DB5810821A4A43642092FBF0F02A
:1039600070470000FEFFFF1F2DE9FE4F9946DDE97D
:103970000CA60F4604462AB94FF48071894501D13F
:103980008A4566D000200CE054F830303168591A6E
:1039900044F8301004EBC00175684B685B1B401C99
:1039A0004B60B842F0D3E2B3B2F5616F01DDA2F52E
:1039B0006162002A01DA02F561620A2092FBF0F5E9
:1039C000684200EB800002EB400805F1010B28B2D1
:1039D00003F038F902900FFA8BF003F033F95A35FF
:1039E000019028B203F02EF900900BF15A0000B2BA
:1039F00003F028F903460298C8F10A0101FB00F51B
:103A0000019A0A2002FB085292FBF0F04211009842
:103A1000414303FB08100A2190FBF1F04311002100
:103A200063E0FFE7002012E054F83020336802FB27
:103A300009F203EB222144F8301004EBC001756851
:103A40004B68401C03FB0AF305EB23224A60B84293
:103A5000EAD3BDE8FE8F00BF04EBC10B54F8310080
:103A60004FF48075DBF80480A94512D1AA4510D126
:103A700003FB00F502FB1855D6F800C050430CEBD1
:103A8000A52544F8315003FB0800756805EBA02517
:103A900028E00E9D8DB100FB09F008FB0AF503FB41
:103AA00000FC02FB15CCD6F80080504308EBAC4C70
:103AB00003FB050044F831C011E003FB00F502FBF5
:103AC0001855D6F800C005FB09F50CEBA54544F8E0
:103AD000315002FB00F503FB085000FB0AF075684B
:103AE00005EBA045491CCBF80450B942B4D3B0E76C
:103AF000D1E90021C0E900217047C0E900127047F8
:103B000030B5D0E90023D1E90045C0E90045C1E95D
:103B1000002330BD3EB5DDE906458DE8380013468B
:103B20000A460121FFF720FF3EBD10B503688268F9
:103B30000C68D21A02EBD27252104068134410443F
:103B40004968E31A081A5B4300FB00305243904275
:103B500001D8012010BD002010BD000038B54FF481
:103B60008C71F020F0F76EFE074C08496060F1F7A9
:103B7000A9F90020064A00904FF45253A2F5525181
:103B80006068F1F71FF938BDBC010020F58300081B
:103B9000F880002010B5F9F795F8054C0121A060D8
:103BA000F9F76CFDA068BDE810400249F9F762BD65
:103BB000C4010020C5F3020801498866704700006F
:103BC00078B500202DE9F041050002D000262C68D0
:103BD00019E0BDE8F041EEF779BD606808B1044630
:103BE000FBE7A0680028FAD127682FB17868A042C7
:103BF00001D17E6000E0BE602069F7F797FF2046A4
:103C0000F7F794FF3C46002CE7D12E60BDE8F08129
:103C100010B538B100F09DF8002802D0F7F786FF04
:103C2000012010BDEEF752FD002010BD70B50E460C
:103C3000050001D02C680EE0EEF748FD0DE06A6843
:103C4000216930469047002802D003DA646802E018
:103C5000204670BDA468002CF1D14FF0000070BD6B
:103C600070B515460E46040001D1EEF72FFD0EB9D2
:103C7000EEF72CFD0DB9EEF729FD64B15EB155B13B
:103C800020460C220021FAF790FF0020A560C4E92D
:103C90000006012070BD002070BD2DE9F0478A4666
:103CA000060010D0FFF7C2FF002824D11420FAF735
:103CB00067FE05004FF0000405D0B068FAF760FE1B
:103CC000286118B106E0EEF701FD13E0EEF7FEFC07
:103CD000286960B12C736C60AC603068A04660B13C
:103CE000D5F81090C5F810A03468274615E028468E
:103CF000F7F71CFF0020BDE8F08735600120C5F80C
:103D0000008028731DE07268274621692869904762
:103D1000002801DA646800E0A468002CF3D12F6069
:103D200085F80C807268396950469047002801DA9E
:103D30007D6000E0BD602946304604F04FFCC5F8C8
:103D400010902846D7E700E0084641680029FBD1DB
:103D5000704770B50C460346D4E9011041B348B32F
:103D6000FFF7F1FF216831B14A68A24201D14860F2
:103D700002E0886000E018600268057B8168A2426A
:103D800001D1024606E001B10A605160A668866072
:103D9000A668306026680660267B06736668466003
:103DA0006668012D306014D1184604F0A0FB10E0C5
:103DB00000B10146207B226801B10A6032B155682A
:103DC000A54201D1516002E0916000E01960012834
:103DD000EAD020462569F7F7A9FE284670BD000005
:103DE00010B5084C31B1A04208D1BDE810400846DA
:103DF000FAF798BDF7F79AFE204610BDBDE81040CF
:103E000000F002B8DCB500202DE9F0410746164865
:103E10000D468046FBF757F9384602F025FE134C55
:103E200006462A463946D4F8D40102F093FE05002E
:103E300014D0D4F8D801801BC4F8D801284604F562
:103E4000EC7402F011FE2168084420606168A4F55A
:103E5000EC74884200D80846C4F8DC014046FBF701
:103E60003FF92846BDE8F08144B7002078B500202E
:103E7000014800697047000078B500202DE9FC4139
:103E80000E46002507462A461431EEF771FA00283F
:103E90002CD001213046FDF7ADFA30BB3046FCF79F
:103EA0001AFA10BB00213046FCF7AAFFFD281CD3EC
:103EB00000208DF800006A461A2130460197FFF76E
:103EC0001EF89DF8000002280FD03046FCF71AF9C2
:103ED000401E04000ED4B068006850F82410384624
:103EE000FFF7CCFF050009D102E00020BDE8FC810E
:103EF000641EF0D59DF8000000B935462846F5E768
:103F0000704700002DE9F04F85B000254FF0440ABE
:103F1000DFF8AC804BE000BF05F51172895CE9BBAE
:103F200000243AE004F5117910F80910A1BBA5426C
:103F300032D00AEB0411049101440AEB051B5844EA
:103F4000EEF759FA40B330690499B046421800EBD5
:103F50000B016846EEF717FB6846EEF7CDF9D8F887
:103F60001010074601EB0B00EEF7C6F90646D8F82D
:103F7000101004980844EEF7BFF9304487420BD282
:103F8000D8F81010464601EB0B006946EEF7F5F83D
:103F90003269012102F80910641C00E006E0D8F83B
:103FA00010004646D0F86412A142BBD86D1CD8F868
:103FB0001010D1F86422AA42AED805B0BDE8F08F47
:103FC00078B5002010B591F83C000C4620F00300B5
:103FD00081F83C000020C862086348631021204635
:103FE000FEF7B6FC4FF400712046FEF7B1FC214607
:103FF0000548FBF72FFCFBF795FC2046BDE8104079
:10400000002202A100F048B9B8D004084F707469CA
:104010006F6E20310A4F7074696F6E20320A4F70D4
:1040200074696F6E20330A4F7074696F6E20340AA2
:104030004F7074696F6E2035000000007CB50E462D
:104040007548FCF731F8012832D13046F7F7C2F94C
:1040500005463046F7F7C9F90446342D20D0322DF5
:1040600027D0312D31D0012D31D00A2D3ED0022D57
:1040700045D00B2D62D0032D60D0132D66D0142DAA
:1040800078D0112D73D0122D72D01B2D71D01D2D13
:1040900001D0202D0CD13046BDE87C40E6F725BB91
:1040A0003046F7F7F8F905462046E8F730FD286076
:1040B0007CBDE8F71BFA18B100223221FEF71FFF82
:1040C0002046FEF7B5FB00215AE0002159E0E06AE6
:1040D0000128EDD9E06B20F004012046E163E8F708
:1040E00005FABDE87C404D49EDF70CB990F83C006D
:1040F0004007DDD53046BDE87C40F7F797BAE06A67
:104100000128D5D9F8F7D8FD6946F8F7C6FF694602
:1041100020460CF007FB01980028C9D02046E8F79C
:10412000E5F90546FDF763F9019901442846FFF7D3
:1041300046F9E06B40F00400E0637CBDE06A0128D2
:10414000FBD92046BDE87C4005F054BAFCF781F865
:104150000546F8F7B1FDF8F79CFF042803D128467F
:10416000F7F786FF10B1206B60637CBD02E00CE0C6
:104170002EE04BE0D4E90C108142F6D001212063FF
:104180002046BDE87C4005F067B8E06A0128ECD91C
:104190003046F7F763F9132810D012280ED01428F0
:1041A00001D01128E1D1216B20460029DDD0012268
:1041B000491E656B00F00AF96563D6E7216BE26A78
:1041C000481C9042D1D201222046491C656BF1E780
:1041D000E06A0128C9D93046F7F75FF9236BE16A35
:1041E0001A18481E904201DD154600E04D1E002DB4
:1041F00001DA002104E0904201DD114600E0491E91
:104200008B42B2D020460122656BD3E7E8F76EF906
:10421000BDE87C40FEF7E8BA94D0040849D3020810
:1042200070B50E460846F7F7D5F804461D2805D0A8
:1042300031461848FBF738FF012822D13046F7F7FE
:10424000D4F805461B2C08D0312C1BD01D2C18D1BE
:104250003046BDE87040E5F72FBA3046F7F71BF956
:1042600004462846FCF75EF8E8F751FC0646284667
:10427000FDF77DF802462068B11A884200DC084646
:10428000206070BDFCF74EF8BDE87040002104F0DE
:10429000E3BF0000B8D004082DE9F84F1546894661
:1042A000040001D1EEF712FAB9F1000F01D1EEF7D7
:1042B0000DFA2046E8F71AF94FF0000B0090C4F809
:1042C00030B0C4F834B05846C4F82CB005E00A2920
:1042D00002D1E16A491CE162401C19F80010002972
:1042E000F5D1E06A401CE06294F83C0020F0030045
:1042F000DDB1401C84F83C002046FCF76CFFF7F76A
:10430000FCFB054600212046FCF771FFE16A2844CA
:1043100048434FF47A7191FBF0F20F2A0CDA91FBCB
:10432000F0F2032A08DA03200EE084F83C00494644
:104330000098FAF7DBF842E091FBF0F20F2A02DA7C
:1043400091FBF0F000E00F20A063C10701D1401CF9
:10435000A063484600F05AFC471CA06B78435FEA14
:10436000000801D101208046FAF7DCFA0546002654
:10437000A0F1010A0BE000BF07FB0650494600F020
:1043800029FC711C0A207943761C01F80A00A06BF5
:10439000B042F1D805EB080101F801BC29460098AC
:1043A000FAF7A4F82846F7F7C1FBA16BE06A4A08C0
:1043B00042434843C4E90B022046EBF771F9206BF6
:1043C00060630098BDE8F84FFEF70EBA70B5164668
:1043D0000C46050001D1EEF779F995F83C0000F0A4
:1043E000030001281AD1E96AA86BB1FBF0F1286B30
:1043F0008C42B0FBF1F311D203FB1102101B00B28F
:10440000002800DC4042B0EB510F05D92046A24203
:1044100001D9441800E0441A01FB0344E86AA042B1
:1044200000D8441E2C63284631466C63BDE87040BA
:1044300004F012BF08B500210B460A46009100F0B7
:1044400001F808BD2DE9F047B0B0994692460E46F6
:104450000746DDF8E080FBF7D1FED0F8C8520446ED
:10446000BD427DD0D4F8D402B84279D0C8B1A842B8
:1044700017D00021ECF746FF0022D4F8D4021146F1
:1044800004F53274FEF761FE00226221E068FEF757
:10449000A1FA2068A060E068A4F53274054608F02F
:1044A00096FCC4F8D472D4F8D00228B194F8DC1287
:1044B000890701D5FBF7D2FA0020C4F8D0020A2EF2
:1044C00066D00B2E64D00C2E62D00D2E60D00E2E36
:1044D0005ED0002194F8DC0261F3000068F3410033
:1044E00084F8DC0200213846ECF70CFF1DB10021F6
:1044F0002846ECF707FF002211463846FEF725FE56
:1045000025B1002211462846FEF71FFE0022622137
:104510003846FEF75FFA25B1002262212846FEF7F1
:1045200059FA5AEA090035D06846ECF729FF3946AE
:104530006846ECF7E8FF6F496846ECF7DAFF6E492A
:104540006846ECF7BBFF51466846ECF7BEFF4946AC
:104550006846ECF7B5FF18A8ECF712FF294600E013
:1045600023E018A8ECF7CFFF514618A8ECF7ADFFF1
:10457000494618A8ECF7A4FF0F2E2BD2DFE806F06F
:10458000181E363E4751657B90A6AD5D71879C0035
:1045900001219FE7384608F01AFCB8F1000F04D05B
:1045A000002D02D02846FBF759FA30B0BDE8F0875D
:1045B00052496846ECF791FF00228CE04F4968466B
:1045C000ECF78BFF2046F0F771FA1EE04FEA0D0082
:1045D000ECF793FF002D78D000222D212846FEF71E
:1045E0008EFC6846ECF7B0FF18A87FE043496846A8
:1045F000ECF773FF2046F0F759FA0FE040496846A0
:10460000ECF76BFF2046F0F7C9FA014607E03C499A
:104610006846ECF762FF2046F0F7C0FA41420022FC
:10462000D4E736496846ECF758FF2046F0F73EFAE3
:10463000014600226846ECF760FF304918A8ECF705
:104640004CFF2046F0F732FA28E02C496846ECF798
:1046500044FF2046F0F72AFA414200226846ECF770
:104660004CFF264918A8ECF738FF2046F0F71EFA51
:1046700029E0002137E022496846ECF72EFF20466A
:10468000F0F78CFA014600226846ECF736FF1C4929
:1046900018A8ECF722FF2046F0F780FA4242E8E73C
:1046A00017496846ECF719FF2046F0F777FA4142C0
:1046B00000226846ECF721FF114918A8ECF70DFF1E
:1046C0002046F0F76BFA0246D3E70EE00D49684644
:1046D000ECF703FFFF22002178E70A4918A8ECF75E
:1046E000FCFE0022FF2118A872E76846ECF72CFFB9
:1046F0005BE70000A9CD020845CD020841D30208BE
:1047000045D302085776020870B50020C1F89C0016
:1047100091F8A0000C4620F0030081F8A0004FF4AF
:1047200080712046FEF714F910212046FEF710F99B
:104730004FF480612046FAF7F3FC0020F0F794F97B
:10474000502505EBC000B0F5A07F08DB0020F0F796
:104750008BF905EBC000A02190FBF1F100E00121F5
:104760002046BDE87040FEF7EBBB00002DE9F34F9B
:1047700085B0C5480699FBF797FC012858D10698E3
:10478000F6F728FE05460698F6F72FFE8146044602
:1047900000F07EF90646162D1CD0012D4BD0022DBF
:1047A00058D04FF4007677100B2D5AD0032D58D0E7
:1047B000132D7BD0312D7AD01B2D79D0112D78D0AF
:1047C000122D77D01D2D33D1069807B0BDE8F04FDC
:1047D000E4F7E0BE0698F6F75EFE0546D9F8080055
:1047E00008B1876A00E0002704F184016846EDF70C
:1047F000FAFC3A4611466846EDF78DFD0022684600
:104800002968EDF74BFE2871002811D1022E0FD137
:1048100004F174016846EDF7E6FC3A461146684635
:10482000EDF779FD002268462968EDF737FE28711B
:1048300007B0BDE8F08FF8F73FFA04F194010C4699
:10484000F8F7FAFB07B021464846BDE8F04F0322CF
:10485000FEF79DBF07B04846BDE8F04F01210DF0BF
:1048600026BD002148460DF022FD94F8A00020F05E
:10487000010084F8A0000020C4F89C004846FDF721
:10488000DFF84846FBF7E5FC8046F7F7F1FB054605
:10489000F8F712FAF8F7FDFB04280CD00128C7D16D
:1048A0004846EBF738F908B3314620E025E032E01E
:1048B00049E0A5E0D6E0002DBAD0484600F0E8F87F
:1048C00002280CD194F8A000810704D440F0020023
:1048D00084F8A000ACE720F0020084F8A00007B044
:1048E0004046BDE8F04F0021F7F757BC394607B006
:1048F0004846BDE8F04FFAF713BCF8F7DDF9F8F7D2
:10490000C8FB042801D0022892D114F8A00F20F08F
:10491000020020708CE74846EBF7FDF828B13146DD
:104920004846FAF7FDFB394604E039464846FAF7AF
:10493000F7FB31464846FEF70BF807B04846BDE89E
:10494000F04FFDF751BF4FF4403739464846FCF76A
:10495000C6FA804639464846FCF7DCFA0646394630
:104960004846FCF7FBFA054639464846FCF793FAF9
:10497000044639464846FCF76BFC834639464846B0
:10498000FCF74DFC82464846FCF7F1FC00EB4B0778
:104990004846FBF768FC00EB4A008742484604DAC9
:1049A000FCF7E5FC00EB4B0003E0FBF75CFC00EBE5
:1049B0004A0040104146B04500DC3146AC4201DDC2
:1049C000224600E02A46914206DD4146B04501DD1F
:1049D0000C4604E0344602E0AC4200DC2C460444C1
:1049E0004FF440314846A41CFAF7B6FE044406983A
:1049F000F6F751FD0168A14200DD0C46046017E79F
:104A00000698F6F72BFD132813D0112811D014287F
:104A100001D01228F3D194F8A0008007484611D4A1
:104A200000F03FF8401E01460122484600F03FF8E2
:104A300010E094F8A000800721D4484600F031F837
:104A4000401CF0E700F022F8401E014601224846D3
:104A500000F02BF807B04846BDE8F04F00222321B4
:104A6000FEF74DBA0698F6F718FD054694F8A00033
:104A7000800704D4484600F014F84119D4E74846AA
:104A800000F004F8401CE0E7DCD00408EDF770BF4C
:104A900010B5EDF763FF012802D0022800D00020F6
:104AA00010BDEDF779BFEDF78ABFEDF7DDBFEEF78B
:104AB00006B800000FB40A4608B505A900910146E2
:104AC0000348049B02F02EF901B05DF814FB0000CE
:104AD000912C000810B540F20470F9F723FF054946
:104AE0000028C1F8F80103D1BDE81040EDF7EEBD94
:104AF00010BD000078B5002010B50C4602212046FC
:104B0000FDF726FF2046BDE81040C8224FF47A7119
:104B1000AFF3008070B50E469AB0144605460021EA
:104B2000ECF7F0FB01A8ECF72BFC294601A8ECF709
:104B3000EAFC1F4901A8ECF7D0FC4FF0FF3101A8B7
:104B4000ECF7CFFC314601A8ECF7BFFC04F5B472DA
:104B5000214601A8ECF7D1FC01A8ECF7F5FC1549BA
:104B600001A8ECF7BCFC4FF480600090002340F2F9
:104B700051224FF4D77101A8ECF798FC4FF4B474AC
:104B80002246002101A8ECF7B8FC0B4901A8ECF77C
:104B9000A4FC01A8ECF7D8FC224600212846EDF73A
:104BA000C9F84FF487712846EDF790F91AB070BD37
:104BB00051430008F11301085543000801E0401C6F
:104BC000491C027812B10B789A42F8D00978D0B219
:104BD000401A70474FEA000211F8013B00F8013B10
:104BE000002BF9D11046704770B5064600F00EF85C
:104BF000401C0446F9F796FE050005D022463146D2
:104C0000F9F718FF284670BD002070BD014600204E
:104C100000E0401C0A5C002AFBD1704710B500235D
:104C200001E0C4545B1C934202D2CC5C002CF8D14E
:104C30000021934202D2C1545B1CFAE710BD70B54B
:104C4000064600F010F80446401CF9F76BFE05001C
:104C500007D022463146F9F7EDFE002028552846B8
:104C600070BD002070BD0246002000E0401C88425C
:104C700002D2135C002BF9D170472DE9F0410446B4
:104C80000E46154600F04CF82168012268B100205C
:104C900006E0B34203D101EBC00040680FE0401CC6
:104CA00011F83030002BF4D110E0237A002001EB12
:104CB000830409E0275CB74205D151F82000286041
:104CC0001046BDE8F081401C8342F3D80020F8E78D
:104CD00070B5047A0068FF2C03D000EB8405002334
:104CE00016E0002306E08C4203D100EBC3004068CD
:104CF0000AE05B1C10F83340002CF4D10AE0EE5CB3
:104D00008E4204D150F823001060012070BD5B1C5E
:104D10009C42F4D8002070BD0C220021F9F745BF59
:104D2000007AFF2801D00020704701207047007AE8
:104D300008B1002070470120704700000CB5002228
:104D40003849019244280B6800935FD024DC29285D
:104D50005CD010DC22285BD006DC05285ED007285A
:104D60005CD01C283AD13DE0232845D024284DD0E2
:104D7000252833D14AE039283ED006DC31283BD003
:104D8000322843D0342829D144E03A283ED03D2867
:104D900032D03E2822D139E05A283DD010DC5228AA
:104DA0002AD006DC452827D04C2825D04D2815D1FF
:104DB0002CE053282AD058281ED059280ED125E09F
:104DC0006F280DD006DC622820D063281ED06E2804
:104DD00004D105E0762823D078280DD010460CBDEC
:104DE00048680CBDBDF80000ADF804009DF8020055
:104DF0008DF8060001980CBDBDF80400ADF8000068
:104E00009DF806008DF8020000980CBD88680CBD66
:104E1000C8680CBD08690CBD48690CBD88690CBD2B
:104E2000C8690CBD68CB040810B50C4600F004F846
:104E3000204000D0012010BDFF2805D0002804D05C
:104E40008A2803D2074909E03F207047064A8A387A
:104E5000C0B2116B21B1926A824201D9085C7047DD
:104E60000020704788CB040878B500202DE9F04178
:104E70000F460446FFF754FFA0BB207A00282FD02E
:104E80002668002106EB80052EE06A5CBA422AD132
:104E9000401E00EB8000F9F745FD010026D021609F
:104EA000207A401EC0B2207201EB8003002002462F
:104EB0000EE000BF15F800C0BC4508D056F820E051
:104EC00041F822E015F800C003F802C0521C401C53
:104ED00094F808C08445EDD23046F6F727FE01204D
:104EE000BDE8F08102E0491C8842CED80020F7E7F7
:104EF00010B50446007AFF2802D02068F6F716FEA7
:104F000020460C22BDE810400021F9F74EBE0A46AB
:104F1000672100F0CBB803B482B0BDF80C10ADF837
:104F200000109DF80E108DF80210009A522104B066
:104F300000F0BCB80A46512100F0B8B80A4650212A
:104F400000F0B4B803B482B0BDF80C10ADF8001096
:104F50009DF80E108DF80210009A1C2104B000F08C
:104F6000A5B80A461D2100F0A1B803B482B0BDF86F
:104F70000C10ADF800109DF80E108DF80210009A7C
:104F8000312104B000F092B80A46322100F08EB808
:104F90000A46352100F08AB80A46342100F086B866
:104FA0000A46302100F082B80A462D2100F07EB872
:104FB00003B482B0BDF80C10ADF800109DF80E10CF
:104FC0008DF80210009A4C2104B000F06FB80A4628
:104FD000482100F06BB80A46072100F067B803B417
:104FE00082B0BDF80C10ADF800109DF80E108DF8D1
:104FF0000210009A392104B000F058B80A463A214C
:1050000000F054B80A463B2100F050B80A46382157
:1050100000F04CB870B50C46054600F02CF821465F
:10502000284600F02CF82146284600F030F82146AA
:105030002846BDE87040AFF300800A46112100F019
:1050400035B80A46152100F031B870B50C46054652
:1050500000F019F821462846BDE87040FFF7F1BF7F
:1050600070B50C46054600F006F821462846BDE816
:10507000704000F004B80A46122100F017B80A4642
:10508000132100F013B80A46142100F00FB80A46A5
:10509000102100F00BB870B50C460546FFF7F7FF7E
:1050A00021462846BDE87040FFF7C7BF2DE9F04113
:1050B00016460D460446FFF733FE00280DD10DB904
:1050C000EDF704FB236863B1207A03EB800106E06F
:1050D0000A5CAA4203D143F82060BDE8F081401E7B
:1050E000F6D5207A401C00EB80011846FEF778FECA
:1050F0000100F2D02160207A01EB800202E0171853
:10510000135C3B71401EFAD5207A401CC2B201EB01
:105110008200401E22721554207A01EB800040F874
:10512000046CA8081E2800D91F2001226168824053
:1051300011436160D1E70A460C21FFF7B7BF03B402
:1051400082B0BDF80C10ADF800109DF80E108DF86F
:105150000210009A782104B0FFF7A8BF0A4679210F
:10516000FFF7A4BF0A467621FFF7A0BF03B482B0C1
:10517000BDF80C10ADF800109DF80E108DF802105F
:10518000009A3D2104B0FFF791BF0A464121FFF785
:105190008DBF0A463E21FFF789BF0A463C21FFF733
:1051A00085BF0A465E21FFF781BF03B482B0BDF818
:1051B0000C10ADF800109DF80E108DF80210009A3A
:1051C000582104B0FFF772BF0A465A21FFF76EBF9D
:1051D0000A465C21FFF76ABF0A466B21FFF766BFEC
:1051E0000A466A21FFF762BF0A466821FFF75EBFE1
:1051F0000A460121FFF75ABF2DE9F0471546DDE9C0
:1052000008890F461E46044614220021F9F7CDFCFA
:10521000276005B9034DC4F80490083484E86001A0
:10522000BDE8F0872114010800684FF0FF31C1622A
:10523000FCF706BCC162FCF703BC10B54FF0FF30B1
:10524000C86200200C4681F8300010212046FDF78E
:105250007FFB08212046F9F763FF2046BDE8104098
:105260004FF48061F9F75CBF08460021ECF74AB8BB
:105270002DE9F04789463448FAF716FF012859D13D
:105280004846F6F7A7F804464846F6F7AEF88046D3
:105290001B2C08D0232C4FD01D2C4BD14846BDE8E9
:1052A000F047E5F7F7BA4FF440363146FBF71AFE00
:1052B000074631464046FBF730FE0546314640463C
:1052C000FBF74FFE044631464046FBF7E7FDAF4291
:1052D00001DD394600E02946A04201DD024600E03A
:1052E0002246914205DDAF4201DD384604E0284602
:1052F00002E0A04200DC2046841C31464046FAF71A
:105300002BFA05194846F6F7C6F804460068A84285
:1053100000DD054625604FF4003529464046FAF782
:105320001BFA01462068814203DB29464046FAF712
:1053300013FA2060BDE8F08700F008F84046BDE8A9
:10534000F047FCF77DBB000024D10408F0B599B00C
:10535000060001D1EDF7BAF9304600216722FBF7CC
:1053600009FE070039D03046FBF76CFCF46A00F008
:105370000100611C4FF4807501D038B905E008B117
:10538000002403E02C46002503E00025601B0028D4
:1053900001DD601B00E0281B7843070A002130462E
:1053A000EBF7B0FF6846EBF7EBFF31466846ECF7EA
:1053B000AAF80B496846ECF790F82A462146684659
:1053C000ECF79BF807496846ECF778F839466846E9
:1053D000ECF77BF86846ECF7B7F819B0F0BD0000C1
:1053E000355202082952020810B50120C86208632C
:1053F0000C460420F9F796FAE063206B8000F9F779
:1054000091FAA063E16B82200860A16B0860D4E987
:105410000B1048438100606BFEF7E2FC00216063E3
:1054200001604FF6FF706064206410BD70B5002508
:105430000C462E4614E000BF50F8250078B14068B5
:1054400028B1F6F773FB606B50F825004660606B7F
:1054500050F82500F6F76AFB606B40F825606D1C7C
:10546000D4E90B014843A842606BE5D808B1F6F7D0
:105470005DFBA06B08B1F6F759FBE06B002803D089
:10548000BDE87040F6F752BB70BD00002DE9FC414D
:105490000F466C48FAF708FE012841D13846F5F767
:1054A00099FF05463846F5F7A0FF0446322D14D083
:1054B000342D17D0012D35D0022D33D04FF6FF7685
:1054C0000B2D44D0132D61D0112D63D01D2D27D16C
:1054D0003846BDE8FC41E5F7A3BABDE8FC41002130
:1054E00003F050BF3846F5F7D6FF034600210846C3
:1054F000E26A04E0E56B55F82050401C29448242E2
:10550000F8D800221046256B04E0A66B56F8206000
:10551000401C32448542F8D8491E521EC3E900128D
:10552000BDE8FC8101AA6946E7F715F90128F7D122
:10553000216C0198814203D1616C009A9142EFD0B5
:105540002064009920466164FCF77AFAE8E7FCF7EA
:1055500077FAF7F7B1FBF7F78CFD216CB1420AD06F
:10556000616CB14207D030B9002223212046FDF7FB
:10557000C6FC0128D4D1F7F79FFBF7F78AFD012875
:1055800001D00328CCD126646664C9E7BDE8FC419C
:10559000FCF756BA3846F5F77EFF0568216C606C5B
:1055A0000F468446B14201D0B04207D100202064AA
:1055B0006064204607F0A6FD2046E7E7E36A8B42D9
:1055C00000DC0021226B824200DC0020142D0ED072
:1055D000132D0ED0112D0ED0122DA1D1401C8B42B7
:1055E0000DDC511E814208DD0021401C0EE0491EE9
:1055F000F5E7491CF3E7401EF1E7591E06E00029D4
:1056000004DA10B1591E401E00E00021824201DC84
:10561000501E02E0002800DA00208F4201D18445AC
:1056200094D0C4E910102046FCF70AFA204607F08F
:1056300069FD02B02046BDE8F04100222321FDF7BC
:105640005EBC000048D104082DE9F04190460C46AC
:10565000050015D0FFF7DAFA0A4F06462146BA6868
:10566000284690470446BA682819414690470146A3
:10567000701A03E06218AA5C2A55641CA042F9D291
:10568000BDE8F08114CC04082DE9F041094D9046A5
:105690000E466A681C46074619469047306020B19E
:1056A00020686A68384400219047C8F80000BDE8C7
:1056B000F081000014CC04082DE9FF4F87B00446A8
:1056C000DDE91558DDF8509093460E46002005B1EF
:1056D000286054B1217841B1BBF1000F05D00027FB
:1056E0005FEA88711AD0002004E000200BB0BDE80A
:1056F000F08F401CB04206D2215C0A2903D00D294C
:1057000001D00029F5D1B04202D2215C01B1401C88
:10571000002DEBD04FF0FF312960E7E75FEAC87159
:1057200001D06FF0604982468DF81000039023E0AD
:10573000404609B948F0040005AACDF814A0CDE907
:10574000000204A90398029120444B4659460A9A44
:1057500000F034F80599A9EB01090F44A0B10399B1
:105760000144039120780A280ED00D280CD0605CEB
:105770000A280FD00D280DD00399B14204D2605CE5
:1057800010B1B9F1000FD3DC039830B105B12F602F
:105790000398ABE7481C0390F6E7074A03A92046A5
:1057A000526890470146002DF2D000225846F6F785
:1057B0006CF90746EBE7000014CC04082DE9FF4F15
:1057C00083B05FEA0009DDE910B67DD099F80000EA
:1057D000002879D0049800287CD05FEACB7002D0F2
:1057E0006FF0604006900024434A009401940294B4
:1057F0005268254627464FF0FF386946484690478D
:1058000082460098019057E03B4A01A948465268F9
:1058100090477F1C02905FEA0B7004D551461298A6
:1058200000F05DF9B0BB5146029A0498F6F72DF9E5
:105830000544002801DD05980544B8F1FF3F08D173
:105840000598291A0698814203DDA0465FEA4B704D
:1058500036D45046BAF10A0F14D0BAF10D0F11D058
:105860000146002005E025A2125C8A420AD0401CB5
:10587000C0B222A2125C002AF5D1029800F006F90B
:1058800068B908E024B9B8F1FF3F01D106B135602D
:105890007F1E15E00BE0504600F0F8F810B13560BF
:1058A000009C0DE01EB1B8F1FF3F00D13560DDE98D
:1058B0000040DDF808A0009019F804000028A3D1EA
:1058C000B8F1FF3F09D001E014E003E05FEA4B705C
:1058D0000DD5404607B0BDE8F08F2FB1BAF10D0FDE
:1058E00003D102980A2800D1009C2046F2E70EB1AD
:1058F000002030600020EDE714CC0408202C2E3B63
:105900003A2D5F295D7D00002DE9FF4F85B00446EB
:10591000DDE9129B4FF00000DDF850A020600E0082
:10592000606048D00798002845D05FEACA7001D06F
:105930006FF0604B0025A8460798F6F7DEF887B2AF
:1059400024E000227019CDE902A0CDE900B2511E79
:10595000DDE90723FFF7B0FE8044606807EB09012B
:105960000144B1F1004F26D2384448446060CDF87C
:1059700000A0DDE90723A8EB0501039800F020F85B
:105980002168814200DB084645462060705D0028A2
:10599000D7D15DB1701910F8010C0A2801D00D287B
:1059A00004D1616807EB090008446060606828B1B1
:1059B000A0EB0900606009B0BDE8F08F6760FAE70E
:1059C0002DE9FF471F46DDF8309090460E46050052
:1059D0000CD0B8F1000F09D02878002807D000209B
:1059E000044602908DF80C00DEB922E0002004B0DD
:1059F000BDE8F08702AB01AA69462846FFF744FEDE
:105A00005FEA097004D503A8009900F068F840B96E
:105A1000DDE900124046F6F738F8002801DD2044A1
:105A2000C4190298295C09B1B042E3D3002C00DD0F
:105A3000E41B2046DBE700002DE9F04117468846CD
:105A400006001ED0002F1CD0FFF7E0F804463846B1
:105A5000FFF7DCF8050014D00B4A2C44414692684D
:105A600030469047411903E0621BB25C3255641E18
:105A7000A142F9D930442A463946BDE8F041F8F749
:105A8000D9BFBDE8F081000014CC0408002823D061
:105A9000A0F59C41B1F5A44F1DD36FF47F410144A3
:105AA0005D2918D9A0F540513F2914D9A0F53A51E4
:105AB0007F2910D9A0F547512F290CD9A0F54151C4
:105AC000BF2908D9A0F57E4110390F2903D9A1F1CA
:105AD00020001F2801D801207047002070470023B4
:105AE0000278232902D122B1022A04D0012A04D04B
:105AF00008E0012104E0002102E0202901D1022177
:105B00000170012318467047202822D3A0F5C061F8
:105B10001C391ED0A0F588515F391AD0B0F58B5FC3
:105B200017D0A1F2AC61032913D9A1F500610429B2
:105B30000FD91D3907290CD93739102909D9A0F5F2
:105B40007E41FF3905D0A0F57841FF3901D0002012
:105B50007047012070472DE9F0410D460746024687
:105B600000212B46084601F0D1F80446401CF8F706
:105B7000D9FE060007D02B463A46611C01F0C6F854
:105B80003046BDE8F081ECF7A1FD0020F9E710B543
:105B90000146802825D3002301F03F0242F0800215
:105BA000B1F5006F0AD2C0F3841141F0C00161F376
:105BB000070062F30F2063F3174010E0C1F3851470
:105BC00044F08004B1F5803F0CD2C0F3033141F0C2
:105BD000E00161F3070064F30F2062F3174063F301
:105BE0001F6010BDB1F5881F10D2C1F3824343F08E
:105BF000F003C1F3053163F3070041F0800161F365
:105C00000F2064F3174062F31F6010BD002010BD29
:105C10002DE9F04100240F4606462546DFF8248092
:105C200007E0D8F800103019884700B90120044473
:105C30006D1CBD4202D2305D0028F2D12046BDE885
:105C4000F081000014CC0408F8B5074600200D468A
:105C50000446064E009004E0726869463846904754
:105C6000641C0098A842F7D32046F8BD14CC040861
:105C7000F8B500240546074E009404E072686946B2
:105C800028469047641C0098285C0028F6D12046DE
:105C9000F8BD000014CC040878B500250346009533
:105CA00001B96946DBB30A68985CC0B3040601D445
:105CB000054635E006260224B6EB501F06D1C00685
:105CC000400D24E003F03F031D1829E00E26B6EB3B
:105CD000101F02D10007000C0FE01E26B6EBD00FFC
:105CE0001ED1521C0A6040079D5CC00AB4EB951F90
:105CF00013D105F03F0500EB0530521C0A609D5C96
:105D0000B4EB951F09D105F03F0500EB8510521C3F
:105D10000A609B5CB4EB931FD4D0002078BD01E0F7
:105D2000521C0A602846F9E7F8B5074608680025BE
:105D3000401E0C460D4E086001E0042D13D2206871
:105D400031683844884718B9216861B1491E21601B
:105D50006D1CEDB20028F0D0206800907268694692
:105D600038469047F8BD0020F8BD000014CC040868
:105D70000078010601D4012070470621B1EB501FC5
:105D800001D1022070470E21B1EB101F01D1032079
:105D900070471E21B1EBD00F01D1042070470020C5
:105DA000704700002DE9FF470D46040001D1ECF7D4
:105DB0008DFC94F87000000703D50A2D31D00D2D0D
:105DC0002FD00027CDE90057E946494620460395E4
:105DD000E9F7C2FD012824D1DFF8D480002103A80F
:105DE000D8F8002090470646216C2046254639B158
:105DF00000F00EFB2F4909688847296C884210D2B1
:105E0000E86B80B1007870B10297474604E03A68C9
:105E100002A99047B04206D0E86B0299415C002984
:105E2000F5D1BDE8FF8794F87000400702D5204601
:105E300002F052FA206B38B1E06AF7F7A3FF00785E
:105E400010B92046FBF7FCFD4A46E16CE06AF7F723
:105E5000AFFF204600F0ACF894F8700040071AD568
:105E6000606BFEF7D3FE05464846FEF7CFFE2918C5
:105E7000491C606BFDF7B4FF606320B9ECF726FCAA
:105E8000606B0028CDD04A46E16C606BFFF7D4FD13
:105E90002046E0F7A7FC204600F083FA411C20468C
:105EA00000F0C6FA002223212046FDF728F8B8E7C3
:105EB00018CC04082CCC0408F8B50D46040001D118
:105EC000ECF704FC0DB9ECF701FC94F87000400706
:105ED00002D5204602F000FA204600F05BFA18B91D
:105EE000204600F065FA98B100202E4E2E4F00900B
:105EF00009E0326869462846904739688847014674
:105F00002046FFF74FFF0098285C0028F1D1F8BD2C
:105F100029462046E9F720FD0128F8D1206B38B149
:105F2000E06AF7F72FFF007810B92046FBF788FDED
:105F30002A46E16CE06AF7F73BFF204600F038F8AC
:105F400094F8700040071AD5606BFEF75FFE0646B6
:105F50002846FEF75BFE3118491C606BFDF740FFD9
:105F6000606320B9ECF7B2FB606B0028CFD02A4603
:105F7000E16C606BFFF760FD2046E0F733FC2046E4
:105F800000F00FFA09490646284609688847311883
:105F9000204600F04DFA2046BDE8F84000222321BB
:105FA000FCF7ADBF18CC040820CC04082CCC0408A6
:105FB00070B5040001D1ECF789FBE06AF7F7F0FE59
:105FC0004FF6FF75A84204D1E06AF7F7E2FEA84257
:105FD00009D02946E06AF8F7E2FA2946E06ABDE806
:105FE0007040F8F7D0BA70BD10B591F870000C464B
:105FF00020F0040081F8700000204863886340F2BC
:10600000DC51E063C4E9100194F8641041F001012F
:1060100084F864100121E16494F8641041F00201F5
:1060200084F86410A06494F8701021F00A0184F8D8
:106030007010E06220632046F7F744FCE0626420C1
:10604000FDF76CFC0146E06AFDF785F911A1E06AF5
:10605000F8F74CFA002332220F49E06AF9F74BF8BF
:10606000002331220C49E06AF9F745F84FF48061CA
:106070002046F9F755F84FF400612046FCF768FC1C
:106080000021204600F0D4F92046BDE8104007F07A
:10609000B3BA000000000000AB0D01087CB504009D
:1060A00001D1ECF713FB204600F07BF901466A466C
:1060B000E06AF7F79FFD00212046FBF7AAF80546A6
:1060C00000212046FBF78DF8F5F717FD01996D1CAF
:1060D000084428440190A06C0090E06AFAF7C3F8E5
:1060E000019988420ADD01226946E06AF7F7A8FCB7
:1060F00001462046A56C00F09BF9A5647CBD10B557
:10610000040001D1ECF7E2FA204600F04AF9002839
:1061100005D0411E2046BDE8104000F089B910BDF1
:1061200010B5040001D1ECF7D1FA204600F039F99E
:10613000411C2046BDE8104000F07AB97CB504004F
:1061400001D1ECF7C3FA204600F02BF901466A466C
:10615000E06AF7F74FFD00212046FBF75AF80546A5
:1061600000212046FBF73DF8F5F7C7FC01460198F2
:106170002944401A401C0190A06C009001226946FD
:10618000E06AF7F75DFC01462046A56C00F050F987
:10619000A5647CBD38B5040001D1ECF797FAE06C3A
:1061A000002844D022A06946006800902046E9F704
:1061B000D3FB01283BD1E06AF7F7E4FDE16C05462B
:1061C0000122491EFFF740FA2946E06AF8F78EF9E6
:1061D0002046FFF7EDFE206B38B1E06AF7F7D2FDFD
:1061E000007810B92046FBF72BFC94F870004007AC
:1061F00013D5E16C0122491E606BFFF725FA606B35
:10620000FEF704FD411C606BFDF7EAFD606320B9F9
:10621000ECF75CFA606B002809D0E16C2046491E5F
:1062200000F006F9002223212046FCF768FE38BD65
:106230007F00000070B5050001D1ECF747FA284651
:1062400000F0AFF80446411C284600F0F1F828465B
:1062500000F0A7F8A04204D02846BDE87040FFF740
:1062600099BF70BD70B5486B0C46002510B1F5F7AD
:106270005DFC6563A06B10B1F5F758FCA563206B5E
:10628000002802D0F5F752FC256370BD70B50E46AC
:106290003F48F9F709FF012879D13046F5F79AF818
:1062A00004463046F5F7A1F80546132C12D0112C00
:1062B00014D0012C61D0022C5FD0032C5DD00B2CAC
:1062C0005BD01D2C5ED0202C61D13046BDE87040E3
:1062D000E2F7F0BCBDE8704007F08EB93046F5F744
:1062E000DAF80468132C10D0142C13D0112C16D00B
:1062F000122C19D0082C1CD07F2C1FD0022C22D09D
:10630000032C22D00A2C27D031E02846BDE870406B
:10631000FFF706BF2846BDE87040FFF7F0BE2846ED
:10632000BDE87040FFF70ABF2846BDE87040FFF7A0
:10633000B5BE2846BDE87040FFF72CBF2846BDE833
:106340007040FFF777BF002101E047F6FF71284654
:10635000BDE8704000F06CB8284600F030F830B16D
:106360002846BDE8704000222621FCF7C8BD214622
:106370002846BDE87040FFF715BD3046BDE87040C7
:106380000BF0DABE3046BDE87040E4F781BD70BD69
:106390006CD1040810B5040001D1ECF797F9E06B5B
:1063A00010BD10B5040001D1ECF790F9E06C10BD00
:1063B00010B5040001D1ECF789F9206C10BD10B5BF
:1063C000040001D1ECF782F994F87000C0F3C0002A
:1063D00010BD000010B588B0040001D1ECF776F9CB
:1063E000A06B00280BD100212046FAF7FAFE00230B
:1063F00042F222026946F5F786FA10B102A008B00F
:1064000010BD02A0FBE70000E280A2002A0000000D
:1064100010B5040001D1ECF759F994F87000400769
:1064200004D4E06ABDE81040F7F7ACBC606B10BD67
:106430007CB50C46050001D1ECF748F9E86CA042A8
:1064400063D0E86AF7F79EFC304909688847002C5A
:1064500000DA0444844203DCA4F5FE41FF3900D194
:1064600004462846EC64FDF7E1F900212846FAF7D6
:10647000B8FE06466A462146E86AF7F7BBFB304697
:10648000F5F73BFB04462846FAF780F80199884265
:1064900003DD01222846FCF7FBFC2846F9F776FECF
:1064A00006462846FAF772F801992144081AB042C4
:1064B00006DD01980122801B01192846FCF7E8FC43
:1064C0002846F9F799FF0099884203DD0122284602
:1064D000FCF7CAFC2846F9F76EFE06462846F9F78F
:1064E0008BFF00992144081AB04206DD0098012272
:1064F000801B01192846FCF7B7FC00992846A964BF
:1065000007F07AF8284602F0B1FC7CBD2CCC0408D8
:1065100070B5054600F0AFF8040008D02846FCF737
:1065200043FB29462046BDE87040DDF7FCBE70BD48
:1065300000B500F085F8002802D00248D0F8C80164
:1065400000BD000078B500202DE9FF4782B09A46D3
:1065500007460E9E00F074F8374C28B94FF4397096
:10656000F8F70EFAC4F8C801D4F8C84167B1384644
:106570008146EEF779FA80464846EEF797FAB0F58D
:10658000A07F04DC032508E0EEF768FAF0E7B0F539
:10659000347F01DA022500E0012594F83C0008B3BD
:1065A000E16A41451ED194F82800A8421AD1039906
:1065B0002069EDF7C5FEA8B1B4F81300ADF80000EE
:1065C000607D8DF8020004990098EDF7B9FE48B19E
:1065D000616A514506D1A069B04203D106B0204698
:1065E000BDE8F08784F82850C4F80C90C4F82C80DB
:1065F000BDF80C0020829DF80E00A074BDF81000BC
:10660000A4F813009DF812006075A6610B48E661BE
:106610002060C4E9086A204607F052F827B13846DE
:10662000EEF7B4FAA04202D10020FCF7C3FA012031
:1066300084F83C00D2E7000078B50020BDEA0208EB
:106640000348D0F8C801002801D090F83C007047FA
:1066500078B5002008B500F00EF808B1006902E036
:106660001120FDF745F90090BDF800009DF80210DB
:1066700040EA014008BD10B510B1F9F7BFFD01E0D7
:10668000EEF7ECF9BDE81040EEF780BA10B580687F
:106690000CF0E2F9012010BD7CB5DDE90645C0E94A
:1066A000003500F10803CDE900230346C4F38F024F
:1066B00003480DF015F8012800D000207CBD000033
:1066C000858002080021416001600120704710B5FB
:1066D00001F012FA012010BD70B5044601F00CFA69
:1066E0000CF0BCF80020A568A0604DB10CF0D6F805
:1066F00000230222194628460DF04AF8012070BDF9
:10670000012060600CF0CAF8F8E770B50446012675
:1067100001F0F2F90DF0ACF805460CF09FF80021FD
:106720006068616018B10CF0B9F8304670BDA560C2
:106730000CF0B4F84FF0FF3101200BF01DFCF4E732
:10674000401A704710B5044600F002F8001B10BD57
:106750000649D1F8C000B83100B1004708680122ED
:106760000A710B79002BFBD07047000078B5002030
:106770000449002281F8BC2051F8B82F1044086069
:106780007047000078B5002010B518210348F7F7CE
:10679000E2FFBDE81040012000F040B8ECB5002059
:1067A0002DE9F041074615460E461248F7F7DBFF84
:1067B00004001AD0A7604FF0FF30266020616069A6
:1067C00020F001006061FFF7C3FFE5606060606971
:1067D000084940F0020060617439012081F88300AB
:1067E00000F0DEF82046BDE8F081EBF76FFF0020F7
:1067F000F9E70000ECB5002010B504460146064854
:10680000F8F756F804490120743981F882002046CF
:10681000BDE81040F5F78AB9ECB50020034900281F
:1068200081F8800001D000F0BBB8704778B5002037
:1068300070B50446007DC00701D0002070BD002562
:10684000204600F0DEF868B92569002D01DD681EDC
:106850002061FFF77DFF6060A16811B10DB1204696
:1068600088470125084890F8820050B9206940B94E
:10687000207D8007204602D5FFF7BEFF01E000F033
:106880009DF8284670BD000078B50020044A18B174
:1068900001461046F7F754BF1046F7F73FBF000018
:1068A000ECB50020007D00F0010070472DE9F047B5
:1068B0003A4C94F88800743410B10120BDE8F08798
:1068C00001212175207B002538B1F8F725F8FFF765
:1068D0003FFF5FEA000802D00BE02575EDE72F4887
:1068E000D0F89810491CC0F89810642901D9C0F854
:1068F0009850A146A573E5734846F7F70FFF064683
:1069000015E031464846F7F71BFF07463046FFF7CC
:106910008FFF58B1E07B08B9A07B38B1002EE9D1D8
:106920004FF0FF364846F7F7F9FE10E03E46002EDE
:10693000E7D1F5E7387DC00705D1384600F061F8AA
:10694000B04200D2064639464846F7F7F9FE07003E
:10695000F0D14046FFF7F6FEE1690844E061206AA5
:10696000FFF7F0FEB0F5FA7F11D3E16964225143DD
:10697000B1FBF0F0C0B26073642801D9002001E0DF
:10698000C0F164006073E561FFF7E2FE20622661FA
:10699000257500F08FF9304690E7000078B50020AB
:1069A00005480021C0F88410D0F89C10002902D0BE
:1069B000D0F8A0000847704778B5002010B5040053
:1069C00001D1EBF783FE606940F00100606110BD0A
:1069D00010B5040001D1EBF779FEFFF7B9FE21688D
:1069E000401A401E606010BD10B5040001D1EBF7E5
:1069F0006DFE606920F001006061BDE81040FFF7A6
:106A0000CFBF10B504464068FFF79CFE2168814265
:106A100001D8002010BD081A10BD70B50346083A11
:106A20000C4602F00300111AA00705D1A1F10C00D9
:106A30004FF6F572904201D3002070BD2078251FDB
:106A400000F00300084320F0020040F00101216043
:106A500029461846E0F70FF92846E0F744F901798E
:106A600002214160204670BD002118B150F8040C8D
:106A700020F003010846704770B5810701D000205F
:106A800070BD00238060C0E90303194600EB81025A
:106A900000EBC1145361002204EB8206521CF06328
:106AA000202AF9DB491C0A29F0DB70BD70B50C46C1
:106AB0000546FFF7E1FF0646A4F23C5205F23C51C1
:106AC000FFF7ABFF304670BD2DE9F041002741B321
:106AD000A1F1080406462079C00701D0EBF7F6FDC6
:106AE00020466768E0F75AF92079800711D52568B4
:106AF0000DB9EBF7EBFD2879C00701D1EBF7E6FD07
:106B000029463046E0F7B9F921462846E0F795F8DE
:106B1000044621463046E0F75BF901463046E0F78F
:106B2000AAF83846BDE8F08100F23C50704770B5D5
:106B30000A46054604211046DCF7FEF804460146E5
:106B40002846E0F7D6F8014622462846BDE87040C0
:106B5000E0F769B92DE9F05F90460C0081464FF0EF
:106B600000053BD0B8F1000F34D0A4F10805284649
:106B7000E0F74BF982466868042120F00307DAF851
:106B8000040020F00300384400F1040B4046DCF719
:106B9000D3F80646B84500D92EB32879C00701D0EE
:106BA000EBF794FDBE4221D99AF80400C00701D04A
:106BB0005E451BD941464846FFF7B9FF05003AD06C
:106BC0004046474500D307463A4621462846F7F750
:106BD00031FF21464846FFF777FF2CE01146FFF7CB
:106BE000A6FF054627E00020BDE8F09FBE4206D97B
:106BF00029464846E0F7ECF82846E0F7DCF8287923
:106C00004F46C00701D0EBF761FD31462846E0F75B
:106C100028F878B131462846E0F740F90146406847
:106C200020F0020048603846E0F7D2F801463846C6
:106C3000E0F721F825462846D6E75A3000B200F0A2
:106C400001B8000003E000BF00F5B47000B20028F6
:106C5000FADB4FF4B471884203DBA0F5B47000B2E4
:106C6000F9E713495A2802DA31F8100013E0A0F1CD
:106C70005A025A2A03D2C0F1B40000B2F4E7A0F1DC
:106C8000B4025A2A01D210B202E0C0F5B47000B2C8
:106C900031F810004042A0F5FE41FF3905D047F61B
:106CA000FF71C84200D1401E70474FF4004070474A
:106CB00078C704080148F8F713BA00007CB7002031
:106CC0002DE9F0471E4614460D468246DDF8209019
:106CD00015E000BF4FEA540808FB065739465046F6
:106CE0004A469047002808DD44F30000C0EB5404F6
:106CF00007EB0605A4F1010401E005DA4446002C87
:106D0000E8D12046BDE8F0873846FBE708B5009398
:106D100013460A460146024800F004F808BD000088
:106D2000912C00082DE9FF4F89B005460A980024F0
:106D30009246002800D1FE4D90E1252804D022463D
:106D4000641C53460A990AE2491C4FF000080846A1
:106D50000C9101782B2919D004DC202919D0232982
:106D600004D119E02D290ED0302909D00026C8B24F
:106D7000DBF771FEB0B10CA8DBF72EFE06461FE074
:106D800048F001010AE048F0020107E048F0040180
:106D900004E048F0080101E048F01001401C88467A
:106DA0000C90D6E70C9908782A2809D1169840C883
:106DB0001690002E02DA48F002087642491C0C9127
:106DC0000C984FF0000B01782E2919D1401C0C9023
:106DD00048F480680078DBF73EFE20B10CA8DBF7B2
:106DE000FBFD83460CE00C9801782A2908D1169AFD
:106DF00002CA1692002900DC0021401C8B460C9030
:106E00000C9801786C290AD004DC68290FD06A2913
:106E100019D128E0742929D07A2914D126E0401C00
:106E20000C90017848F480786C291CD00BE0401C51
:106E30000C90017848F08008682904D148F040019E
:106E4000401C88460C9002460078692822D015DC48
:106E500062281FD00DDC252871D050281AD0582860
:106E60007FF46DAF16E048F40071E9E748F48071F3
:106E7000E6E7632878D06428F2D10BE0732874D059
:106E800004DC6F2806D07028EAD103E0752801D011
:106E90007828E5D178280DD058280BD070280BD051
:106EA000502809D06F2816D0622816D00A2128F061
:106EB000100016E0102107E05078102148F488787F
:106EC000562804D1521C0C921078582807D01078FC
:106ED000502804D006E0082109E0022107E048F02C
:106EE000200080461078692803D0642801D028F05B
:106EF0000C085FEA485001D528F00108107869288D
:106F00001ED064281CD0562865D05FEA885073D5FF
:106F1000169804ABC01D002283E806080292CDE952
:106F2000076820F007005346F0E80212CDE900128E
:106F30001690224628460A99DBF76AFE8AE009E1A4
:106F40005FEA885024D5169804AFC01D20F00703CF
:106F5000F3E802021693002387E80A08CDE90768E0
:106F6000002A03DA012102E081E0A8E000210023E9
:106F7000029119461B1A914101DA114603E00021E2
:106F8000404261EB020153462246CDE90001D1E7C0
:106F90005FEAC85004D5169A01CA0FE0404215E0D6
:106FA0005FEA486003D5169A12F8040B06E05FEA20
:106FB0000860F0D5169A32F8040B00B21692CDE9AB
:106FC000021BCDE90468C10F0028E7DD53462246C5
:106FD000CDE900013AE01698AAEB040202C8169027
:106FE0004868006800900A980B6801192846FFF766
:106FF00099FE04442FE0FFE75FEAC8500CD5CDE9C5
:10700000021BCDE9046816980021534604C8CDE957
:1070100000211690224619E05FEA486003D51698D1
:1070200010F8042B08E05FEA0860169803D530F8E2
:10703000042B92B200E004C816900020CDE9002095
:10704000CDE9021BCDE904685346224628460A9939
:10705000DBF79EFD04460C98401C0C900C990878B8
:1070600000287FF46AAE54457BD222467BE001279C
:107070005FEA887006D509E02246641C534620204A
:107080000A99A84738467F1CB042F5D31698224685
:10709000641C10F804CB1690534660460A99A84722
:1070A0005FEA887006D4D6E72246641C5346202047
:1070B0000A99A84738467F1CB042F5D3CBE716980B
:1070C00050F8049B1690BBF1000001D0014601E08E
:1070D0004FF0FF314846FDF7C6FD07465FEA4850CE
:1070E00003D558465F4500D307465FEA887006D54A
:1070F00012E02246641C534620200A99A8473846CD
:107100007F1CB042F5D307E0224609F10109641C57
:10711000534660460A99A84799F800C0BCF1000F91
:1071200005D05FEA4850EFD5BBF1010BECD201E08E
:10713000992C00085FEA887006D48CE72246641C0C
:10714000534620200A99A84738467F1CB042F5D301
:1071500081E706E02246641C534625200A99A84789
:1071600079E7AAF10102534600200A99A8470DB019
:107170002046BDE8F08FD9F771FEDBF779FADBF72F
:10718000E3F8DBF7B9F8DBF7FDF8DBF71DF900F002
:1071900073FADBF7C7F800F081FAFEE72DE9F0415A
:1071A0004FF480740E4607462246ECF762FA054615
:1071B00021463846EBF7A6FF002D06D02246314681
:1071C0003846BDE8F041ECF767BABDE8F08170B52C
:1071D00015460E460446802805D2E117002004EB30
:1071E0009171891006E008F0E6F8411FCC4084F068
:1071F0002001801F3060296070BDFD2902D2022964
:1072000001D80020704710FB01F000EBC01101EB2A
:10721000C030C0F3C75070472DE9F047F4F7E5F8E8
:107220000746F9F77FF88146F9F77CF88046ECF7D6
:1072300033FC0468C4F307456E1E0C2E01D3EBF734
:1072400045FA00214846F8F745FFB84209D1012D1B
:1072500002D066F3174409E00C2060F31744601E67
:107260001FE00C2D19D06D1C65F31744C4F30742C1
:10727000A1B215460C464046ECF716FC01214846E3
:10728000F8F728FF0849224601EB850151F8043C34
:10729000BDE8F04705A1F7F76DB9012060F3174489
:1072A000601C60F30F04E1E7EC0100202564202559
:1072B0007300000070B50546F4F797F804462846B9
:1072C000F4F7F9F805462046F3F718FE0446284679
:1072D000ECF7E2FB0088641C81B2E2B22846BDE80C
:1072E0007040ECF7E1BB000070B50D460021284668
:1072F000FAF706FD00212846FBF746FE002302228E
:1073000019462846FBF728FE2846EBF7D3FE06462B
:10731000002229A1FBF78CFF6420FCF7FFFA01464D
:107320003046FBF749FE3046FCF780FA3046F8F766
:107330009AFF044601463046FCF70DF800230A2266
:107340001E493046F7F7D7FE04213046FBF700FB15
:107350002846F6F7B7FA06460321F7F795F8002214
:1073600002213046FBF7C9FF01213046FBF718FE2A
:107370002846EBF79FFE0646002211A1FBF758FFB7
:10738000224611463046FBF709FF00230A220B492B
:107390003046F7F7B0FE04213046FBF7D9FA002358
:1073A000232208492846F7F7A6FE2846BDE8704084
:1073B00000222321FBF7A3BDEF819300197202087D
:1073C000EF819400F92C03082DE9F0410F4608469F
:1073D000F8F7A8FF044600213846FAF791FC00218F
:1073E0003846FBF7D1FD3846F3F7C2FC164D06468A
:1073F0006968F3F71BFF2346232214493046F7F749
:107400007AFE01213046FBF7CBFD3846F3F7B0FC9E
:1074100006462968F3F70AFF234623220C49304623
:10742000F7F769FE01213046FBF7BAFD002323225E
:1074300008493846F7F75FFE3846BDE8F0410022BC
:107440002321FBF75CBD00001C020020713C0308F7
:10745000B5720208452D0308002902D00068091DF5
:1074600042507047002901D000684250704738B53B
:107470001D4603461069C8B1826C144619B11846FE
:10748000FBF7CAFF0446E2B2C4F30721C4F3074086
:10749000ECF7CEFF220E2946ECF7D5FF0090BDF8A1
:1074A00000009DF8021040EA014038BD1846F9F787
:1074B00085FDE7E72DE9F0410446408DC10419D46C
:1074C00040F480506085002229212046FBF717FDFB
:1074D00060B1A06810B10830F4F728F80021204608
:1074E000F8F7F8FD40B1FFF7E5FFF7E7608D20F40E
:1074F00080506085BDE8F0812046F8F7AAFE064678
:107500000020F5F78DFD0546002731E0F5F7C1FDB8
:10751000012801D003281BD1D5F8D000A04207D004
:10752000D5F8D400A04203D0D5F8D800A04203D1AA
:107530002146284600F080F8D5F8DC00A04201D1B1
:10754000C5F8DC70D5F8E000A04201D1C5F8E070C4
:10755000D5F82001B04207D1F5F752FDA04203D182
:107560002146284600F068F82846F5F759FD0546FB
:10757000002DCBD121462F48EBF7AAF80128F9D0EE
:107580002046F8F7ADFA606804260028204602D0AD
:10759000F8F784FE32E0F8F731FE05460020D5F812
:1075A000D822D5F8BC1204E051F82030A3420BD009
:1075B000401C8242F8D807E0D5F8BC1206EB8002E6
:1075C0008A5841F82020401CD5F8D812491E814223
:1075D000F2D8D5F8D802401E8100C5F8D802D5F8F7
:1075E000BC0205F52F75FCF7FBFB28601CE0116859
:1075F00006EB80028A5841F82020401C616880B266
:107600008A68118E491E8142F1DC60688068008EB4
:10761000401E81B211866068890080680068FCF7AE
:10762000DFFB6168896808602046BDE8F041F4F737
:107630007DBA0000CDFA010870B50C460546F5F795
:1076400024FD10B12846F6F721F821462846BDE86A
:107650007040F5F7B3BDC9B20022FBF730BE10B5DC
:10766000EFF3058111B16FF0050403E0002408B1C8
:107670000BF0CCF9204610BDEFF3058010B16FF090
:10768000050070470448016811B14FF0FF307047A2
:1076900001210160002070478C01002010B5EFF33C
:1076A000058010B16FF0050010BD08480168012980
:1076B00002D04FF0FF3010BD054A002182F8141DA2
:1076C000022101600BF09AFA002010BD8C0100200D
:1076D0000BE000E02DE9FF414FEA01034FF0000508
:1076E000EFF30581039549BB40B38027182100249F
:1076F0004AB3166806B1344696691EB13146761E05
:10770000382E02D21679F60703D0002004B0BDE867
:10771000F081566906B1B708D2F808C0BCF1000F75
:107720000DD0D5685C2D18D312693AB136B18DE809
:1077300006103A4621460CF000F803900DE0D6689A
:107740005EB912694AB903AACDE90012BAB221465C
:107750000BF0C6FF012800D003950398D6E7022A54
:107760000DD0032A0AD1426B002A01DC4A6B426326
:107770004A6C42640A6C0264096901617047426B99
:10778000002A01DC4A6B42634A6C42640A6C026460
:107790000A690261896B81637047000038B50E4940
:1077A0000446086A072816DA002805DD01EB800088
:1077B00050F8040C406880472146074800F00EF856
:1077C0002068804701200090A068002364220068A0
:1077D0000621FCF737FE38BD80030020026A082A24
:1077E00001DBFF2070479300521C0262C150002051
:1077F0007047000010B50649044600200862214683
:107800000348FFF7EBFF2068BDE810400047000089
:107810008003002070B50026DDE90445891A012B9C
:1078200003DC032808D0042806D0062829D2DFE884
:1078300000F0280A0320150E2E60206801EBD1719C
:1078400000EB61001BE02E602068084417E0012B6C
:1078500003DD5B1E91FBF3F0286070BD91FBF3F03C
:10786000296808442860216800EBD07001EB6000B3
:1078700005E05B1C91FBF3F0286021680844206060
:1078800070BD2E6070BD000070B50D460646EDF768
:107890002BF92946F5F789FE0E4C0028606518D1B2
:1078A0003046EDF72BF92946F5F77FFE6065002895
:1078B0000FD13046EDF756F92946F5F776FE6065AB
:1078C000002806D13046EDF705F92946F5F76DFE9B
:1078D000606570BD78B500202DE9F05F05460C4667
:1078E000501E53B12168A1EB620108442160A060E1
:1078F000A8696060286AE06009E06168A1EB620144
:1079000008446160E06068692060E869A0604FF445
:10791000403631462846F9F7E2FA81463146284694
:10792000F9F7F8FA824631462846F9F717FB804600
:1079300031462846F9F7AFFA834631462846F9F72B
:1079400087FC074631462846F9F769FC014620685E
:1079500009EB0702801A2060A0680AEB07021044B6
:10796000A060606808EB0102801A6060E06859441A
:107970000844E060BDE8F09F2DE9F0410F46044661
:10798000E4F7ADFD05001ED0F8F76DFC0646204675
:10799000F8F7FCFB864216DD00212846F9F718FCB3
:1079A000F4F7ABF8064600212846F9F729FC216CCC
:1079B000304441433A46E06AFBF76AFAE06ABDE8C0
:1079C000F041FAF73DB8BDE8F08100002DE9F04143
:1079D000134C0F460546E6682068001D0AF0DFFEDE
:1079E000681C07D137B12168BDE8F0410D48091D79
:1079F0000AF027BF20683544B5424560216805D2AA
:107A0000A06BBDE8F041091D0AF003BF606B091DC2
:107A10000AF0FFFEA06A854200D2A562BDE8F081AF
:107A20003C010020940800202DE9F04105460AF0B1
:107A300015FF2D4CA068401CA06020682B4F10B192
:107A4000606930B32BE02560A068012827D10026AB
:107A500006EB860007EB80000AF0CDFE761C382E80
:107A6000F6D323480AF0C7FE214814300AF0C3FEBB
:107A70001F4828300AF0BFFE1D483C300AF0BBFE0C
:107A80001B4850300AF0B7FE194860631430A063F9
:107A900005E02068E96AC06A884200D82560606A0B
:107AA000401C60626864E86A2169884200D92061EC
:107AB00000EB800007EB8000291D0AF0C2FE0AF0EF
:107AC000EDFE606900280CD02068E96AC06A88422F
:107AD00007D208494FF080500860BFF34F8FBFF3C3
:107AE0006F8FBDE8F08100003C010020E40300201E
:107AF0004408002004ED00E010B5044600680028AA
:107B00000AD10AF0ABFE206810B9204600F047F811
:107B1000BDE810400AF0C2BE10BD000038B50AF042
:107B20009DFE104C2068C8B90F480AF064FE0E484C
:107B300014300AF060FE0C48E060143020610A4BFB
:107B40000020F03B009003F1500210210A200BF0BE
:107B50006FFA206010B105A10AF022FFBDE838409D
:107B60000AF09CBE7801002098090020546D7251E3
:107B70000000000010B50446006800280ED10AF08D
:107B80006DFE206830B904200BF026FA606008B161
:107B900001202060BDE810400AF080BE10BD012128
:107BA0000160002141608160704730B4026C0B4677
:107BB000002A0BD0C1681144C1608468A14201D37E
:107BC0000168C16030BC1846D8F771BC30BC704742
:107BD0002DE9F041856B174604460026026C82B100
:107BE000C7B1E068D8F763FCE168206C091AE1606E
:107BF0002268914202D2A168081AE060022F16D0D2
:107C000017E02068A8B9A0680BF0B8FE064600206F
:107C1000A0600EE06068D8F74AFC216C60680844F8
:107C20006060A168884204D32068606001E005B10B
:107C30006D1E6D1CA5633046BDE8F08110B504468D
:107C400090F8590058B101280CD002280FD05020CC
:107C500080F31188BFF34F8FBFF36F8FFEE7206B68
:107C60000AF030FE2046BDE810400AF02BBE10BDE1
:107C700010484FF47051420706D0C01D0D4920F046
:107C80000700411AC1F570510B4A00230144C2E9B3
:107C900000030839183A21F0070111604B600B60AE
:107CA0000B1AC0E9001393604FF00040536050611D
:107CB0007047000078100020A8010020144E154CD9
:107CC000A6F29C474FF08058DFF84C9012E000BFBE
:107CD0000AF0C4FDF068C568281D0AF060FDA068C0
:107CE000401EA0606068401E60600AF0D7FD284614
:107CF000FFF7A4FF60680028EAD138680128F9D9A5
:107D0000C9F80080BFF34F8FBFF36F8FF2E7000019
:107D1000800800203C01002004ED00E0002807D08E
:107D20000021816001600B460A46C1600BF0F8B982
:107D30007047000070B51D46049C51B1C4F8002086
:107D4000C4E90F01012120460BF0A6F984F84C503C
:107D500070BD2460F4E700002DE9F05F8846DDE99E
:107D60000B941546834691009A460A9EA522206BE5
:107D7000D8F714FC6FF00301206B01EB8501084478
:107D800020F00707780707D0502080F31188BFF351
:107D90004F8FBFF36F8FFEE70025B8F1000F0FD0B4
:107DA0005FF00000221818F8001082F8341018F85C
:107DB000001011B1401C1028F4D384F8435001E0A6
:107DC00084F83450382E00D33726E662C4E91365B0
:107DD000201D0AF01BFD04F118000AF017FD2461B4
:107DE000C6F138006462A061656584F85850524657
:107DF0005946384600F0B6FA2060B9F1000F01D0BC
:107E0000C9F80040BDE8F09F30B5114900E01146C7
:107E10000A688242FBD34B685C18844203D14068F5
:107E200018444860084643681C18944209D1084C1D
:107E3000183C2468A24209D052681A4442600A6879
:107E400012680260814200D0086030BD0460F9E72A
:107E5000A801002070B5002441600B4D00619142E3
:107E600006D8D11A8269914206D2011D286907E01D
:107E70009A4203D2994201D3012403E0011DE8682C
:107E80000AF0C7FC204670BD7801002010B50446FA
:107E90000AF0E4FCA06B28B15FF000040AF0FEFCDD
:107EA000204610BD0124F9E730B589B03C4D6EE0A5
:107EB0000498002806DADDE90601059A904704983F
:107EC000002864DB069C606910B1201D0AF067FC85
:107ED00003A800F0E1F8024604980A2857D2DFE828
:107EE00000F00505052D334A05052D3394F82800CB
:107EF00040F0010084F828000599A069059B014421
:107F00002046FFF7A7FF68B3216A2046884794F808
:107F1000280040073BD5002000900598A169002368
:107F20004218194620460BF06FFED8B9502080F356
:107F30001188BFF34F8FBFF36F8FFEE714F8280F40
:107F400020F00100207022E094F8280040F00100A9
:107F500084F828000598A06128B1811813462046AE
:107F6000FFF778FF13E0502080F31188BFF34F8FA5
:107F7000BFF36F8FFEE794F82800810703D42046F3
:107F80000AF0A0FC03E020F0010084F828000022A1
:107F900004A928680BF0F2F9002889D109B030BD96
:107FA000780100202DE9FC410F4605460AF06AFEE3
:107FB00001A800F071F80446019818B10BF092FD89
:107FC000BDE8FC81254EAFB130690068D0B3002711
:107FD000291B3A4630680AF0F7FC0BF083FD0028B5
:107FE000EED11F494FF080500860BFF34F8FBFF3B1
:107FF0006F8FE5E7A542EBD80BF074FDF0682746DC
:10800000C068C468201D0AF0CAFB94F82800410724
:1080100019D5A0692B4641193A462046FFF71AFFA9
:10802000A8B100200346014600902A4620460BF0E6
:10803000EBFD60B9502080F31188BFF34F8FBFF381
:108040006F8FFEE707E020F0010084F82800216A26
:1080500020468847B4E70127BAE7000078010020EE
:1080600004ED00E00648416B096829B1416BC9681D
:10807000C9684968816270474FF0FF31FAE7000034
:108080003C01002010B50146406809688847BDE8FA
:10809000104000200AF0E0BC70B505460BF0FCFB78
:1080A000064E0446B068844203D200F009F801206D
:1080B00000E0002028602046B46070BD78010020F8
:1080C000F8B5194D20E0C068C4680668201D0AF0A4
:1080D00066FB216A2046884794F82800400713D59C
:1080E000A0693044B04206D924616060211DE8686F
:1080F0000AF08FFB08E0002003460146009032465C
:1081000020460BF081FD38B1E86801680029DAD11A
:108110002969C5E90310F8BD502080F31188BFF329
:108120004F8FBFF36F8FFEE778010020084840684B
:10813000401C4FF0500080F3118804D0BFF34F8FE4
:10814000BFF36F8FFEE7BFF34F8FBFF36F8FFEE775
:10815000B0010020074CE068016841B1C06800210F
:10816000D0F80000FFF71EFFFFF79EFEF3E70121A6
:108170000020F7E7780100202DE9F04104460AF0DD
:108180006DFB94F9455004F1240609E0606A48B19A
:1081900030460BF06FFC08B10AF0AEFC6D1E6DB2FC
:1081A000002DF3DC4FF0FF3684F845600AF076FBD3
:1081B0000AF054FB94F9445004F1100709E02069D7
:1081C00048B138460BF056FC08B10AF095FC6D1E1C
:1081D0006DB2002DF3DC84F84460BDE8F0410AF094
:1081E0005DBB00002DE9F041054600270AF04AFD7D
:1081F000324E306808B9FFF73BFD706905424ED139
:10820000C5B3083568070ED005F00700C0F10800B7
:108210000544680707D0502080F31188BFF34F8FC3
:10822000BFF36F8FFEE72DB37068854237D82348C0
:10823000183001460C6801E020460C466168A942EE
:1082400002D221680029F7D131688C4227D0076813
:108250002168016060680837411B10290FD9601937
:10826000420708D0502080F31188BFF34F8FBFF32F
:108270006F8FFEE713E041606560FFF7C5FD616841
:108280007068401A7060B268904200D2B060706945
:1082900001430020C4E90001F068401CF0600BF0CD
:1082A00021FC780707D0502080F31188BFF34F8F4F
:1082B000BFF36F8FFEE73846BDE8F08190010020E4
:1082C0000449086818B10868026D521C0265086804
:1082D000704700003C0100202DE9F047054690F86A
:1082E0007000400733D5E86AF5F74CFD1949096875
:1082F000884704002BD02846FEF76CF88146FCF72F
:1083000085FC074604FB07F0401CF6F70BFB804694
:10831000002606E006FB07803A464946F6F78AFB48
:10832000761CA642F6D37E43002108F8061041468B
:10833000E86AF6F7DBF84046F3F7F8FB284606490B
:10834000E8F7E0FF2846BDE8F04700F08FBDBDE844
:10835000F08700002CCC04085D8302087047006899
:10836000FFF7BABF10B5031F4FF080741C601B1FCE
:1083700021F001011960191F044B0B6014390A60C8
:10838000091F6FF0020244380A6010BD2D810208F7
:108390002DE9FF4FD76A9FB09B463889DDF8B08042
:1083A0001FFA80F938880E46C0F307252C46142D95
:1083B00000D112252C2108A8F6F737FC96F85000BA
:1083C0008DF8340096F85100CDF830B000F00F0071
:1083D0008DF84800CDF82890386909908DF82C5018
:1083E00098E80E00D8F80C000DF11008CDE9063021
:1083F000CDE90412DDF81CA0CDF82080404607929C
:10840000E9F784FF0190F6F78DFACDF840800390EC
:108410000E9001984FF0000811900E2D09D1CDF863
:108420002480B6F84C00ADF8350096F84E008DF873
:108430003700002306F1580115A8F26AF1F724FE6F
:1084400015A8CDE913085846E9F751FF054645E060
:10845000142C15D00E2C24D0FF21019A0398F6F786
:10846000A4FB0198009003A890E80E0013A8F1F770
:10847000F1FC8DF83C00142C23D00E2C21D023E0ED
:108480003969DBF8040009FB05120599049B081AF9
:10849000DBF8001000FB09F0591A02EB5000014410
:1084A0000AE0DBF80400DBF80020091A0498801ABF
:1084B0003A6901FB09210144019A0398F6F7BAFAD7
:1084C000CFE702208DF83C0008A91F98EFF7F3F9D9
:1084D0000598401C05900798401C07900599514548
:1084E000B6DD0398F3F722FB23B0BDE8F08F2DE94A
:1084F000F04114460A46070007D000260125002A4D
:1085000064D0107B012861D065E0BDE8F041EAF756
:10851000DDB8616891422BD1A168087B30B90D7339
:1085200026732146384600F0A0F8A168486840B19B
:10853000007B012805D0886848B1007B012806D05F
:108540000CE0886860B3007B012829D006E0486809
:1085500005730E73384600F09DF8A168207B087300
:108560002573886821460573384600F07EF82BE0B5
:10857000087B30B90D7326732146384600F08AF81F
:108580006168486810B1027B012A14D18A683AB147
:10859000127B012A04D038B1007B012804D00AE004
:1085A0000E7322462468AAE7886805730E7338465E
:1085B00000F05BF86168207B0873257348682146EA
:1085C0000573384600F066F83A6802E03868904271
:1085D0009FD1002A00D01573BDE8F0812DE9F04746
:1085E0000D4681464FF0000801272DE0266870688F
:1085F000A04215D1B06808B1017B79B3A068A84248
:1086000006D12146484600F030F820462C46054663
:10861000277386F80C803146484600F03BF813E09B
:1086200008B1017BD1B16068A84206D12146484615
:1086300000F030F820462C460546277386F80C805B
:108640003146484600F011F82C6814B1207B002810
:10865000CCD0D9F800000773BDE8F087FFE70773B7
:10866000277386F80C803546EEE78A6853688B607E
:10867000536803B119600B6813600B6823B1586825
:10868000884203D15A6002E0026000E09A605160C3
:108690000A6070474A6893684B60936803B1196039
:1086A0000B6813600B6823B19868884203D19A6005
:1086B00002E0026000E05A6091600A6070470000CA
:1086C0002DE9FF4F85B005A8DDE9134BDDE915A5C0
:1086D000E9F71CFE074605A8E9F709FED5F84C8026
:1086E00095F84F508146C5F1FF0652460BEBDB7102
:1086F000BAF1140F2DD01046BAF1120F29D0BAF1E9
:108700001B0F7ED0BAF10F0F7AD0BAF1110FFBD048
:10871000BAF1100FF8D0BAF11A0F35D1EBF74FFEBE
:1087200006998246059A01FB0BF102FB0A11129889
:10873000084408F0FF0111FB05F10191C8F307217E
:1087400011FB05F10091C8F3074111FB05F500216C
:1087500087E1059A1298069B00EB42020BFB032A65
:10876000491040460091EBF7B6FF0246FD2D0ED3AF
:10877000002107E0002002E024F8022B401CB84250
:10878000FADB491C4945F5DB09B0BDE8F08FC8F3B9
:10879000C40010FB05FEC8F30720800810FB05F39A
:1087A000C8F30740C00810FB05FB002124E00020AF
:1087B0001CE000BF3AF810204FEAD22C1CFB06BC8C
:1087C0004FF4784505EACC05C2F3451C1CFB06387E
:1087D0004FF4FC6C0CEAD80CAC4402F01F0212FB04
:1087E00006E20CEB122224F8022B401CB842E1DB1B
:1087F000009A491C0AEB420A4945D8DBC4E700E06D
:1088000071E0059A1298069B00EB42020BFB032BCA
:108810004910A24640460191EBF75DFF0246FD2D4F
:108820000DD3002108E0002003E000BF2AF8022B4E
:10883000401CB842FADB491C4945F4DBA4E7C8F305
:10884000C40212FB05F262F30F00C8F3072292087C
:1088500012FB05F262F31F400090C8F30740C00806
:1088600010FB05F060F30F010020029137E00024B7
:108870002EE000BF3BF81400EBF708FFC10A029896
:1088800080B211FB06014FF4784000EAC1053BF8C5
:108890001400EBF7FBFEC0F345110098000C11FB30
:1088A00006014FF4FC6000EAD10005443BF81400D7
:1088B000EBF7ECFE00F01F01009880B211FB060000
:1088C00005EB102080B2EBF7E1FE2AF8020B641CE6
:1088D000BC42CFDB019908F101000BEB410B804654
:1088E0004845C4DB50E7EBF76AFD069A0146059B55
:1088F00002FB0BF203FB01221298FD2D104420D342
:1089000008F0FF0EC8F30726C8F3074507FB11B8A8
:10891000002313E000220DE084F800E06670A570EB
:10892000BAF1100F03D190F803C084F803C00844D3
:108930000C44521CBA42EFDB40445B1C4B45E9DB64
:1089400022E708F0FF0212FB05FCC8F3072212FB26
:1089500005F3C8F3074212FB05F500222BE00022C5
:1089600022E000BF90F8008018FB06C84FEA1828E4
:1089700084F8008090F8018018FB06384FEA182828
:1089800084F8018090F8028018FB06584FEA1828F6
:1089900084F80280BAF1100F03D190F8038084F8B4
:1089A000038008440C44521CBA42DBDB07FB11B2C3
:1089B00010440EF1010296464A45D0DBE4E600225F
:1089C00048E0C178D9B34FF47F43B3FBF1F390F89B
:1089D00002C00CFB03FCCCF3072890F801C00CFB91
:1089E00003FCCCF3072CCDF808C090F800C00CFBBA
:1089F00003FCCCF3072C18FB0653C3F30723CDE984
:108A000003C3DDF808C0009B1CFB0633DDF80CC077
:108A1000DDF80480C3F307231CFB068CCCF3072C82
:108A20001CFB01FC4FEA1C2C84F800C013FB01F373
:108A30001B0A6370049B13FB01F31B0A05E0FFE7AD
:108A400003782370437863708378A370E170504497
:108A50005444521CBA42B4DB07FB1AB108440EF16D
:108A600001018E464945AADB8EE62DE9FF4F9DB0F8
:108A700099462A988B4605AD1BC885E81B00D66A27
:108A8000308987B23088C0F307208246EBF797FC25
:108A900005464846E9F72BFC029005A8E9F736FCA5
:108AA000044605A8E9F723FC6C438046049400D1F2
:108AB0000124FBF7DDF9EBF7F9FF8500FBF7D8F9A7
:108AC000EBF7C2FFEBF77BFC4543B5FBF4F5404603
:108AD000454500DD054604FB05F0F5F723FF80461C
:108AE0002C2109A8F6F7A1F89BF850008DF8380062
:108AF0009BF85100BAF1140F00F00F008DF84C00F4
:108B000004980B9005A80D90CDE909088DF830A0C8
:108B10000ED1CDF844903169029807FB00100F90F8
:108B200002208DF8400012208DF830007808129055
:108B300006986D1E2844089C089028E005A918A8EE
:108B4000E9F72DFBD9F804004242D9F80000414270
:108B500018A8E9F732FD9DF83010CDF810B0CDE936
:108B60000271CDF8048030690DF1600A00909AE836
:108B70000F00FFF7A5FD09A91D98EEF79CFE0898C8
:108B8000401C069028440890A04200DD08940698F6
:108B9000A042D3DD4046F2F7C9FF21B0BDE8F08F17
:108BA0002DE9F04FDFF8D0B185B00546DBF8102095
:108BB000D2F8B042926A44F8342B90E8CC00CCC48E
:108BC00090E8CC0044F8441904F1240080E8CC007B
:108BD000DBF8100090F83D0028B15E46012809D06E
:108BE000022807D02CE095E80F0004F1140686E86F
:108BF0000F001DE000206061A0613069EBF788FF85
:108C00000028306907D0EBF799FF401EE06130691A
:108C1000EBF79EFF06E0EBF749FF401EE06130698D
:108C2000EBF7BCFF401E20623069C06B800101D5AC
:108C3000002102E02068008981B22046E8F72EF981
:108C40002846E9F754FB94F84C00C01F042826D3AB
:108C5000DBF810002168C06BC968C0F34740B1FB66
:108C6000F0F72846E9F748FB064694F84C00EBF786
:108C7000A6FB00FB0670401EB0FBF7F72846E9F79D
:108C800036FBB0FBF7FA012F09D007EB8700000194
:108C9000F5F748FE5FEA000805D0002634E02046DC
:108CA00000F06CF85DE0E9F711FD5AE06868721CAD
:108CB00002FB0A01491E06FB0A02009101A8AB68EB
:108CC0002968E9F787FC781E864201D1E86804909C
:108CD00006EB860108EB0110814694F84C2001ABAD
:108CE0000021EDF78BFE04F1140109F1140E91E857
:108CF0000E108EE80E00C9F820C021684846C9F859
:108D0000001000F03BF8761CBE42CFD3002623E0D3
:108D100006EB860108EB011404E000BFECF7E0FF6E
:108D2000ECF770FF60680028F8D1DBF810005946B6
:108D3000D0F8B00206E0C268A24202D1E268C26086
:108D400002E010460028F6D1DBF81000D0F8B82277
:108D50000AB121469047761CBE42D9D34046F2F76D
:108D6000E5FE95E81E00DBF8100000F5447080E891
:108D70001E0005B0BDE8F08F78B500202DE9FF4159
:108D80000746F5F76EFC384C2069EBF71BFF10B96E
:108D900020690AF06EF8206990F84000EBF715FBA7
:108DA00078B107F134000FC88DE80F00B86942426E
:108DB000786941426846E9F700FC69463868ECF793
:108DC000F0FB00252069EBF7CDFE014607F13400EA
:108DD0008046FBF753F806462069D0F8D01219B147
:108DE0004046FBF74BF8054656EA050006D12069D8
:108DF000EBF770FE0146384600F0E2F9206990F882
:108E0000DC12C9070ED00EB9D0F8C8623846314618
:108E100000F0D6F92069D0F8D002A0B105B9054616
:108E200029460DE0D0F8D00228B105B905462946FB
:108E3000384600F0C5F916B92069D0F8C862314645
:108E4000384600F0BDF92069EBF758FE0146384678
:108E500000F0B6F92069EBF747FE014604B038464A
:108E6000BDE8F04100F0ACB978B500202DE9F14F34
:108E700096B00021169C2046F8F7B3F90B9000211C
:108E80001698F8F7C6F90A901698FDF78AFA0C902A
:108E9000E06AF4F777FF654A82460C9912689047BA
:108EA000DFF88CB106460AEB0600DBF800208046AE
:108EB0000021904705460B98F2F71FFE81462F468A
:108EC0003846E6F74FFE00B12027002239460B98BE
:108ED000F2F7DBFD074601AAE06A0C99F4F78AFE77
:108EE000E06AF4F74FFF02460021E06AF6F799FCCA
:108EF000E16A019A4B69C9691A443A448A4225DDFC
:108F000094F87010090721D403281FD000200A9973
:108F10000190029A09EB0100104402905DB14549AD
:108F20004046096888470644DBF800200AEB060043
:108F30000021904705462846E6F714FE00B120259B
:108F4000002229460B98F2F7A0FD07464FF4C02BEC
:108F5000266659461698F7F7FFFE064659461698B4
:108F6000F8F705F800EB060A59461698F7F79CFF44
:108F700000EB060859461698F7F7BAFF85195946C7
:108F80001698F7F7D0FF0199029A491B0F91A2EBAF
:108F90000A0110910199304408447F1E3844119011
:108FA00002EB0801A9F10100084404F150011290FC
:108FB0000D4604A8E9F720F9E06A049942691144D2
:108FC00004910599806908440590E16A0698496909
:108FD00008440690E16A079889690844079004A943
:108FE0001698F8F74CFD0FA92846E9F705F9294628
:108FF00004A8E9F701F9E06A04994269114404916F
:109000000599806908440590E16A06984969084411
:109010000690E16A079889690844079004A91698A0
:10902000F8F72DFD17B0BDE8F08F00001CCC040848
:1090300018CC040814CC04082DE9F04F5F4C8BB019
:109040002069D0F8641200297ED000223B21EBF782
:109050009BFE21694FF0000AD1F8640204E000BFD2
:1090600000F511728A5CA2B1401EF9D5C86B20F0E0
:109070000100C8632069C16B21F00201C16320694E
:1090800000254FF0440BC16BA04641F08061C163E5
:1090900080E08246EAE700BF05F51171415C0029D6
:1090A00077D1554503D1C16B41F00101C163D8F8B7
:1090B0001000C16B21F00201C163D8F810000BEB66
:1090C0000511461806AF5CCE87E85C0090F83D209D
:1090D00022B1022A4FD0012A4DD05AE006A8E9F762
:1090E00015F9044606A8E9F702F902462146D8F820
:1090F0001000E3F7A9FA8146069802900898002626
:1091000004903746079819E00591039000DD059219
:10911000059EB24205D1D8F81000C16B41F00201A2
:10912000C163394602A8FFF73BFD02A8E9F7DFF863
:109130000744D8F81000DFF749FD204600EB09048A
:10914000099A611E914200E035E0DDDD1146B24230
:109150001FD005910390D8F810004446C16B41F030
:109160000201C163394602A8FFF71AFD02A8E9F718
:10917000BEF820690BE0C26B42F00202C263D8F86D
:10918000100008440021FFF70BFDD8F81000DFF7AE
:109190001DFD6D1CD8F81000D0F86412A9423FF7ED
:1091A0007BAF444600223C21EBF7EEFD2069C16B0A
:1091B00021F08061C1630BB0BDE8F08F78B500206D
:1091C0002DE9F0470D00814605D122480069EBF7F3
:1091D000C9FC050037D0A8464046F7F7A3F80400BD
:1091E00004D00021F7F7EAFEC9F8480029464846AE
:1091F000F8F768FF25E000272046F6F783FF0646CC
:10920000002508E0A068006850F82510EFB1484636
:10921000F8F758FF6D1CB542F4D34A461F2120468B
:10922000F9F76DFE4A4620212046F9F768FE4A46C6
:1092300021212046F9F763FEA0464046F7F772F871
:109240000446002CD7D1BDE8F0874145E2D1012783
:10925000E0E7000078B500202DE9F04798B0884697
:109260000646E3F743F9070077D0F4F78BFD024693
:1092700000213846F6F7D5FA0021012818D0022837
:1092800002D0032814D10BE03046F6F794FF0446D1
:109290003846F8F76CF8201A00EBD070411007E060
:1092A0003046F6F788FF04463846F8F760F8211A8A
:1092B0003846FAF76AF800213046F7F78CFF044683
:1092C00000213046F7F79FFF82462046F2F715FC53
:1092D00005463046F6F75AFF8146304600216722A0
:1092E000F7F748FE0446C8F1000020405FEA000896
:1092F00002D13046E6F7D4F9306B05EB0A01414361
:1093000009EBD970401005EBD572A0EB6200451A4D
:10931000B8F1000F24D06846E8F732F839466846BD
:10932000E8F7F1F814496846E8F7D7F83846F8F74F
:1093300039F801462A466846E8F7DFF821466846CC
:10934000E8F7C3F80D496846E8F7B8F80C496846ED
:10935000E8F7C5F86846E8F7F7F818B0BDE8F08711
:1093600005493846E7F7CEFF18B029463846BDE82C
:10937000F047FAF724B8000049D302082BCE0208C0
:109380000B1401082DE9F04F0C464FF4A02689B0CC
:1093900005463146F7F7A9FD079031462846F7F70D
:1093A000BFFD834631462846F7F7DEFD824631464B
:1093B0002846F7F776FD804631462846F7F71AFF2C
:1093C000069031462846F7F721FF81463146284668
:1093D000F7F704FF059031462846F7F705FD0746E5
:1093E00031462846F7F7F7FC06461CE00798CDF80B
:1093F00008B0CDE90090CDE903A8DDE905232146B9
:109400002846E3F7CDFAB04201DA014600E03146E2
:10941000B94201DA384602E0B04200DB3046A96BBF
:1094200041F82400641C286BA042DFD82846F9F7D5
:10943000FFF909B02846BDE8F04FF8F701BB00007E
:109440002DE9F04F5A4C9FB0206990F83D1001294A
:109450007ED1EBF7B7FB00287AD0206900F51B70AE
:10946000F5F7EEF9002873D1206909F002FD2069B3
:10947000826A0392C1698A4206D1016A426A8946B8
:1094800002B11146884609E0036A9A4204D1426A51
:1094900002B90A469146F5E789469846EBF706FB7E
:1094A0001D902069EBF77AFB1C90402107A8D7F7A5
:1094B0007DF80025A2463EE005F51171415CC1BB77
:1094C00000F51B70F5F72AF90646A2462FE0DAF8F8
:1094D00010005446314600F51B70F5F731F91E9027
:1094E0004421206901EB05114218314607A8E8F72D
:1094F0008CFE0746401C19D000240DF11C0B09E01E
:10950000F5F74FF90BEB0411641C91E80E1080E89D
:109510000E1064B2DAF81000BC42314600F51B7040
:10952000EEDBF5F7C5F93046F2F700FB1E9E002E84
:10953000CDD16D1CADB2DAF810005446D0F86412EB
:10954000A942B9D80020189019901D98401E00E03B
:109550002BE01A901C982546401E1B90206900F5B0
:109560001B70F5F7DBF819E018AA0146E8F7E0FEF2
:1095700070B12346424619460398ECF76DF8484609
:109580004146C14504D023460A461946ECF764F823
:109590002869214600F51B70F5F7D2F80400E3D1E5
:1095A000286900F51B70F5F799F81FB0BDE8F08F3A
:1095B00078B500202DE9F0410746F6F7A3FD0546F2
:1095C000002412E0B868006850F824603046F8F7CC
:1095D00037FA002232213046F9F791FC3046F8F78D
:1095E0002FFA3046FFF7E6FF641CAC42EAD3BDE831
:1095F000F08100002DE9FF470446E2F777FF0600FF
:1096000009D0F3F759FB0746F3F743FD042806D0CA
:10961000022804D013E0012004B0BDE8F087226BDB
:109620002146626304280AD10846F6F712FE054671
:10963000F2F71EFD18B100212846F2F7AEFD3846BC
:10964000F3F727FD012804D03846F3F722FD03285D
:1096500072D194F83C0040072ED400256946384664
:10966000F3F7EAFC0198B1690122401A01900098D1
:109670007169401A009069463046F4F7E1F90746EF
:109680003046F4F77FFB8246002080460646DFF82E
:10969000B89003900DE0D9F8002003A950469047F8
:1096A0000A2803D1B84501D06D1C2DB2DDF80C801D
:1096B000761CBE42EFD338E000212046F7F78BFD41
:1096C000804600212046F7F79EFD05464046F2F70A
:1096D00014FA226AA16900EB0508501A00EBD07059
:1096E00001EB6005F7E93201CDE90001694620464A
:1096F00007F018F817F89F2C0021C2F164026423C8
:10970000019803E00144504390FBF3F00028F9D1A5
:10971000B0690844291A91FBF8F0002800DA00200B
:10972000E16A814200DC481E05B2002D04DB012203
:1097300029462046FAF74AFE206B029002AA23210E
:109740002046F9F7DCFB67E718CC040810B504469F
:1097500001460648F5F7ACF8616909B1204688472B
:109760002046BDE81040F2F7E1B9000024B6002021
:109770002DE9F0410D46040001D1E8F7A7FF0DB92E
:10978000E8F7A4FF002C23D0002D21D02846EAF7CB
:109790008FF80646014604F128000746FAF746FA14
:1097A000010015D00A69206B104450F8045C38465B
:1097B000FAF7CFFA294604F13400F5F779F828468C
:1097C000F2F7B4F9216C30468847E168081AE06086
:1097D000BDE8F0812DE9F0410546406810B9A86860
:1097E00000282ED018480026074620E0AC4221D0A1
:1097F000606B002803DA94F85C00C0061AD5206874
:109800002968884216D16068A0B16968884211D180
:1098100021463846F5F74CF8616909B1204688477A
:109820002046F2F783F9DAF7C7FB01263846F4F74A
:1098300075FF03E021463846F4F782FF0400D5D1D6
:109840003046BDE8F081000024B600202DE9F04745
:1098500088469946D8E90246174605460EB9E8F704
:1098600035FF0CB9E8F732FF05EBC711E66001EBF5
:109870008900B460C26B42450FD1C463AC420CD1C5
:1098800005EB87020120516900FA09F39943516100
:1098900003D12969B84081432961BDE8F087000000
:1098A0002DE9F041044610300646FCF710FF012078
:1098B00084F824000025032706E000BF94F8251053
:1098C00029B93046FCF721FF20680028F6D094F82B
:1098D000251031B184F824503046BDE8F041FCF742
:1098E000F1BEE1F76EFD206807652560ECF7F2F93F
:1098F000EAE72DE9F0410C46498D06460020C1F308
:1099000005110DE026B1E26852F83020B24206D1CE
:10991000FF224FF470212046F8F7A2FF02E0401C1E
:109920008142EFD82046F6F7EDFB0746002507E019
:10993000A068006850F825103046FFF7DAFF6D1C6C
:10994000BD42F5D3BDE8F08170B51546040004D0E2
:1099500039B1226C0846904704E0E8F7B7FE0320CF
:1099600070BD0020A168814201D2012070BDE26873
:1099700028441044884201D9022070BD002070BDE7
:1099800010B50446416AD4E90B20E7F763FD206374
:10999000E26A616AE06BE7F75DFDE063E26A616AD3
:1099A000A06BE7F757FDA063E26A616A206CE7F7F6
:1099B00051FD206410BD00002DE9F04F064691B026
:1099C000D6E90170814696F8210007903468F06866
:1099D0000F90D6E906500E90D6E904B008900CA876
:1099E000EAF7D9FD96F8220008B10020D1E00798E7
:1099F000BBF1000F04D0FD284FF000006BD294E0C3
:109A0000FD284FF000001CD221E000264FF0FF0A95
:109A10000FE000BF05EB46000088ADF80400019898
:109A2000EAF79BF904F8160004EB4601761C81F86E
:109A300001A0BE42EEDB0F9804440E98054408F1E5
:109A4000010080464845E0DB11B0BDE8F08F82465A
:109A50004845F9DA002613E005EB46000088ADF82A
:109A600008000298EAF779F960F307080799404679
:109A700061F30F2004EB46010CAAEAF7FFF9761C0C
:109A8000BE42E9DB0F9804440E9805440AF1010038
:109A9000DDE7002615E000BF05EB46000088ADF8C5
:109AA0001C000798EAF759F960F307081BF806103D
:109AB000404661F30F2004EB46010CAAEAF7DEF9F9
:109AC000761CBE42E8DB0F98089904440E988B443C
:109AD00005440AF1010082464845DADBB4E7002676
:109AE00019E000BF05EB46000088ADF828000A9891
:109AF000EAF733F960F307081BF80610079811FB23
:109B000000F0010A404661F30F2004EB46010CAA65
:109B1000EAF7B4F9761CBE42E4DB0F9808990444D6
:109B20000E988B4405440AF1010082464845D6DB75
:109B30008AE700201FE000BF05EB4A000088ADF86F
:109B400028000A98EAF709F9414660F30701BBF1DA
:109B5000000F22D01BF80A20079812FB00F0000A21
:109B600060F30F2196F8222004EB4A000CABDCF7DF
:109B70006BFE0AF101008246B842DDDBBBF1000F4B
:109B800001D008998B440F9804440E98054403981B
:109B9000401C03904845CCDB56E70798E0E70000FF
:109BA0002DE9F04F064693B0D6E90170824696F84B
:109BB00021B03568F0681190D6E906401090D6E9DA
:109BC00004900A900BA8EAF7FAFC96F8220008B174
:109BD000002005E1B9F1000F05D0BBF1FD0F4FF0FA
:109BE000000077D2B5E040466BF31F60804600204E
:109BF00032E0002628E000BF34F8161040F63A02A2
:109C0000C80A10FB02F0020A404662F31740C1F393
:109C1000451240F20D4312FB03F2120A62F30F20C9
:109C200001F01F0140F63A0211FB02F1090A61F34B
:109C3000070005EB860B8046DBF800100BAAEAF75D
:109C400017FACBF80000761CBE42D5DB119805440C
:109C50001098044409F1010081465045C9DB13B056
:109C6000BDE8F08F00262BE019F80610404661F39E
:109C70001F6034F8161040F63A03CA0A12FB03F2CA
:109C8000120A62F31740C1F3451340F20D4213FB71
:109C900002F2120A62F30F2001F01F0240F63A01AD
:109CA00012FB01F1090A61F3070005EB860104913B
:109CB000804609680BAAEAF7DBF90499761C08606C
:109CC000BE42D1DB11980A99054410988944044496
:109CD0000BF1010083465045C4DBC0E700262EE0AF
:109CE00019F8061011FB0BF0010A404661F31F60E2
:109CF00034F8161040F63A02CB0A13FB02F2120AAD
:109D000062F31740C1F3451340F20D4213FB02F218
:109D1000120A62F30F2001F01F0140F63A0211FB14
:109D200002F1090A61F3070005EB86010F918046F5
:109D300009680BAAEAF79CF90F99761C0860BE42E5
:109D4000CEDB11980544109804440A988144059884
:109D5000401C05905045C1DB81E7002032E000BF88
:109D600034F8181040F63A00CA0A12FB00F0020A52
:109D7000009840F20D4362F31740C1F3451212FB05
:109D800003F2120A62F30F2001F01F0140F63A02BB
:109D900011FB02F1090A61F30700B9F1000F23D0AA
:109DA00019F8082012FB0BF1090A61F31F600090FB
:109DB00096F8222005EB88000BAB0099DCF774FDC8
:109DC00008F101008046B842CADBB9F1000F01D0AA
:109DD0000A99894411980544109804440598401C38
:109DE00005905045B9DB3AE76BF31F60DFE70000F1
:109DF0002DE9F04F054693B0D5E9016790F82100B1
:109E00000D90D5F800B0E8681090D5E906400F90A5
:109E1000D5E904800990686AC11700EB517121F0FF
:109E20000701A0EB010A95F8220008B1002039E1F2
:109E30000D98B8F1000F04D0FD284FF000007DD23E
:109E4000E4E0FD284FF0000021D226E00025A846DE
:109E500015E000BF04EB45000088ADF80400019850
:109E6000E9F77BFF7F2808EB0A01584602D903F087
:109E700051FA01E0DEF7DAF808F101086D1CB5428D
:109E8000E8DB109883440F98044409F101008146EF
:109E9000B842DBDB13B0BDE8F08F8146B842F9DA97
:109EA0000025A84626E000BF04EB45000088ADF879
:109EB00004000198E9F751FF08EB0A0109900391AA
:109EC0005846E1F750FFC0EB00208DF8140005A9BB
:109ED0000D9A0998EAF70AFA9DF8140003997F2869
:109EE000584602D903F016FA01E0DEF79FF808F1B0
:109EF00001086D1CB542D7DB0F98109904448B44C0
:109F000009F10100C9E700BF4FF000094D4648467E
:109F1000CDF808902CE000BF04EB40000088ADF8BD
:109F20000C000398E9F719FF05EB0A010D900A915F
:109F30005846E1F718FFC0EB002000E022E08DF862
:109F4000300018F809200CA90D98EAF7CFF99DF810
:109F500030000A997F28584602D903F0DBF901E066
:109F6000DEF764F8029809F10109401C6D1C0290AB
:109F7000B542D1DB10990F988B4404440999069897
:109F80008844401C0690B842BEDB83E74FF00009CE
:109F90004D464846CDF808902EE000BF04EB400047
:109FA0000088ADF814000598E9F7D7FE05EB0A0123
:109FB00011900A915846E1F7D6FEC0EB00208DF8CB
:109FC000300018F809100D9811FB00F0020A0CA9D6
:109FD0001198EAF78BF99DF830000A997F285846C6
:109FE00002D903F097F901E0DEF720F8029809F1B1
:109FF0000109401C6D1C0290B542CFDB10980999F5
:10A0000083440F98884404440698401C0690B84244
:10A01000BCDB3FE74FF00009484635E034F8191043
:10A0200040F63A02C80A10FB02F0020A039840F216
:10A030000D4362F31740C1F3451212FB03F2120AFB
:10A0400062F30F2001F01F0140F63A0211FB02F10A
:10A05000090A61F30700B8F1000F27D018F80920AA
:10A060000D9912FB01F1090A61F31F600390049836
:10A0700095F8223000EB0A015846039ADCF782FC7F
:10A08000049809F10109401C0490B145C6DBB8F100
:10A09000000F01D0099988440F981099044406983C
:10A0A0008B44401C0690B842B4DBF3E60D99DBE725
:10A0B0002DE9F04F06468FB0D6E90170804696F83C
:10A0C00021B03568F0680C90D6E906400E90D6E9CC
:10A0D00004900A9096F8220008B10020D9E0B9F166
:10A0E000000F05D0BBF1FD0F4FF0000063D287E0F9
:10A0F000BBF1FD0F4FF0000019D21EE00026B14663
:10A100000DE000BF04EB46000088ADF804000198A4
:10A11000E9F723FE05F8090009F10109761CBE42A2
:10A12000F0DB0C9805440E9804440AF101008246C5
:10A130004045E3DB0FB0BDE8F08F82464045F9DAD9
:10A140000026B14610E000BF04EB46000088ADF8E1
:10A1500004000198E9F701FE05EB09015A46EAF708
:10A16000D3F809F10109761CBE42EDDB0C980544D9
:10A170000E9804440AF10100DFE70026B24610E021
:10A1800004EB46000088ADF804000198E9F7E5FD0E
:10A1900019F8062005EB0A01EAF7B6F80AF1010AF8
:10A1A000761CBE42ECDB0C980A9905440E98894453
:10A1B00004440BF1010083464045DEDBBAE700268C
:10A1C000B24613E004EB46000088ADF804000198A5
:10A1D000E9F7C3FD19F8062012FB0BF10A0A05EB9B
:10A1E0000A01EAF791F80AF1010A761CBE42E9DB9E
:10A1F0000C980A9905440E98894404440698401C1A
:10A2000006904045DBDB95E74FF0000A504632E010
:10A2100034F81A1040F63A02C80A10FB02F0020A9B
:10A22000019840F20D4362F31740C1F3451212FB4F
:10A2300003F2120A62F30F2001F01F0140F63A0206
:10A2400011FB02F1090A61F30700B9F1000F24D0F4
:10A2500019F80A2012FB0BF1090A61F31F60019043
:10A26000059896F8222028440199DCF7CCFB059844
:10A270000AF1010A401C0590BA45C9DBB9F1000F8B
:10A2800001D00A9989440C9805440E980444069814
:10A29000401C06904045B7DB4CE76BF31F60DEE7E0
:10A2A0002DE9F04F814687B0D9E90170824699F8CF
:10A2B00021000290D9F80040D9F80C000490D9E9A7
:10A2C00006500390D9E904B0059099F8220008B12E
:10A2D00000201EE10298BBF1000F04D0FD284FF0D2
:10A2E000000046D265E0FD2811D37F00002609E07A
:10A2F0003A4629462046F4F79DFB0498761C044410
:10A30000039805445645F3DB07B0BDE8F08F002005
:10A3100080465045F8DA00260AE000BF34F81610EF
:10A3200035F81600029AE9F78BFD24F81600761C22
:10A33000BE42F3DB049804440398054408F101008D
:10A34000E6E700260BE000BF1BF8062034F81610E5
:10A3500035F81600E9F774FD24F81600761CBE42A5
:10A36000F2DB04980599044403988B44054408F1F2
:10A37000010080465045E4DBC6E700260FE000BF41
:10A380001BF80610029811FB00F0020A34F81610B0
:10A3900035F81600E9F754FD24F81600761CBE4285
:10A3A000EEDB04980444039805440598834408F1BF
:10A3B000010080465045E0DBA6E7CDE900540026C9
:10A3C00099E000BF99F8220001282ED0022853D02E
:10A3D00003286CD0042897D1019830F81610009803
:10A3E000CB0A30F81620A3EBD220002802DCD00ADA
:10A3F000A0EBD1204FF6FF7303EAC02CC1F3451345
:10A40000C2F34518A3EB0800002801DCA8EB030009
:10A410000CEB401083B201F01F0102F01F02881AFA
:10A42000002800DC501A184451E035F81600E8B353
:10A43000019830F816100098CB0A30F8162003EB7C
:10A44000D2201F2800D31F204FF6FF7303EAC0233A
:10A45000C1F34510C2F3451C60443F2800D33F20A0
:10A4600003EB401083B201F01F0002F01F0108440B
:10A470001F28D8D31F20D6E735F81600B0B10198B1
:10A48000009930F8160031F81610C20AA2EBD1225A
:10A49000002A00DC00224FF6FF7303EAC223C0F358
:10A4A0004512C1F3451CA2EB0C0201E022E035E0AD
:10A4B000002A00DC002200F01F0001F01F0103EB66
:10A4C0004212401A92B2002800DC0020104480B2F0
:10A4D000BBF1000F46D002991BF80620FD2903D2DC
:10A4E000029912FB01F10A0A34F81610E9F7A8FCE8
:10A4F00024F81600761CBE42FFF664AF0498BBF148
:10A50000000F04440398054401D005998B44069834
:10A51000401C06905045FFF650AFF5E635F8161092
:10A52000A1F57F40FF38E5D0019830F8162000985B
:10A53000D30A30F81610C80A13FB00F04009C00215
:10A54000C2F34513C1F3451C13FB0CF39B0900EB4D
:10A55000431002F01F0201F01F0112FB01F100EB9A
:10A560005110B4E734F81610029ABFE72DE9F04F06
:10A57000804687B0D8E90170814698F821B0D8F8B4
:10A580000040D8F80C000390D8E906500290D8E9B2
:10A5900004A0049098F8220008B1002047E1BAF125
:10A5A000000F05D0BBF1FD0F4FF0000057D27AE04D
:10A5B000BBF1FD0F16D34FEA470800260DE04246D7
:10A5C00029462046F4F736FA39462046EFF7B8FE1A
:10A5D0000398761C0444029805444E45EFDB07B00F
:10A5E000BDE8F08F002080464845F8DA00260FE0ED
:10A5F00034F81600EAF754F835F8163001465A4692
:10A600001846E9F71DFCEAF74BF824F81600761C0B
:10A61000BE42EDDB039804440298054408F10100B2
:10A62000E1E7002611E000BF34F81600EAF738F839
:10A6300035F8163001461AF806201846E9F700FCEE
:10A64000EAF72EF824F81600761CBE42ECDB0398DD
:10A650000499044402988A44054408F101008046A4
:10A660004845DEDBBBE7002613E000BF34F81600E8
:10A67000EAF716F81AF80620014612FB0BF0020A58
:10A6800035F81600E9F7DCFBEAF70AF824F81600BB
:10A69000761CBE42EADB03980499044402988A447B
:10A6A000054408F1010080464845DCDB97E7CDE929
:10A6B00000540026ADE000BF98F82200012833D0F6
:10A6C00002285FD0032872D0042888D134F81600FD
:10A6D000E9F7E6FF24F816000198009930F8160013
:10A6E00031F816E0C20AA2EBDE21002903DC4FEAB2
:10A6F000DE21A1EBD0214FF6FF7202EAC12CC0F39C
:10A700004513CEF345115A1A002A00DCCA1A0CEB85
:10A7100042118AB200F01F030EF01F01581A0028E0
:10A7200000DCC81A10445EE035F81600F0B334F8C7
:10A730001600E9F7B5FF24F81600019830F8162046
:10A740000098D10A30F8160001EBD0211F2900D360
:10A750001F214FF6FF7303EAC123C2F34511C0F373
:10A76000451C61443F2900D33F2102F01F0200F045
:10A770001F0003EB4111104489B21F2800D31F2092
:10A78000084430E035F8160080B134F81600E9F7D7
:10A7900087FF24F81600019830F816100098CA0AAE
:10A7A00030F81600A2EBD022002A01E030E043E0AE
:10A7B00000DC00224FF6FF7303EAC223C1F3451207
:10A7C000C0F3451CA2EB0C02002A00DC002201F0C1
:10A7D0001F0100F01F0003EB4212081A92B200287A
:10A7E000A0DC00209EE780B2BAF1000F4ED01AF82C
:10A7F0000620BBF1FD0F02D212FB0BF10A0A34F85E
:10A80000161000BFE9F71CFBE9F74AFF24F8160011
:10A81000761CBE42FFF650AF0398BAF1000F044415
:10A820000298054401D004998A440598401C05907B
:10A830004845FFF63CAFD2E635F81610A1F57F404B
:10A84000FF38E5D034F81600E9F72AFF24F816009F
:10A85000019830F816200098D10A30F81600C30A83
:10A8600011FB03F14909C902C2F34513C0F3451CAA
:10A8700013FB0CF39B0901EB431102F01F0200F0E4
:10A880001F0012FB00F001EB5010ACE734F816107B
:10A890005A46B7E72DE9F04F06468FB0D6E901706A
:10A8A000804696F8210005903568F0680890D6E952
:10A8B00006400E90D6E90490099096F822008B4647
:10A8C00008B1002036E10598B9F1000F04D0FD2849
:10A8D0004FF0000070D2E2E0FD2831D300222AE0E0
:10A8E0000020014620E000BF34F8103040F63A0660
:10A8F000DB0A13FB06F31E0A6B1840F20D4C9E7028
:10A9000034F81060C6F3451616FB0CF6360A5E7076
:10A9100014F8103040F63A0603F01F0313FB06F359
:10A920001B0A6B545944401CB842DDDB0898521C8A
:10A9300005440E9804444245D2DB0FB0BDE8F08FC9
:10A94000002082464045F8DA0026B14628E000BFE4
:10A9500034F8160040F63A01C00A10FB01F0000A74
:10A960008DF80E0034F8160040F20D41C0F345108A
:10A9700010FB01F0000A8DF80D0014F8160040F6E7
:10A980003A0100F01F0010FB01F0000A8DF80C00E6
:10A9900005EB090103A8059AE9F744FBD944761CA5
:10A9A000BE42D5DB089805440E9804440AF1010024
:10A9B000C7E70026B2462AE033E000BF34F81600AD
:10A9C000C10A40F63A0011FB00F0000A8DF82A0097
:10A9D00034F81600C0F3451140F20D4011FB00F0B1
:10A9E000000A8DF8290014F8160000F01F0140F647
:10A9F0003A0011FB00F0000A8DF8280019F8062033
:10AA000005EB0A010AA8E9F70DFBDA44761CBE4201
:10AA1000D4DB0898099905440E98894404440698A3
:10AA2000401C06904045C4DB87E70026B2462CE078
:10AA300034F81600C10A40F63A0011FB00F0000A93
:10AA40008DF8320034F8160040F20D41C0F3451085
:10AA500010FB01F0000A8DF8310014F8160040F6E2
:10AA60003A0100F01F0010FB01F0000A8DF83000E1
:10AA700019F80610059811FB00F0020A05EB0A010F
:10AA80000CA8E9F7CFFADA44761CBE42D0DB08986E
:10AA9000099905440E98894404440698401C069080
:10AAA0004045C2DB49E700BF4FF0000A504633E0A3
:10AAB00034F81A1040F63A02C80A10FB02F0020AF3
:10AAC000019840F20D4362F31740C1F3451212FBA7
:10AAD00003F2120A62F30F2001F01F0140F63A025E
:10AAE00011FB02F1090A61F30700B9F1000F25D04B
:10AAF00019F80A20059912FB01F1090A61F31F6098
:10AB000001900B9896F8222028440199DBF7AAFFC0
:10AB10000B980AF1010A58440B90BA45C8DBB9F109
:10AB2000000F01D009998944089805440E980444FF
:10AB30000698401C06904045B6DBFEE60599DDE729
:10AB40002DE9F04F064691B0D6E90170804696F89F
:10AB500021B03568F0680690D6E906401090D6E935
:10AB60000490099096F8220008B10020E8E0B9F1BD
:10AB7000000F05D0BBF1FD0F4FF0000069D28FE050
:10AB8000BBF1FD0F4FF000001BD220E00026B146C4
:10AB90000FE000BF34F81600010A41EA002080B23D
:10ABA000E9F7CCF8E9F7D9F805F8090009F1010946
:10ABB000761CBE42EEDB06980544109804440AF168
:10ABC000010082464045E1DB11B0BDE8F08F8246CE
:10ABD0004045F9DA0026B14612E000BF34F816000D
:10ABE000010A41EA002080B2E9F7A8F8E9F7B5F8D0
:10ABF00005EB09015A46E9F787FB09F10109761CC3
:10AC0000BE42EBDB06980544109804440AF10100AB
:10AC1000DDE70026B24612E034F81600010A41EAE8
:10AC2000002080B2E9F78AF8E9F797F819F80620CA
:10AC300005EB0A01E9F768FB0AF1010A761CBE423E
:10AC4000EADB0698099905441098894404440BF1FD
:10AC5000010083464045DCDBB6E70026B24615E03E
:10AC600034F81600010A41EA002080B2E9F766F8DC
:10AC7000E9F773F819F8062012FB0BF10A0A05EB45
:10AC80000A01E9F741FB0AF1010A761CBE42E7DB43
:10AC90000698054410980444099881440B98401C78
:10ACA0000B904045D9DB8FE74FF0000A504639E062
:10ACB00034F81A00010A41EA002080B2E9F73EF8B0
:10ACC00081B2CA0A40F63A0012FB00F0020A01986B
:10ACD00040F20D4362F31740C1F3451212FB03F239
:10ACE000120A62F30F2001F01F0240F63A0112FB34
:10ACF00001F1090A61F30700B9F1000F24D019F836
:10AD00000A2012FB0BF1090A61F31F6001900498FD
:10AD100096F8222028440199DBF775FE04980AF181
:10AD2000010A401C0490BA45C2DBB9F1000F01D002
:10AD30000999894406980544109804440B98401CCE
:10AD40000B904045B0DB3FE76BF31F60DEE7000090
:10AD50002DE9F04F064693B0D6E90170824696F889
:10AD600021B03568F0681290D6E906401190D6E916
:10AD7000049008900DA8E9F722FC96F8220008B18B
:10AD8000002028E1B9F1000F05D0BBF1FD0F4FF015
:10AD900000007DD2D2E040466BF31F608046002069
:10ADA00039E000262FE000BF34F81600010A41EA1E
:10ADB000002080B2E8F7A4FF81B2C80A40F63A0248
:10ADC00010FB02F0020A404662F31740C1F345123D
:10ADD00040F20D4312FB03F2120A62F30F2001F05E
:10ADE0001F0140F63A0211FB02F1090A61F3070064
:10ADF00005EB860B8046DBF800100DAAE9F738F961
:10AE0000CBF80000761CBE42CEDB129805441198A8
:10AE1000044409F1010081465045C2DB13B0BDE88E
:10AE2000F08F002637E000BF19F80610404661F3A6
:10AE30001F60804634F81600010A41EA002080B203
:10AE4000E8F75EFF81B2C80A40F63A0210FB02F052
:10AE5000020A404662F31740C1F3451240F20D4327
:10AE600012FB03F2120A62F30F2001F01F0140F6F9
:10AE70003A0211FB02F1090A61F3070005EB8601B2
:10AE80000991804609680DAAE9F7F2F8099900E0EE
:10AE90000BE00860761CBE42C6DB12980899054498
:10AEA0001198894404440BF1010083465045B8DBF6
:10AEB000B4E7002638E000BF19F8061011FB0BF0CC
:10AEC000010A404661F31F60804634F81600010A0B
:10AED00041EA002080B2E8F713FF81B2C80A40F6C9
:10AEE0003A0210FB02F0020A404662F31740C1F337
:10AEF000451240F20D4312FB03F2120A62F30F20D7
:10AF000001F01F0140F63A0211FB02F1090A61F358
:10AF1000070005EB86010A91804609680DAAE9F74A
:10AF2000A7F80A99761C0860BE42C5DB12980899FA
:10AF300005441198894404440398401C03905045EB
:10AF4000B7DB6BE7002038E034F81800010A41EA6B
:10AF5000002080B2E8F7D4FE81B2C80A40F63A0277
:10AF600010FB02F0020A009840F20D4362F3174012
:10AF7000C1F3451212FB03F2120A62F30F2001F033
:10AF80001F0240F63A0112FB01F1090A61F30700C2
:10AF9000B9F1000F23D019F8082012FB0BF1090AB0
:10AFA00061F31F60009096F8222005EB88000DAB3E
:10AFB0000099DBF779FC08F101008046B842C3DB59
:10AFC000B9F1000F01D008998944129805441198ED
:10AFD00004440398401C03905045B3DB1EE76BF319
:10AFE0001F60DFE72DE9F04F054693B0D5E9016713
:10AFF00090F821000890D5F800B0E8680F90D5E9E6
:10B0000006400E90D5E904800D90686AC11700EBE8
:10B01000517121F00701A0EB010A95F8220008B157
:10B0200000203FE10898B8F1000F04D0FD284FF050
:10B0300000007DD2E4E0FD284FF0000021D226E0A0
:10B040000025A84615E000BF34F81500E9F723FBFA
:10B05000E8F765FEE8F781FE7F2808EB0A0158460D
:10B0600002D902F057F901E0DCF7E0FF08F101082E
:10B070006D1CB542E8DB0F9883440E98044409F137
:10B0800001008146B842DBDB13B0BDE8F08F81469A
:10B09000B842F9DA0025A84626E000BF34F81500CA
:10B0A000E9F7F9FAE8F73BFEE8F757FE08EB0A0183
:10B0B000049109905846E0F756FEC0EB00208DF849
:10B0C0001C00DDE9082007A9E9F710F99DF81C002C
:10B0D00004997F28584602D902F01CF901E0DCF7F8
:10B0E000A5FF08F101086D1CB542D7DB0E980F993A
:10B0F00004448B4409F10100C9E700BF4FF0000987
:10B100004D464846CDF808902CE000BF34F81000BA
:10B11000E9F7C1FAE8F703FEE8F71FFE05EB0A01BD
:10B12000CDE908105846E0F71EFEC0EB002000E015
:10B1300022E08DF8400018F8092010A90998E9F7D5
:10B14000D5F89DF8400008997F28584602D902F0AA
:10B15000E1F801E0DCF76AFF029809F10109401CFF
:10B160006D1C0290B542D1DB0F980D9983440E9867
:10B17000884404440B98401C0B90B842BEDB83E724
:10B180004FF000094D464846CDF808902EE000BF2C
:10B1900034F81000E9F77FFAE8F7C1FDE8F7DDFDC4
:10B1A00005EB0A01119009915846E0F7DCFDC0EB70
:10B1B00000208DF8400018F80910089811FB00F0E5
:10B1C000020A10A91198E9F791F89DF84000099931
:10B1D0007F28584602D902F09DF801E0DCF726FFEF
:10B1E000029809F10109401C6D1C0290B542CFDBA9
:10B1F0000F980D9983440E98884404440B98401C82
:10B200000B90B842BCDB3FE74FF0000948463BE0FB
:10B2100034F81900E9F73FFAE8F781FD81B2C80A6E
:10B2200040F63A0210FB02F0020A049840F20D4385
:10B2300062F31740C1F3451212FB03F2120A62F3E4
:10B240000F2001F01F0140F63A0211FB02F1090A3A
:10B2500061F30700B8F1000F28D018F80920089909
:10B2600012FB01F15FEA112161F31F600490039862
:10B2700095F8223000EB0A015846049ADBF782FB6E
:10B28000039809F10109401C0390B145C0DBB8F1F6
:10B29000000F01D00D9988440E980F9904440B9823
:10B2A0008B44401C0B90B842AEDBEDE60899DBE71F
:10B2B0002DE9F04F064687B0D6E90170824696F830
:10B2C000210000903468F0680290D6E906500190A1
:10B2D000D6E904B0049096F8220008B1002058E1A5
:10B2E0000098BBF1000F04D0FD284FF0000052D2AF
:10B2F00075E0FD2816D34FEA470800260DE04246C8
:10B3000029462046F3F796FB39462046EFF718F812
:10B310000298761C0444019805445645EFDB07B0BB
:10B32000BDE8F08F002080465045F8DA00260DE099
:10B3300035F81600009A010A41EA002080B234F87C
:10B340001610E8F77DFD24F81600761CBE42EFDBF0
:10B35000029804440198054408F10100E3E700263F
:10B360000FE000BF35F816001BF80620010A41EA7D
:10B37000002080B234F81610E8F762FD24F81600B9
:10B38000761CBE42EEDB02980499044401988B447B
:10B39000054408F1010080465045E0DBBFE7002688
:10B3A00013E000BF35F816001BF80620010A41EA39
:10B3B0000020009980B212FB01F10A0A34F816103D
:10B3C000E8F73EFD24F81600761CBE42EADB029840
:10B3D0000499044401988B44054408F10100804617
:10B3E0005045DCDB9BE700200394C3E035F81910DF
:10B3F000BDF81420080A40EA0120C30A63F3CF22F3
:10B40000430963F34A1260F30402ADF8142090B2CA
:10B4100096F82220012A2CD0022A4DD0032A67D088
:10B42000042ABBD1039931F81920D10AA1EBD0210C
:10B43000002902DCC10AA1EBD2214FF6FF7303EA17
:10B44000C12CC2F34513C0F34511A3EB0108B8F1B9
:10B45000000F01DCA1EB030802F01F0200F01F0344
:10B460000CEB4811D01A89B2002800DC981A084465
:10B4700048E0E1B3039A32F81910CA0A02EBD0226D
:10B480001F2A00D31F224FF6FF7303EAC223C1F322
:10B490004512C0F3451C62443F2A00D33F2201F00D
:10B4A0001F0100F01F0003EB4212084492B21F2854
:10B4B00000D31F20104425E0C9B1039A32F81920A7
:10B4C000D10AA1EBD021002900DC00214FF6FF7347
:10B4D00003EAC123C2F34511C0F3451CA1EB0C01E3
:10B4E000002900DC002103EB411189B201E03FE0BB
:10B4F00018E002F01F0200F01F00101A0028B6DC4E
:10B500000020B4E780B2BBF1000F2AD000991BF8ED
:10B510000920FD2903D2009912FB01F10A0A34F82F
:10B52000191021E0A1F57F42FF3A21D0039A32F8A9
:10B530001910CA0AC30A12FB03F25209D202C1F35C
:10B540004513C0F3451C13FB0CF39B0902EB43129C
:10B5500001F01F0100F01F0011FB00F002EB501082
:10B56000D0E734F81910009AE8F76AFC24F81900BB
:10B5700009F101008146B842FFF638AF0298BBF1ED
:10B58000000F04440198054401D004998B440698A7
:10B59000401C06905045FFF626AFC0E62DE9F04F5F
:10B5A000814689B0D9E90170824699F8210000905E
:10B5B000D9F80040D9F80C000290D9E90650019062
:10B5C000D9E904B0059099F8220008B1002086E17D
:10B5D0000098BBF1000F04D0FD284FF000005AD2B4
:10B5E00083E0FD2811D37F00002609E03A46294672
:10B5F0002046F3F71FFA0298761C0444019805448C
:10B600005645F3DB09B0BDE8F08F00208046504579
:10B61000F8DA002614E000BF34F81600010A41EA07
:10B6200000201FFA80F935F81600E9F739F8494685
:10B63000009AE8F705FCE9F733F824F81600761CC1
:10B64000BE42E9DB029804440198054408F1010078
:10B65000DCE7002615E000BF34F81600010A41EAD5
:10B6600000201FFA80F935F81600E9F719F81BF8E1
:10B6700006204946E8F7E4FBE9F712F824F816003B
:10B68000761CBE42E8DB02980599044401988B447D
:10B69000054408F1010080465045DADBB2E7002698
:10B6A00019E000BF34F81600010A41EA00201FFA31
:10B6B00080F935F81600E8F7F3FF1BF8062000992B
:10B6C00012FB01F10A0A4946E8F7BAFBE8F7E8FF7E
:10B6D00024F81600761CBE42E4DB02980599044467
:10B6E00001988B44054408F1010080465045D6DBA3
:10B6F00088E700260494E4E035F816000222010AE7
:10B7000041EA0020ADF81C0007A903A8F3F792F95D
:10B7100099F82200012833D002285FD003287DD079
:10B720000428BBD134F81600E8F7BAFF24F8160055
:10B73000049830F81630BDF80C00D90AA1EBD021DE
:10B74000002902DCC10AA1EBD3214FF6FF7202EA05
:10B75000C128C3F34512C0F3451CA2EB0C0100291C
:10B7600001DCACEB020103F01F0200F01F0008EB4C
:10B770004111131A89B2002B00DC831A581886E095
:10B7800035F8160000286BD034F81600E8F788FF6B
:10B7900024F816000498BDF80C1030F81630D80ABA
:10B7A00000EBD1201F2800D31F204FF6FF7202EAC2
:10B7B000C022C3F3451CC1F3451060443F2800D3A9
:10B7C0003F2002EB401082B203F01F0001F01F0186
:10B7D00008441F2800D31F20104458E035F81600F5
:10B7E000F0B334F81600E8F75BFF24F8160004986D
:10B7F000BDF80C1030F81600C20AA2EBD122002AC4
:10B8000000DC00224FF6FF7303EAC223C0F34512A7
:10B81000C1F3451CA2EB0C02002A00E00DE000DCA5
:10B82000002200F01F0001F01F0103EB4212401A3A
:10B8300092B20028D0DC0020CEE735F81610A1F532
:10B840007F40FF383CD034F81600E8F729FF24F891
:10B8500016000498BDF80C2030F81610C80A00E055
:10B860002EE0D30A10FB03F04009C002C1F34513D8
:10B87000C2F3451C13FB0CF39B0900EB431001F0D2
:10B880001F0102F01F0211FB02F100EB511080B208
:10B89000BBF1000F0BD000991BF80620FD2903D245
:10B8A000009912FB01F10A0A34F8161002E034F88C
:10B8B0001610009AE8F7C4FAE8F7F2FE24F816002A
:10B8C000761CBE42FFF618AF0298BBF1000F04448D
:10B8D0000198054401D005998B440698401C0690B8
:10B8E0005045FFF606AF8DE62DE9F34F064693B0BF
:10B8F000D6E90170824696F821B03468F06811905C
:10B90000D6E906500B90D6E904900A900FA8E8F704
:10B9100042FE96F8220008B10020DFE0B9F1000FE6
:10B9200004D0BBF1FD0F78D300206DE0BBF1FD0F1B
:10B930001FD3002017E00026B0460CE005EB0800FE
:10B94000E8F748FA04F8160004EB4601FF204870B7
:10B950001498761C8044BE42F0DB119804440B9886
:10B96000054409F1010081465045E4DBBBF1FD0FC0
:10B9700020D200201BE00026B14610E005EB0900B4
:10B98000E8F728FA60F3070840466BF30F2004EB52
:10B9900046010FAAE8F772FA1499761C8944BE4250
:10B9A000ECDB119804440B9805440798401C079061
:10B9B0005045E0DB15B0BDE8F08F002006460C9046
:10B9C000069017E02844E8F705FA0C9960F3070899
:10B9D000404619F801100FAA61F30F2004EB46014D
:10B9E000E8F74CFA0C981499401C0C900698761CB9
:10B9F00008440690BE42E5DB11980A9904440B986E
:10BA0000894405440798401C07905045D5DBB9F19F
:10BA1000000FCFD0BBF1FD0FCCD2002029E00020D9
:10BA20000646039006901AE02844E8F7D3F960F33D
:10BA30000708039819F8001011FB0BF0010A4046A3
:10BA400061F30F2004EB46010FAAE8F717FA0398F9
:10BA50001499401C03900698761C08440690BE4238
:10BA6000E2DB11980A9904440B988944054407982D
:10BA7000401C07905045D2DB9CE700BF4FF0000808
:10BA800040461DE006982844E8F7A4F9414660F3D3
:10BA90000701B9F1000F25D019F8082012FB0BF0AF
:10BAA000000A60F30F2100BF96F8222004EB480043
:10BAB0000FABDAF7C9FE1499069808F1010808449B
:10BAC0000690B845DEDBB9F1000F01D00A99894430
:10BAD000119804440B9805440798401C0790504562
:10BAE000CCDB67E76BF30F21DEE700002DE9F34FB6
:10BAF000804693B0D8E9016790F821B00568C06826
:10BB00001290D8E906401190D8E9049007900DA84A
:10BB1000E8F755FD98F8220008B1002025E1B9F1B9
:10BB2000000F04D0BBF1FD0F77D30020A5E0BBF1DF
:10BB3000FD0F3CD31498042803D003286AD10020B9
:10BB40002FE04FEA860900200AE04A4621462846AF
:10BB5000F2F770FF129805441198044408F10100AF
:10BB60008046B842F1DB1FE0002001464FF0FF0C99
:10BB70000FE0631805EB800293F8028082F80280E0
:10BB80005B785370635C05F82030401C82F803C07A
:10BB9000C91CB042EDDB129805441198044409F128
:10BBA00001008146B842DFDBBBF1FD0F32D25046C7
:10BBB0006BF31F608246002029E000BF4FF00008B1
:10BBC00040461BE004EB090150468A78497862F34D
:10BBD000174061F30F2014F809100DAA61F3070054
:10BBE00005EB8801059182460968E8F741FA059955
:10BBF00008F101080860149909EB01008146B0457D
:10BC0000E0DB12980544119804440BF101008346CF
:10BC1000B842D3DB15B0BDE8F08F37E04FF0000835
:10BC200040461FE019F80810504661F31F600A995A
:10BC300021448A78497862F3174061F30F200A990A
:10BC40000DAA615C61F3070005EB88010B91824648
:10BC50000968E8F70DFA0B9908F1010808601499D2
:10BC60000A9808440A90B045DCDB1298079905440D
:10BC70001198894404440698401C0690B842CDDBD4
:10BC8000B9F1000FC6D0BBF1FD0FC3D2002031E0E7
:10BC90004FF00008404622E019F8081011FB0BF0A5
:10BCA000010A504661F31F600A9921448A78497855
:10BCB00062F3174061F30F200A990DAA615C61F3EA
:10BCC000070005EB88010B9182460968E8F7D0F977
:10BCD0000B9908F10108086014990A9808440A9021
:10BCE000B045D9DB1298079905441198894404445A
:10BCF0000698401C0690B842CADB8BE74FF0000A5A
:10BD0000504624E00A98211800988A78497862F30E
:10BD1000174061F30F200A99B9F1000F615C61F3DC
:10BD2000070026D019F80A2012FB0BF1090A61F36B
:10BD30001F60009098F8222005EB8A000DAB009957
:10BD4000DAF7B2FD14990A980AF1010A08440A9038
:10BD5000B245D7DBB9F1000F01D007998944129899
:10BD60000544119804440698401C0690B842C5DB6F
:10BD700050E76BF31F60DCE72DE9F34F804695B089
:10BD8000D8E9016790F821B00568C0681390D8E938
:10BD900006400C90D8E9049009900FA8E8F724FC1D
:10BDA00098F8220008B1002043E1B9F1000F04D057
:10BDB000BBF1FD0F7ED30020BCE05846BBF1FD0F68
:10BDC0003DD31698042803D0032877D100202FE014
:10BDD0004FEA860900200AE04A4621462846F2F743
:10BDE00029FE139805440C98044408F1010080468C
:10BDF000B842F1DB1FE000210A464FF0FF0C0FE0D4
:10BE0000A31805EB810093F8028080F802805B782C
:10BE10004370A35C05F82130491C80F803C0D21C94
:10BE2000B142EDDB139805440C98044409F101007C
:10BE30008146B842DFDB5846BBF1FD0F3ED20146DA
:10BE4000504661F31F608246002031E04FF0000849
:10BE5000404624E004EB09018A7812FB0BF0020A49
:10BE6000504662F317404A7812FB0BF1090A14F8A6
:10BE7000092061F30F2012FB0BF1090A61F307009F
:10BE800005EB88010791824609680FAAE8F73BF99C
:10BE9000079908F101080860169909EB010081462D
:10BEA000B045D7DB139805440C9804440898401C0F
:10BEB000089001E047E001E0B842C7DB17B0BDE8F9
:10BEC000F08F00BF4FF00008404628E0059A19F8AF
:10BED000081022445046937861F31F6013FB01F36E
:10BEE0001B0A527863F3174012FB01F2120A62F345
:10BEF0000F20059AA25C12FB01F1090A61F3070009
:10BF000005EB88010B91824609680FAAE8F7FBF858
:10BF10000B9908F1010808601699059808440590E6
:10BF2000B045D3DB1398099905440C98894404441F
:10BF30000898401C0890B842C4DBB9F1000FBDD08E
:10BF4000BBF1FD0FBAD2002038E000BF4FF000086F
:10BF5000404628E019F8081011FB0BF0059A010A79
:10BF600022445046937852784B4361F31F601B0A7A
:10BF70004A4363F31740120A62F30F20059AA25C4A
:10BF80004A43110A61F3070005EB88010B918246D1
:10BF900009680FAAE8F7B7F80B9908F101080860DB
:10BFA0001699059808440590B045D3DB1398099974
:10BFB00005440C98894404440898401C0890B842F1
:10BFC000C4DB7BE74FF0000A504624E005982118B7
:10BFD00000988A78497862F3174061F30F20059939
:10BFE000B9F1000F615C61F3070026D019F80A204F
:10BFF00012FB0BF1090A61F31F60009098F82220F0
:10C0000005EB8A000FAB0099DAF793FD16990598B6
:10C010000AF1010A08440590B245D7DBB9F1000FD7
:10C0200001D009998944139805440C980444089850
:10C03000401C0890B842C5DB40E76BF31F60DCE7AB
:10C040002DE9F04FD0E9015693B08A4690F82110BF
:10C050000F9101680091C1680E91D0E906410D91E0
:10C06000D0E904810B91416A90F82200CA1701EBD4
:10C07000527222F00702A1EB020900282DD10F987D
:10C08000B8F1000F04D0FD284FF000007ED2D3E0BD
:10C09000FD284FF000001DD222E00027B8460FE037
:10C0A00004EB0800E7F796FE7F28009807EB0901EC
:10C0B00002D901F02FF901E0DBF7B8FFD0447F1C73
:10C0C000AF42EDDB00990E98084400900D980444AF
:10C0D0000BF101008346B042DFDB13B0BDE8F08F07
:10C0E0008346B042F9DA0027B84620E004EB0800A6
:10C0F000E7F770FE07EB09010B9003910098DFF75B
:10C1000032FEC0EB00208DF828000AA90F9A0B9888
:10C11000E8F7ECF89DF8280003997F28009802D9E9
:10C1200001F0F8F801E0DBF781FFD0447F1CAF425B
:10C13000DCDB0E990098084400900D9804440BF144
:10C140000100CDE74FF0000B5F465846CDF818B020
:10C1500025E02044E7F73EFE07EB090110900C9123
:10C160000098DFF700FEC0EB00208DF83C0018F8C7
:10C170000B200FA91098E8F7B9F89DF83C000C992E
:10C180007F28009803D901F0C5F802E013E0DBF73F
:10C190004DFF06980BF1010B50447F1C0690AF42F7
:10C1A000D7DB00990E98084400900D980B99044431
:10C1B00005988844401C0590B042C3DB8DE700BF62
:10C1C0004FF0000B5F465846CDF818B028E02044E9
:10C1D000E7F700FE07EB09010C9111900098DFF7DB
:10C1E000C2FDC0EB00208DF8400018F80B100F982E
:10C1F00011FB00F0020A10A91198E8F777F89DF8F2
:10C2000040000C997F28009802D901F083F801E0E2
:10C21000DBF70CFF06980BF1010B50447F1C0690D6
:10C22000AF42D4DB0E990098084400900D980B990A
:10C23000044405988844401C0590B042C0DB4CE79C
:10C240002DE9F34F064691B0D6E90170814696F884
:10C2500021B03568F0680B90D6E906400A90D6E91F
:10C260000480089096F8220008B10020CEE0B8F1D2
:10C27000000F04D0BBF1FD0F69D300205EE0BBF1DD
:10C28000FD0F1BD3002013E00026B04608E000BFDE
:10C2900004EB0800E7F79EFDA8551298761C804431
:10C2A000BE42F5DB0B9805440A9804440AF10100EC
:10C2B00082464845E8DBBBF1FD0F1BD2002016E0AB
:10C2C0000026B0460BE000BF04EB0800E7F782FD54
:10C2D000A9195A46E8F718F81299761C8844BE4204
:10C2E000F2DB0B9805440A9804440AF101008246E7
:10C2F0004845E5DB13B0BDE8F08F00BF4FF0000A02
:10C3000056465046CDF814A00EE02044E7F762FDF3
:10C3100018F80A20A919E7F7F7FF129905980AF10A
:10C32000010A0844761C0590BE42EEDB0B98089982
:10C3300005440A98884404440698401C06904845E1
:10C34000DCDBB8F1000FD5D0BBF1FD0FD2D200205D
:10C3500021E0002006468246029012E004EB0A002B
:10C36000E7F738FD029A18F8022012FB0BF10A0ACF
:10C37000A919E7F7C9FF02981299401C02908A4454
:10C38000761CBE42EADB0B98089905440A9888445B
:10C3900004440698401C06904845DADBAAE700BF33
:10C3A0004FF0000A504623E00598211802988A7839
:10C3B000497862F3174061F30F200599B8F1000F37
:10C3C000615C61F3070025D018F80A2012FB0BF11D
:10C3D000090A61F31F60029096F8222005EB0A001B
:10C3E0000299DAF710FB129905980AF1010A08443C
:10C3F0000590BA45D8DBB8F1000F01D00899884400
:10C400000B9805440A9804440698401C0690484539
:10C41000C6DB6FE76BF31F60DDE700002DE9F04F2F
:10C42000804687B0D8E90170824698F821000190D3
:10C43000D8F80040D8F80C000290D8E906500390D4
:10C44000D8E90490059098F822008B4608B10020A6
:10C4500010E10198B9F1000F03D0FD2863D300204B
:10C4600058E0FD2821D300221AE00020014610E008
:10C470006B189E785B7806F0F806360203F0FC0332
:10C4800006EBC3036E5C594403EBD60324F810306B
:10C49000401CB842ECDB0298521C0444039805444B
:10C4A0005245E2DB07B0BDE8F08F002081465045E1
:10C4B000F8DA0026B0460AE034F8161005EB08005A
:10C4C000019AE7F73DFD24F81600D844761CBE42D9
:10C4D000F2DB029804440398054409F10100E5E702
:10C4E0000026B0460CE000BF19F8062034F81610FC
:10C4F00005EB0800E7F724FD24F81600D844761C65
:10C50000BE42F1DB0298059904440398894405442E
:10C510000098401C00905045E2DBB9F1000FC1D0FB
:10C520000198FD28BED200201CE00026B0460FE096
:10C5300019F80610019811FB00F0020A34F81610E1
:10C5400005EB0800E7F7FCFC24F81600D844761C3D
:10C55000BE42EDDB029805990444039889440544E2
:10C560000098401C00905045DFDB9BE700260096BA
:10C57000049472E098F82200012830D002287CD080
:10C5800003287BD004288DD10498009A2A4430F8DF
:10C5900016009378C10AA1EBD301002902DCD90867
:10C5A000A1EBD0214FF6FF7303EAC12392F801C03B
:10C5B000C0F34511A1EB9C02002A01DCC1EB9C02F7
:10C5C00003EB421100F01F0300988AB2295CA3EB31
:10C5D000D100002801DCC3EBD100104424E0049812
:10C5E00000996A1830F816009178C30A03EBD1015C
:10C5F0001F2900D31F214FF6FF7303EAC12352788E
:10C60000C0F3451101EB92013F2900D33F21009A6D
:10C6100000F01F0003EB4111AA5C89B200EBD200CD
:10C620001F2800D31F20084480B2B9F1000F6DD03D
:10C63000019919F80620FD2903D2019912FB01F195
:10C640000A0A34F8161000BFE7F7FAFB24F81600C0
:10C650000099761C01EB0B000090BE428ADB029829
:10C66000B9F1000F04440398054401D005998944A9
:10C670000698401C0690504501E003E027E0FFF6D5
:10C6800075AF0FE7049830F816300098D90A2A18C9
:10C690009078A1EBD000002800DC00204FF6FF715D
:10C6A00001EAC0215278C3F34510A0EB92000028A4
:10C6B00000DC002001EB401081B2009803F01F0263
:10C6C000285CA2EBD0000028ADDC0020ABE704988A
:10C6D00030F816100098CA0A28448378DB0812FB49
:10C6E00003F252094078D202C1F34513800813FBCC
:10C6F00000F0800902EB401001F01F020099695C14
:10C70000C90812FB01F100EB51108DE734F8161047
:10C71000019A99E72DE9F04F804687B0D8E901707A
:10C72000824698F821000190D8F80040D8F80C0013
:10C730000290D8E906500390D8E90490059098F843
:10C7400022008B4608B100202BE10198B9F1000FBF
:10C7500003D0FD2874D3002069E0FD284FF00000CD
:10C7600022D227E00026B04616E000BF05EB080005
:10C770008178407801F0F801090200F0FC0001EB3B
:10C78000C00115F8080001EBD00080B2E7F788FF80
:10C7900024F81600D844761CBE42E7DB0298044415
:10C7A0000398054409F1010081465045DADB07B0E2
:10C7B000BDE8F08F81465045F9DA0026B0460FE01B
:10C7C00034F81600E7F76CFF014605EB0800019A04
:10C7D000E7F7EFFBE7F764FF24F81600D844761C70
:10C7E000BE42EDDB029804440398054409F10100C0
:10C7F000E0E70026B04610E034F81600E7F750FFF7
:10C80000014619F8062005EB0800E7F7D2FBE7F729
:10C8100047FF24F81600D844761CBE42ECDB029891
:10C82000044403980544059881440098401C0090F6
:10C830005045DEDBB9F1000FB9D00198FD28B6D222
:10C84000002022E00026B04615E000BF34F81600B4
:10C85000E7F726FF014619F80620019812FB00F0C1
:10C86000020A05EB0800E7F7A4FBE7F719FF24F835
:10C870001600D844761CBE42E8DB029804440398B4
:10C880000544059881440098401C00905045D9DB30
:10C890008DE7394620460494EDF752FD00260096B8
:10C8A00072E000BF98F8220001282FD002287FD024
:10C8B00003287CD00428EBD10498009AAB1830F8F8
:10C8C00016009A78C10AA1EBD201002902DCD10836
:10C8D000A1EBD0214FF6FF7202EAC12C5B78C0F3C6
:10C8E0004512A2EB9301002901DCC2EB930100F099
:10C8F0001F0300980CEB411189B22A5CA3EBD20014
:10C90000002801DCC3EBD200084424E0049800991D
:10C910006A1830F816009178C30A03EBD1011F2979
:10C9200000D31F214FF6FF7303EAC1235178C0F3F0
:10C93000451C0CEB91013F2900D33F2100F01F0261
:10C94000009803EB411189B2285C02EBD0001F284C
:10C95000DAD31F20D8E780B2B9F1000F6CD001996B
:10C9600019F80620FD2903D2019912FB01F10A0AE8
:10C9700034F81610E7F764FAE7F792FE24F8160089
:10C980000098761C58440090BE428BDB0298B9F1A7
:10C99000000F04440398054401D005998944069882
:10C9A000401C06905045FFF674AF00E700E024E01D
:10C9B000049800996A1830F816009178C30AA3EB1E
:10C9C000D101002900DC00214FF6FF7303EAC123E7
:10C9D0005278C0F34511A1EB9201002900DC00213F
:10C9E00000F01F02009803EB411189B2285CA2EB12
:10C9F000D000002888DC002086E7049830F8161064
:10CA00000098CA0A28448378DB0812FB03F2520913
:10CA10004078D202C1F34513800813FB00F080096F
:10CA200002EB401001F01F020099695CC90812FB7B
:10CA300001F100EB51108EE734F81610019A99E7D6
:10CA40002DE9F74F90B080464668876890F821003E
:10CA50000790D8F80050D8F80C000C90D8E90640A0
:10CA60000B90D8E9049009908A4698F8220006FBBA
:10CA70000AF608B10020E9E00798B9F1000F03D0E9
:10CA8000FD287CD3002076E0FD2834D31298504551
:10CA900010D100200AE0324621462846F1F7CAFFAD
:10CAA0000C9805440B98044408F101008046B842F4
:10CAB000F1DB1DE0002219E0002001460FE0635C7D
:10CAC0002B5404EB010C2B189CF8018083F8018097
:10CAD0009CF802C083F802C0129B50441944B04233
:10CAE000EDDB0C98521C05440B980444BA42E3DB7E
:10CAF0000798FD281DD2002018E000BF4FF0000865
:10CB000040460AE005EB080104EB0900079AE7F745
:10CB100089FA1299D04409EB01008146B045F1DB56
:10CB20000C9805440B9804440BF101008346B8426D
:10CB3000E4DB13B0BDE8F08F0020804608900FE0E2
:10CB4000089904EB0B0019F8012005EB0801E7F741
:10CB500069FA0898D044401C089012990BEB010028
:10CB60008346B045ECDB0C98099905440B98894441
:10CB700004440498401C0490B842DDDB00E005E06A
:10CB8000B9F1000FD5D00798FD28D2D2002022E0BD
:10CB900000208046089013E00899079819F80110C2
:10CBA00011FB00F0020A05EB080104EB0B00E7F7AC
:10CBB00039FA0898D044401C089012990BEB0100F8
:10CBC0008346B045E8DB0C98099905440B988944E5
:10CBD00004440498401C0490B842D9DBA9E700BF84
:10CBE0004FF0000B584623E00698211808988A78E1
:10CBF000497862F3174061F30F200699B9F1000FED
:10CC0000615C61F3070025D019F80B20079912FB2E
:10CC100001F1090A61F31F60089098F8222005EBE2
:10CC20000B000899D9F71EFF12990698D3440844BF
:10CC30000690B345D8DBB9F1000F01D009998944BA
:10CC40000C9805440B9804440498401C0490B84286
:10CC5000C6DB6EE70799DDE72DE9F04389B0904622
:10CC60000E460446F6F7E2FD2046F4F780FB8146C7
:10CC70002046F3F7F8FA074607A92046EFF704FE27
:10CC8000B4F84C00B4F8481080B289B2CDE9001075
:10CC900007AD02953A46494603A8636CEFF7A1FA3F
:10CCA000039861690844401E03900498A1690844F0
:10CCB000401E0490059861690844401C0590069840
:10CCC000A1690844401C069003A92046F4F7D7FE4A
:10CCD000C4E912682046F3F791FA06460021E7F707
:10CCE0009DFE2046F5F780FD01213046E7F796FED0
:10CCF000B4F84C00B4F8481080B289B2CDE9001005
:10CD000002953A46494603A8636CEFF76AFA03981E
:10CD100061690844401E03900498A1690844401EBC
:10CD20000490059861690844401C05900698A16923
:10CD30000844401C069003A92046F4F7A0FE09B061
:10CD4000BDE8F08370B505460068F3F757FA04466E
:10CD5000D0F8C80200222F21F6F7D1F800223021A6
:10CD6000D4F8D002F6F7CBF8D4F8D00228B194F872
:10CD7000DC12890701D5F2F771FE0020C4F8D00259
:10CD800094F8DC12002221F0010184F8DC12C4F8CE
:10CD9000D402622104F532742868F5F71BFE20687E
:10CDA000BDE87040F4F74CBE10B504460068F3F7D8
:10CDB00025FAD0F8C812C0F8D0122368C0F8C832DB
:10CDC0000022BDE810402E211846F6F798B870B53D
:10CDD000060025D0F3F712FA040025D0D4F8C85283
:10CDE00025B100222D212846F6F789F800222E21B0
:10CDF0003046F6F784F80020C4F8C8620246C4F84A
:10CE0000D4022F213046F6F77AF825B100223021DE
:10CE10002846F6F774F83046BDE87040F4F710BEC7
:10CE2000BDE87040E5F752BC70BD10B50068F3F77F
:10CE300079FABDE81040E2F733BC00002DE9FF4F5E
:10CE400085B091460C460846F3F76CFA0646102169
:10CE5000F4F7D0FA002876D03046F3F7C5FA8346C7
:10CE600000253046F3F78AFB1434CDE9014000B9C0
:10CE7000059C00213046F4F781F9804600213046B8
:10CE8000F4F7EFF80090B169606841440A1AD9F8E4
:10CE900004100098571A326A101AE268801AA1EB3F
:10CEA000000A3046F3F7DFF9A0EB08010098081AF2
:10CEB0000390002F0BDBBAF1000F13DA002F06DD11
:10CEC0003D463046F3F762FB401B0AD40AE0BAF154
:10CED000000007DD07467D423046F3F735FAB842D9
:10CEE00000D500250298A0B1012804D0022809D05D
:10CEF00003280ED115E0B16901EB080061682944EF
:10CF0000401A05E0316A0098091AE0682844081AB6
:10CF1000054400243046F3F729FB0090A0B10198A6
:10CF200013E00398B16900EBD07208EB62000F18B0
:10CF30002046E5F7DCF900EBD070616805EB600096
:10CF40000844381AE4E79FE00598002180463046FF
:10CF5000F4F7B6F8824600213046F4F7E0F8019085
:10CF60007169D8F800005144D9F80020091A881ACC
:10CF7000F3690199A3EB0103D8F80810A3EB0101B1
:10CF8000A2EB01070AD4002F11DA002806DD0446BF
:10CF90003046F3F731FA001B08D408E0002F06DD15
:10CFA0007C423046F3F786FAB84200D5002430467A
:10CFB000F4F7DDF9A0EB0A010198081A0099A1B174
:10CFC000012904D0022908D003290ED119E0716982
:10CFD00001EB0A00D8F8001004E0F1690198081A82
:10CFE000D8F808102144401A044429493046E4F78F
:10CFF00089F928493046E4F785F95FEACB7012D009
:10D0000014E000EBD07271690AEB62000F18404621
:10D01000E5F77CF900EBD070D8F8001004EB600065
:10D020000844381AE0E7002C00DA00245FEA8B702D
:10D0300002D4002C00DD00245FEA4B7002D4002DE6
:10D0400000DA00255FEA0B7002D4002D00DD002518
:10D050000898D9F80010002800D020460144C9F8EB
:10D060000010D9F8041001D0284601E04FF000006C
:10D070000144C9F80410089B09B02A4621463046ED
:10D08000BDE8F04FF5F7B6BD09B0BDE8F08F000080
:10D090007FD1020869D1020890F85C10090704D515
:10D0A000002200680E21F5F72ABF704730B59AB10B
:10D0B000D0F8BC401368E518D0F8E8309D4201DA9A
:10D0C0001B1B1360D0F8BC401368E518D0F8F03093
:10D0D0009D4201DD1B1B1360002912D0D0F8B8302F
:10D0E0000A689C18D0F8E420944201DAD21A0A6047
:10D0F00050F8B82F0B68406B1344834201DD801A4F
:10D10000086030BD1FB504466B46D4E91021DEF738
:10D110006FFF0098002801DA41420AE02046F4F748
:10D1200026F90299884209DA2046F4F720F9029993
:10D13000411A012300222046F5F7F0FD019800284E
:10D1400001DA42420AE02046F3F78DF8039988425B
:10D1500009DA2046F3F787F80399421A01230021E0
:10D160002046F5F7DBFD1FBD10B50346F3F714FAB3
:10D170000144BDE8104000221846F5F732BE10B554
:10D180000346F3F70FFA4218BDE810400021184695
:10D19000F5F727BEF8B505460C460846EAF746F906
:10D1A0004FF4803631462846F3F792FD84F82E007E
:10D1B00002280CD9284631461C22F3F7DBFE0090EA
:10D1C000BDF8000060869DF8020084F8340028460F
:10D1D00031463222F3F7CEFEC0B2002784F82F008A
:10D1E000022817D931462846F3F79EFD60640028CF
:10D1F0000EDD284631463122F3F7BCFE0090BDF823
:10D200000000A4F841009DF8020084F8430001E00A
:10D2100084F82F70284631463E22F3F7ABFEC0B2A9
:10D2200084F8310002281ED9284631463C22F3F703
:10D23000A1FEA065002814DD284642223146F3F7FE
:10D2400099FE606628463D223146F3F793FE009032
:10D25000BDF80000A4F854009DF8020084F85600C0
:10D2600001E084F8317031462846F3F7CFFDFD2800
:10D270000AD294F82E1011FB00F0000A84F82E0058
:10D2800084F82F0084F8310094F82E0030B994F817
:10D290002F0018B994F83100002805D031462846EF
:10D2A000F3F780FEE0610120F8BD00002DE9F041B8
:10D2B000174E0F460446356D01280BD0042C09D0BB
:10D2C0000A2C07D00B2C05D0082C03D0092C01D038
:10D2D000122C0FD101462846726DF0F7ADF92846A1
:10D2E000E2F74CF978B9E87AC10603D520F01000CE
:10D2F000E8720BE03A462146706DF5F700FE2846CD
:10D30000E2F73CF910B10020BDE8F0810120FBE715
:10D3100078B50020CA1701EB527200EBE20022F050
:10D320000702891AC1F107020378012191400B43DA
:10D33000037070474165F4F783BB8165F4F780BBE8
:10D34000F6F723B8F6F73BB8F6F739B82DE9F84FFA
:10D3500004464F1091460D464FEA610AC80700D1B6
:10D360007F1E60008346F1F7DDFA06464B4600203B
:10D3700026E000BF03EB4400009030F8021C694334
:10D38000601E15D4002200EB0A0C26F81010A445EC
:10D3900001DA33F81C208A1AC11B012901D519882A
:10D3A00003E003EB410131F8021C401E1144E9D5B2
:10D3B0005A4631461846F1F73DFB009B08F1010043
:10D3C0008046A042D6DB4FF47F51B1FBF5F21FFA45
:10D3D00082FC002004FB04F20DE000BF39F810309D
:10D3E00043B18B4202D129F810C003E093FBF5F35F
:10D3F00029F81030401C8242F0D8002039E000BFEC
:10D4000009EB40039B461A886A43002123E0002A67
:10D4100002DA4FF0000C01E04FEAA21C26F811C01E
:10D42000A1EB0A0CBCF1000F02DCB3F800C003E072
:10D430000CFB040839F818C0A2EB0C0CCA19521CDA
:10D44000A24200DB621E02FB040803EB440339F82E
:10D450001820491C6244A142D9DB5A46002105E04C
:10D4600036F81130138002EB4402491CA142F7DB6D
:10D47000401CA042C4DB3046BDE8F84FEEF756BB77
:10D480002DE9F0470E468EB01F46814601461546EF
:10D490009046D4190AA8E4F779FE05EBD57007EB9E
:10D4A000600145F30002891A891E0C91012101EBEC
:10D4B00060000B904846E4F729FF0C99081A0A907F
:10D4C0004846E4F714FF0B99002308440D903A46B0
:10D4D0000AA901A8ECF7D8FD4546B8F1010F01D023
:10D4E0004FEA68052046F1F71DFA814637460020CD
:10D4F00035E02246FF214846F1F757FB01A800908E
:10D50000DDF804C02346524600214846E04738B1C2
:10D5100099F80000800190FBF5F03880012018E0B8
:10D52000384662000021F1F740FB14E009EB0002ED
:10D5300019F8001012F8012C914204D107EB4001B8
:10D5400031F8021C02E0890191FBF5F127F8101077
:10D55000401CA042EADB07EB44070AF101008246C7
:10D56000A042C6DB4846EEF7E1FA01A8ECF7B0FCB2
:10D57000012D12D0324629462046FFF7E7FE08F07B
:10D5800001004119012926DD4FF47F5090FBF1F293
:10D5900095B2002004FB04F217E00020644304E08D
:10D5A00036F810108A093254401C8442F8DC0EB060
:10D5B000BDE8F08736F8103033B1FF2B0ED09B0159
:10D5C00093FBF1F326F81030401C8242F2D8324629
:10D5D0002046FFF7BBFE0020644307E026F810500A
:10D5E000F2E700BF16F810103154401C8442F9DCF9
:10D5F000DDE700687047000030B599B004464FF48D
:10D60000C0216722F3F7B6FC050025D06846E3F792
:10D61000B7FE21466846E3F776FF14496846E3F70C
:10D620005CFF29466846E3F750FF29466846E3F762
:10D630005EFF002201216846E3F75FFF0C49684660
:10D64000E3F74DFF4FF0FF316846E3F74AFF6846C6
:10D65000E3F77AFF19B030BD04492046E3F752FEE4
:10D6600014F8640F40F001002070F3E767800008B1
:10D67000451401082DE9F0410546007A2F680E4651
:10D68000FF2803D007EB8007002414E0002404E007
:10D69000F1B2F7F7C9FB50B9641C17F83400002841
:10D6A000F6D10BE0F1B2385DF7F7BEFB10B1012007
:10D6B000BDE8F081641C287AA042F3D80020F7E787
:10D6C0002DE9FC47044690F82400C00703D0FE482B
:10D6D000E6F78EFE03E004211220F6F7EBF8009047
:10D6E000BDF8000020869DF8020084F8320094F80E
:10D6F0002400C00704D005211220F6F7DBF803E070
:10D7000004211220F6F7B6F80090BDF80000A4F846
:10D7100033009DF8020084F8350094F82400C00717
:10D7200003D0EA48E6F764FE01E0E6F7EFFF009079
:10D73000BDF80000E0869DF8020084F8380094F8F7
:10D740002400C00703D0E248E6F752FE03E00221BE
:10D750001220F6F7AFF80090BDF80000A4F83900E9
:10D760009DF8020084F83B0004F5C270804601F089
:10D7700095F904F5C870074601F090F90025462098
:10D78000CDE9000504F52F705023D24AD249064650
:10D79000F7F732FD04F5347000955023CD4ACE4999
:10D7A00081460195F7F728FD31464046F7F71CFD05
:10D7B00049463846F7F718FD04F14C00064601F0DB
:10D7C0006DF994F82400C00704D002211220F6F766
:10D7D00051F802E01220F6F78BF801463046F7F7D1
:10D7E000B1FB47F6FF7841463046F7F7A4FCE06A04
:10D7F0004FF4A077C0EBC000A0255030B84202DB48
:10D8000090FBF5F100E001213046F7F703FCE06AF8
:10D8100000EB80005030B84202DB90FBF5F100E0F5
:10D8200001213046F7F7E4FC66213046F7F799FB13
:10D8300049463046F7F7D8FC04F15800064601F097
:10D840002DF9FF213046F7F78CFB04F14000064626
:10D8500001F024F9FF213046F7F783FB3046216BB6
:10D86000F7F770FBB4F83300ADF8000094F835001A
:10D870008DF8020030460099F7F797FC3046E169D1
:10D88000F7F7A2FC94F82810E06A012910D00229C9
:10D8900010D00A2242435032BA4211DB01290BD088
:10D8A00002290BD00A214843503090FBF5F108E0E3
:10D8B0000E22EFE70C22EDE70E21F4E70C21F2E750
:10D8C00001213046F7F7DFFB94F82810E06A0129C0
:10D8D00010D0022910D00A2242435032BA4211DB42
:10D8E00001290BD002290BD00A214843503090FB6C
:10D8F000F5F108E00E22EFE70C22EDE70E21F4E748
:10D900000C21F2E701213046F7F79BFBE06AC117D3
:10D9100000EB9170801001023046F7F723FC04F110
:10D920006400814601F0BAF894F82820E06A012AE0
:10D930000CD0082141435031B9420BDB012A07D0FA
:10D9400008214843503090FBF5F104E00C21F1E749
:10D950000C21F6E701214846F7F7EDFBFF21484689
:10D96000F7F7FFFAD4F836104846F7F7EBFAB4F8B1
:10D970003900ADF8000094F83B008DF802004846ED
:10D980000099F7F7F2FAE06A502606EB4000B84239
:10D9900002DB90FBF5F100E001214846F7F700FBC0
:10D9A00001214846F7F7F4FAB4F83300ADF8000067
:10D9B00094F835008DF8020048460099F7F7F5FB1A
:10D9C00094F82810E06A012910D0022910D0102202
:10D9D00042435032BA4211DB01290BD002290BD04D
:10D9E00010214843503090FBF5F108E01822EFE792
:10D9F0001422EDE71821F4E71421F2E7012148464B
:10DA0000F7F708FB94F82810E06A012910D00229E2
:10DA100010D00A2242435032BA4211DB01290BD006
:10DA200002290BD00A214843503090FBF5F108E061
:10DA30000E22EFE70C22EDE70E21F4E70C21F2E7CE
:10DA400001214846F7F71FFB94F82810E06A0129E6
:10DA500010D0022910D00A2242435032BA4211DBC0
:10DA600001290BD002290BD00A214843503090FBEA
:10DA7000F5F108E00E22EFE70C22EDE70E21F4E7C6
:10DA80000C21F2E701214846F7F7DBFA1220F5F7FF
:10DA90002FFF01464846F7F78BFAE06A5030B8424C
:10DAA00002DB90FBF5F100E001214846F7F78FFA21
:10DAB00004F59870814600F0F1FF48462169F7F7B8
:10DAC0008EFAE06A0AE000001A171500302B2800D1
:10DAD00037322F0021140108A0CC040800EB4000CD
:10DAE0005030B84202DB90FBF5F100E001214846DE
:10DAF000F7F78CFAE06A00EB40005030B84202DBE6
:10DB000090FBF5F100E001214846F7F77BFA7F2111
:10DB10004846F7F773FA04F59E70814600F0BEFFA1
:10DB2000B4F81300ADF80000607D8DF8020048469F
:10DB30000099F7F754FAE06A00EB40005030B84221
:10DB400002DB90FBF5F100E001214846F7F75EFAB1
:10DB50007F214846F7F752FA04F17000814600F041
:10DB60009DFFE26A94F828101046012910D002297E
:10DB700010D008235A435032BA4211DB01290BD08E
:10DB800002290BD008214843503090FBF5F108E002
:10DB90001023EFE70C23EDE71021F4E70C21F2E767
:10DBA00001214846F7F7C7FAFF214846F7F7D9F9A8
:10DBB000B4F83900ADF8000094F83B008DF802008D
:10DBC00048460099F7F7BEF994F82400C0075FD1E2
:10DBD0001220F5F78DFE01464846F7F7C7FA0020F8
:10DBE000E6F742FF00EB40005030B84208DB00206F
:10DBF000E6F73AFF00EB4000503090FBF5F100E013
:10DC000001214846F7F7C9FA7F214846F7F7C1FADC
:10DC10000020E6F729FF06EB8000B84207DB002072
:10DC2000E6F722FF06EB800090FBF5F070B10020D4
:10DC3000E6F71AFF06EB8000B84209DB0020E6F7A2
:10DC400013FF06EB800090FBF5F002E000211CE0E2
:10DC50000120E16A48435030B84215DB0020E6F766
:10DC600003FF06EB8000B84207DB0020E6F7FCFE6E
:10DC700006EB800090FBF5F000E00120E16A4843EC
:10DC8000503090FBF5F100E001214846F7F77DFAAE
:10DC9000B4F83300ADF8000094F835008DF80200B8
:10DCA00048460099F7F781FA94F82810E06A0129AC
:10DCB00010D0022910D0102242435032BA4211DB58
:10DCC00001290BD002290BD010214843503090FB82
:10DCD000F5F108E01822EFE71422EDE71821F4E748
:10DCE0001421F2E701214846F7F7BAF994F8281011
:10DCF000E06A012910D0022910D00A224243503292
:10DD0000BA4211DB01290BD002290BD00A2148436A
:10DD1000503090FBF5F108E00E22EFE70C22EDE722
:10DD20000E21F4E70C21F2E701214846F7F7B3F999
:10DD3000E06A00EB80005030B84202DB90FBF5F166
:10DD400000E001214846F7F77CF9E06A00EB80002B
:10DD50005030B84202DB90FBF5F100E0012148466B
:10DD6000F7F791F904F1C400814600F097FEE6F759
:10DD7000D9FA01464846F7F7E2F923214846F7F772
:10DD8000EDF904F1D000814600F088FEFE484FF026
:10DD90000201D0F8C80190F82400C0074FF012002B
:10DDA00002D0F5F767FD01E0F5F784FD014648462E
:10DDB000F7F7C5F97F214846F7F7D0F904F5B070B9
:10DDC000814600F06BFE01214846F7F7EDF801218E
:10DDD0004846F7F7DDF804F58070814600F05EFEF6
:10DDE00094F82810E06A012910D0022910D01022DE
:10DDF00042435032BA4211DB01290BD002290BD029
:10DE000010214843503090FBF5F108E01822EFE76D
:10DE10001422EDE71821F4E71421F2E70121484626
:10DE2000F7F7F8F894F82800E16A012810D00228E2
:10DE300010D010224A435032BA4211DB01280BD0D5
:10DE400002280BD010204143503191FBF5F108E03E
:10DE50001822EFE71422EDE71820F4E71420F2E788
:10DE600001214846F7F70FF994F82810E06A0129D4
:10DE700010D0022910D0102242435032BA4211DB96
:10DE800001290BD002290BD010214843503090FBC0
:10DE9000F5F108E01822EFE71422EDE71821F4E786
:10DEA0001421F2E701214846F7F7CBF804F1F4001A
:10DEB000814600F0F3FD94F82810E06A012910D0A3
:10DEC000022910D00A2242435032BA4211DB012902
:10DED0000BD002290BD00A214843503090FBF5F1BA
:10DEE00008E00E22EFE70C22EDE70E21F4E70C210B
:10DEF000F2E701214846F7F78DF894F82810E06A18
:10DF0000012910D0022910D00A2242435032BA42CD
:10DF100011DB01290BD002290BD00A2148435030D4
:10DF200090FBF5F108E00E22EFE70C22EDE70E2161
:10DF3000F4E70C21F2E701214846F7F786F804F5EB
:10DF40008670814600F0AAFDE06A00EB800006EBD7
:10DF50004000B84202DB90FBF5F100E001214846A9
:10DF6000F7F791F8E06A00EB800006EB4000B8425A
:10DF700002DB90FBF5F100E001214846F7F761F87C
:10DF800004F58C70814600F089FDE06A00EB8000AA
:10DF900006EB8000B84202DB90FBF5F100E00121C6
:10DFA0004846F7F715F904F59270814600F076FDC2
:10DFB00002214846F7F7F5F804F1DC00814600F04D
:10DFC0006DFD00214846F7F725F800214846F7F790
:10DFD0005AF800214846F7F734F804F1E800814682
:10DFE00000F05CFD94F82810E06A012910D00229A5
:10DFF00010D0022242435032BA4211DB01290BD029
:10E0000002290BD002214843503090FBF5F108E083
:10E010000822EFE70622EDE70821F4E70621F2E700
:10E0200001214846F6F7F6FF94F82810E06A012926
:10E0300010D0022910D0022242435032BA4211DBE2
:10E0400001290BD002290BD002214843503090FB0C
:10E05000F5F108E00822EFE70622EDE70821F4E7F2
:10E060000621F2E701214846F7F70DF894F8281049
:10E07000E06A012910D0022910D002224243503216
:10E08000BA4211DB01290BD002290BD002214843EF
:10E09000503090FBF5F108E00822EFE70622EDE7AB
:10E0A0000821F4E70621F2E701214846F6F7C9FF07
:10E0B00004F17C00814600F0F1FC48462169F6F746
:10E0C00041FFE6F723FB01464846F7F76EF8FF21CC
:10E0D0004846F6F746FF04F18800814600F0DEFC72
:10E0E00048462169F6F72EFF48462169F7F75DF8A3
:10E0F00033214846F6F735FF04F19400814600F0DD
:10E10000CDFCB4F81300ADF80000607D8DF802007E
:10E1100048460099F6F716FFE6F7F8FA0146484632
:10E12000F7F743F8FF214846F6F71BFF04F1A0007C
:10E13000814600F0B3FCB4F81300ADF80000607D38
:10E140008DF8020048460099F6F7FCFEB4F813007B
:10E15000ADF80000607D8DF8020048460099F7F7A1
:10E1600024F833214846F6F7FCFE04F1AC00814662
:10E1700000F094FCB4F83900ADF8000094F83B00CE
:10E180008DF80200484601E078B50020333400994C
:10E19000F6F7D8FEFF214846F6F7E3FE34F8020B07
:10E1A000ADF8000014F835098DF8020048460099D2
:10E1B000F6F7FBFF04F1B800814600F06FFCD4F8DD
:10E1C00036104846F6F7BEFEFF214846F6F7C9FE70
:10E1D000B4F83300ADF8000094F835008DF8020073
:10E1E00048460099F6F7E1FF04F5A470814600F077
:10E1F00055FCC24641464846F6F79DFF04F5AA7015
:10E20000804600F04BFC00214046F6F794FF04F5F1
:10E21000B670804600F042FCE06AC11700EB9170D6
:10E22000801001024046F6F79DFF04F5BC70804661
:10E2300000F034FCE06A00EB40005030B84202DBF2
:10E2400090FBF5F100E001214046F6F7C9FFE06AD6
:10E2500000EB40005030B84202DB90FBF5F100E0EB
:10E2600001214046F6F7B8FF04F5DA70804600F069
:10E2700015FC40462169F6F765FEFF214046F6F79A
:10E2800070FEE06A00EB400006EB4000B84202DBA3
:10E2900090FBF5F100E001214046F6F7BBFE514648
:10E2A0004046F6F748FF04F5CE70804600F0F6FBD6
:10E2B000C8214046F6F72BFE04F5D470804600F0E6
:10E2C000EDFB78214046F6F722FE04F5E07080462B
:10E2D00000F0E4FBB4F83900ADF8000094F83B001E
:10E2E0008DF8020040460099F6F715FEE06AC0EB93
:10E2F00000105030B84202DB90FBF5F100E0012144
:10E300004046F6F71BFE01214046F6F713FE04F5E2
:10E31000E670804600F0C2FB40462169F6F7FBFD3F
:10E3200004F5EC70804600F0B9FB4FF48271404672
:10E33000F6F751FE04F5F270804600F0AFFBE06A9C
:10E3400006EB8000B84202DB90FBF5F000E0012014
:10E3500041424046F6F75EFEE6F7D8F901464046F0
:10E36000F6F7F0FD04F50E70804600F097FB0021F3
:10E370004046F6F74FFE00214046F6F766FE0021C4
:10E380004046F6F7D8FE01214046F6F70DFE002183
:10E390004046F6F701FE04F52370804600F07EFB50
:10E3A00094F82820E06A012A0CD00821414350311A
:10E3B000B9420BDB012A07D008214843503090FBBB
:10E3C000F5F104E00C21F1E70C21F6E701214046CC
:10E3D000F6F7B1FE01214046F6F7E6FDFF21404683
:10E3E000F6F7BFFDD4F836104046F6F7ABFDB4F8AB
:10E3F0003300ADF8000094F835008DF80200404677
:10E400000099F6F7D2FE04F51170804600F046FB45
:10E4100094F82810E06A012910D0022910D00A22AD
:10E4200042435032BA4211DB01290BD002290BD0F2
:10E430000A214843503090FBF5F108E00E22EFE747
:10E440000C22EDE70E21F4E70C21F2E70121404612
:10E45000F6F706FE94F82810E06A012910D0022988
:10E4600010D00A2242435032BA4211DB01290BD0AC
:10E4700002290BD00A214843503090FBF5F108E007
:10E480000E22EFE70C22EDE70E21F4E70C21F2E774
:10E4900001214046F6F7FFFD94F82810E06A0129B3
:10E4A00010D0022910D00A2242435032BA4211DB66
:10E4B00001290BD002290BD00A214843503090FB90
:10E4C000F5F108E00E22EFE70C22EDE70E21F4E76C
:10E4D0000C21F2E701214046F6F7B7FDE06A503023
:10E4E000B84202DB90FBF5F100E001214046F6F76F
:10E4F00057FD19214046F6F747FDB4F83300ADF853
:10E50000000094F835008DF8020040460099F6F7B7
:10E510002CFD00214046F6F73FFD04F514708046BF
:10E5200000F0BCFA00214046F6F774FD0021404699
:10E53000F6F78BFDE06A5030B84202DB90FBF5F154
:10E5400000E001214046F6F72BFD19214046F6F781
:10E550001BFDB4F83300ADF8000094F835008DF8D9
:10E56000020040460099F6F700FD08214046F6F704
:10E5700013FD04F51770804600F090FA0021404624
:10E58000F6F748FD00214046F6F75FFD04F51D70E3
:10E59000804600F083FA94F82810E06A012910D030
:10E5A000022910D00A2242435032BA4211DB01291B
:10E5B0000BD002290BD00A214843503090FBF5F1D3
:10E5C00008E00E22EFE70C22EDE70E21F4E70C2124
:10E5D000F2E701214046F6F743FD94F82810E06A7F
:10E5E000012910D0022910D0022242435032BA42EF
:10E5F00011DB01290BD002290BD0022148435030F6
:10E6000090FBF5F108E00822EFE70622EDE708218C
:10E61000F4E70621F2E701214046F6F73CFD94F8C5
:10E620002810E06A012910D0022910D00A224243A2
:10E630005032BA4211DB01290BD002290BD00A213A
:10E640004843503090FBF5F108E00E22EFE70C2232
:10E65000EDE70E21F4E70C21F2E701214046F6F741
:10E66000F4FC04F52070804600F018FA94F82810A5
:10E67000E06A012910D0022910D002224243503210
:10E68000BA4211DB01290BD002290BD002214843E9
:10E69000503090FBF5F108E00822EFE70622EDE7A5
:10E6A0000821F4E70621F2E701214046F6F7D8FCFD
:10E6B00094F82810E06A012910D0022910D0022213
:10E6C00042435032BA4211DB01290BD002290BD050
:10E6D00002214843503090FBF5F108E00822EFE7B3
:10E6E0000622EDE70821F4E70621F2E70121404682
:10E6F000F6F7D1FC00214046F6F74BFD00214046DD
:10E70000F6F72FFCB4F83300ADF8000094F83500AC
:10E710008DF8020040460099F6F747FD04F51A709F
:10E72000804600F0BBF900214046F6F799FC002135
:10E730004046F6F78AFC04F52670804600F0AEF9F4
:10E7400033214046F6F70DFC1220F5F7D1F80146CB
:10E750004046F6F7F7FB04F52970804600F09EF975
:10E7600000214046F6F7FDFB94F82810E06A0129E5
:10E7700010D0022910D0022242435032BA4211DB9B
:10E7800001290BD002290BD002214843503090FBC5
:10E79000F5F108E00822EFE70622EDE70821F4E7AB
:10E7A0000621F2E701214046F6F775FC04F5F87002
:10E7B000804600F073F9E06A5030B84202DB90FB0B
:10E7C000F5F100E001214046F6F7EAFBB4F8390024
:10E7D000ADF8000094F83B008DF802004046009927
:10E7E000F6F7C3FB03214046F6F7D6FB04F5FE70AF
:10E7F000804600F053F9B4F83300ADF8000094F807
:10E8000035008DF8020040460099F6F7AEFBE06A4D
:10E8100006EB4000B84202DB90FBF5F100E001217D
:10E820004046F6F7BDFBE06A5030B84202DB90FB91
:10E83000F5F000E0012041424046F6F71CFC0421BF
:10E840004046F6F7A9FB4FF4C8714046F6F75FFB68
:10E8500004F50270064600F021F994F82400C00780
:10E8600004D002211220F5F705F803E0012112205F
:10E87000F5F720F801463046F6F797FC04F50570E9
:10E88000064600F00BF994F82810E06A012910D030
:10E89000022910D00A2242435032BA4211DB012928
:10E8A0000BD002290BD00A214843503090FBF5F1E0
:10E8B00008E00E22EFE70C22EDE70E21F4E70C2131
:10E8C000F2E701213046F6F7A5FB94F82810E06A3C
:10E8D000012910D0022910D00A2242435032BA42F4
:10E8E00011DB01290BD002290BD00A2148435030FB
:10E8F00090FBF5F008E00E22EFE70C22EDE70E2189
:10E90000F4E70C21F2E7012000EBD0704110304613
:10E91000F6F79BFB04F50870064600F0BFF8E06AC6
:10E920005030B84202DB90FBF5F100E001213046A7
:10E93000F6F736FBB4F83900ADF8000094F83B0068
:10E940008DF8020030460099F6F70FFBD4F8361028
:10E950003046F6F7F7FA33213046F6F702FB04F5B6
:10E960000B70064600F09AF894F82810E06A012926
:10E9700010D0022910D00A2242435032BA4211DB91
:10E9800001290BD002290BD00A214843503090FBBB
:10E99000F5F108E00E22EFE70C22EDE70E21F4E797
:10E9A0000C21F2E701213046F6F75AFB94F82810C3
:10E9B000E06A012910D0022910D00A2242435032C5
:10E9C000BA4211DB01290BD002290BD00A2148439E
:10E9D000503090FBF5F108E00E22EFE70C22EDE756
:10E9E0000E21F4E70C21F2E701213046F6F74FFB48
:10E9F00094F82810E06A012910D0022910D00222D0
:10EA000042435032BA4211DB01290BD002290BD00C
:10EA100002214843503090FBF5F108E00822EFE76F
:10EA20000622EDE70821F4E70621F2E7012130464E
:10EA3000F6F703FB94F82810E06A012910D00229A8
:10EA400010D00A2242435032BA4211DB01290BD0C6
:10EA500002290BD00A214843503090FBF5F108E021
:10EA60000E22EFE70C22EDE70E21F4E70C21F2E78E
:10EA700001213046F6F7E9FA04F52C70044600F05F
:10EA80000DF81220F4F734FF01462046F6F75AFA43
:10EA90002046BDE8FC477F21F6F763BA10B5014672
:10EAA000F7F7CEFD0028084603D0BDE81040F6F782
:10EAB0001FBABDE81040F6F72FB900002DE9F35F4B
:10EAC000FC48D0F8C8410198F1F72CFCDFF8E8A326
:10EAD00006004FF480391AD0F8490198F0F7B1FEDA
:10EAE000C8B1F7493046F0F7ACFE00287ED10022CD
:10EAF00004F164010198F0F78CFB4A4604F14C01E3
:10EB00000198F0F786FB524604F1580188E2002292
:10EB100004F14001EEE7EB490198F0F792FEE8B30B
:10EB2000002204F170010198F0F773FB002204F158
:10EB30007C010198F0F76DFB002204F5C271019889
:10EB4000F0F767FB202204F1C4010198F0F761FBA4
:10EB5000202204F5C8710198F0F75BFB042204F54C
:10EB600098710198F0F755FB202204F5BC710198CB
:10EB7000F0F74FFB012204F194010198F0F749FBF3
:10EB8000802204F1D0010198F0F743FBCE493046D2
:10EB9000F0F757FE38B9CD49304600E00DE0F0F708
:10EBA00050FE002822D0002204F520710198F0F7D1
:10EBB00030FB202204F52671EDE3C5490198F0F7FA
:10EBC00040FEDFF810B34FF4A028002863D0BC4902
:10EBD0003046F0F736FEBF4D4FF00002603520B3EF
:10EBE00004F505710198F0F714FB00E0D9E304F592
:10EBF000987104220F460198F0F70BFB04F59E7103
:10EC000008220E460198F0F704FB424604F508710D
:10EC10000198F0F7FEFA5A4604F1C4010198F0F7A2
:10EC2000F8FA2A4604F1D00128E004F164010198C1
:10EC3000F0F7EFFA04F5987104220F460198F0F707
:10EC4000E8FA04F59E7108220E460198F0F7E1FA01
:10EC5000424604F170010198F0F7DBFA2A4604F10C
:10EC6000D0010198F0F7D5FA5A4604F1C401019891
:10EC7000F0F7CFFA974A04F17C011F3A0198F0F7B8
:10EC8000C8FA944A39461C3A0198F0F7C2FA914AF8
:10EC9000183A31467FE390490198F0F7D2FD4FF4DE
:10ECA000003500B3002204F188010198F0F7B1FAB1
:10ECB00004F5A47100220E460198F0F7AAFA042286
:10ECC00004F598710198F0F7A4FA082204F59E71F2
:10ECD0000198F0F79EFA2A4604F17C010198F0F7BA
:10ECE00098FA2A46D5E77D490198F0F7AAFD4FF436
:10ECF0004037D0B3002204F188010198F0F789FA77
:10ED000004F5A47100220E460198F0F782FA04225D
:10ED100004F598710198F0F77CFA082204F59E71C9
:10ED20000198F0F776FA2A4604F17C010198F0F791
:10ED300070FA2A4631460198F0F76BFA3A4604F524
:10ED4000DA710198F0F765FA654D04F5BC712A4651
:10ED50000198F0F75EFA3A4604F5C2710198F0F7AF
:10ED600058FA2A4604F5C87115E3FFE75D49019892
:10ED7000F0F767FDF0B3002204F164010198F0F7A9
:10ED800048FA002204F1DC010198F0F742FA00226F
:10ED900004F5AA710198F0F73CFA042204F5987181
:10EDA0000198F0F736FA082204F59E710198F0F701
:10EDB00030FA4A4604F14C010198F0F72AFA52461B
:10EDC00004F158010198F0F724FA4546424604F14F
:10EDD000B8010198F0F71DFA2A4604F5F871019878
:10EDE000F0F717FA2A4604F580710198F0F711FA46
:10EDF0005A4600E010E004F1C4010198F0F709FA66
:10EE0000344A04F17C011C3A0198F0F702FA314AC5
:10EE100004F19401183ABEE233490198F0F711FD6C
:10EE2000F0B3002204F1AC010198F0F7F2F904F517
:10EE3000A471002288460198F0F7EBF9002204F54E
:10EE4000D4710198F0F7E5F9802204F1D00101981E
:10EE5000F0F7DFF9042204F598710198F0F7D9F979
:10EE6000224E04F17C0132460198F0F7D2F92A468D
:10EE700041460198F0F7CDF93A4604F5DA71019868
:10EE8000F0F7C7F93A4604F1B8010198F0F7C1F973
:10EE90003A4604F5F2710198F0F7BBF9324600E00A
:10EEA00026E004F5C8710C460198F0F7B2F92A463D
:10EEB000214670E278B5002040000100B0910408BE
:10EEC000A0CD0408D0CC040874CF040850CF0408A7
:10EED0007CCD040820000500ACCC0408DCD004087C
:10EEE0002000030048D1040824D1040801000200D6
:10EEF000FE490198F0F7A5FC4FF4802820B30022CA
:10EF000004F164010198F0F784F9002204F5CE7150
:10EF10000198F0F77EF9002204F58C710198F0F762
:10EF200078F9002204F592710198F0F772F9042241
:10EF300004F598710198F0F76CF9082204F59E71B8
:10EF40000198F0F766F900E1E9490198F0F779FCDA
:10EF500068B3002204F164010198F0F75AF9002225
:10EF600004F1F4010198F0F754F9002204F5C2719C
:10EF70000198F0F74EF904F5C87120220E46019869
:10EF8000F0F747F9202204F1C4010198F0F741F9A4
:10EF9000042204F598710198F0F73BF9082204F572
:10EFA0009E710198F0F735F92A463146EDE1D149D5
:10EFB0000198F0F746FCA0B3002204F16401019827
:10EFC000F0F727F9002204F5B0710198F0F721F964
:10EFD000002204F58C710198F0F71BF9002204F56A
:10EFE000EC710198F0F715F94A4604F14C010198CB
:10EFF000F0F70FF9524604F158010198F0F709F9BA
:10F00000424604F1B8010198F0F703F9BA4A04F155
:10F010007C010198F0F7FDF8B74A04F1C4011F32F2
:10F02000B9E1FFE7B5490198F0F70BFCA8B104F589
:10F03000E07100220E460198F0F7EBF82A463146BF
:10F040000198F0F7E6F82A4604F5E6710198F0F722
:10F05000E0F83A4604F5DA719DE1A9490198F0F724
:10F06000F0FB78B104F5E07100220E460198F0F74C
:10F07000D0F82A4631460198F0F7CBF82A4604F535
:10F08000E67188E19F490198F0F7DBFBA0B300220D
:10F0900004F164010198F0F7BCF8002204F1F401D6
:10F0A0000198F0F7B6F8802204F1D0010198F0F74A
:10F0B000B0F8042204F598710198F0F7AAF8082234
:10F0C00004F59E710198F0F7A4F84A4604F14C014A
:10F0D0000198F0F79EF8524604F158010198F0F7B4
:10F0E00098F8894A04F5FE710198F0F792F84FF408
:10F0F000002204F502714EE1FFE784490198F0F720
:10F10000A0FB48B1002204F164010198F0F781F8F6
:10F11000002204F1DC013EE17D490198F0F791FB0A
:10F1200018B1002204F50B7135E17A490198F0F726
:10F1300088FB0028F5D178490198F0F782FB30B1BF
:10F1400070493046F0F77DFB08B142463EE0734916
:10F150000198F0F776FB48B1002204F164010198B0
:10F16000F0F757F8002204F50E7114E16C4901988C
:10F17000F0F767FB18B1002204F51471BAE469498D
:10F180000198F0F75EFB18B1002204F51771B1E4A5
:10F1900065490198F0F755FBD8B1002204F51171CB
:10F1A0000198F0F736F8202204F526710198F0F75F
:10F1B00030F804F1880121220D460198F0F729F872
:10F1C000012229460198F0F724F8042204F17C0179
:10F1D000E1E056490198F0F734FB20B95449019811
:10F1E000F0F72FFB18B1002204F51D71D3E051494F
:10F1F0000198F0F726FB18B1002204F51A7179E4A2
:10F200004D490198F0F71DFB18B1002204F5237158
:10F21000C1E04A490198F0F714FB18B1002204F547
:10F220002971B8E046490198F0F70BFB78B100224C
:10F2300004F164010198EFF7ECFF002204F1DC0116
:10F240000198EFF7E6FF002204F5B071A3E03D4915
:10F250000198F0F7F6FA18B1002204F52C719AE043
:10F2600039490198F0F7EDFA48B1002204F1E801BC
:10F270000198EFF7CEFF002204F1AC018BE0334997
:10F280000198F0F7DEFA18B1002204F1E80182E0FB
:10F290002F490198F0F7D5FA60B14A4604F14C01C4
:10F2A0000198EFF7B6FF524604F158010198EFF7C5
:10F2B000B0FFE9E727490198F0F7C3FA28B92649D2
:10F2C0000198F0F7BEFA00286BD0002204F170011B
:10F2D0000198EFF79EFF002204F17C010198EFF7FF
:10F2E00098FF002204F5C271019837E094D0040819
:10F2F0000CCE040830CE0408010004003CCD040804
:10F3000000D104086CD1040802000600A0CD040856
:10F31000C4CD0408E8CD040818CD040854CE040870
:10F3200008CF04082CCF04089CCE040874CF04082E
:10F3300050CF040878CE0408C0CE0408E4CE0408F8
:10F3400098CF040870D00408BCCF040804D0040887
:10F35000E0CF04084CD0040828D00408EFF759FF88
:10F36000202204F1C4010198EFF753FF202204F595
:10F37000C8710198EFF74DFF042204F598710198C8
:10F38000EFF747FF012204F194010198EFF741FFE5
:10F39000802204F1D001019802B0BDE8F05FEFF7E0
:10F3A00038BFBDE8FC9FC143491C0840B0FA80F05B
:10F3B000C0F11F00704718B1B0FA80F0C0F1200012
:10F3C000401E704770B50C46D1F7AAF90C4D78B1C4
:10F3D000D1F7A6F9FF280BD00126D1F7A5F90948E6
:10F3E00001682960291D4068086084F8206002E0F7
:10F3F000002084F82000286860626868A06270BD00
:10F40000C40100200C0000202DE9FE4306680446DC
:10F410000025708D0422C0F305100BE0F36802EBA9
:10F42000C507DB599F0104D5A76823F07F43BB4282
:10F4300004D06D1CA842F1D8BDE8FE8300270097D8
:10F440002079452861D010DC342851D006DC1C28F6
:10F450005BD0232859D0312815D156E0352847D024
:10F46000392852D03D280ED14FE0682840D006DC24
:10F4700058284AD05A283BD0642804D13BE0692858
:10F4800036D0782841D071B3FF292FD0D4E903209A
:10F49000801A484302EB202000900197F068012772
:10F4A000217950F8350001AAF5F7E7FB60B1009823
:10F4B00001998046884207D14046E4F741FF18B1E0
:10F4C0000199884500D10027F0682179009A50F809
:10F4D0003500F5F7EBFD002FAED02279A16820684A
:10F4E000F3F7BEF9A8E7FFE7E068D5E72069D3E7BF
:10F4F000FF29FBDAF8E7E0680028F7D02269002A44
:10F50000CAD08029C8DB0092C7E7002904DCA089A3
:10F51000ADF80000A07B12E0FF2904DB208AADF8E3
:10F520000000A07C0BE0CAB2D4E90310E4F78BFF23
:10F530000290BDF80800ADF800009DF80A008DF8B3
:10F540000200AAE72DE9F0410468274826798046A1
:10F550002568EFF7E3F810E0A1420BD008682268B5
:10F56000904207D18868A268904203D10879227935
:10F57000904237D04046EFF7E3F80100ECD1698DB7
:10F5800000270420C1F305112AE000BFEA6800EB60
:10F59000C703D258930122D5A36822F07F429A4232
:10F5A0001DD121464046EFF783F92046ECF7BEFA1D
:10F5B000E868314600EBC7042068F5F757FCE868B7
:10F5C00050F83700F5F7B3FB00280BD060682168CE
:10F5D00020F07F422846BDE8F041F3F757BA7F1C80
:10F5E000B942D3D8BDE8F08190B5002070B5046869
:10F5F000A068227900F47F0631462068F1F7BAFC52
:10F60000E06025790020207123462A463146206893
:10F6100000F012F82571A1682068DDF7E1FA217980
:10F620000068E268F5F742FD2279A1682068BDE82C
:10F630007040F3F715B900002DE9FF4F81B0074680
:10F6400026489A460E4600250090EFF780F80446BB
:10F650004FF470284FF004093AE054453AD021465F
:10F660000098EFF771F883462068B8422FD1A06860
:10F67000B04201D046452AD121790398814201D078
:10F68000FF2824D1002511E0F96809EBC5000858CE
:10F6900082010AD5464503D020F07F40B04204D114
:10F6A00051F835002179F5F7E1FB6D1C788DC0F339
:10F6B0000510A842E8D800212046E1F723FE2146A4
:10F6C0000098EFF7F5F82046ECF730FA01255C4694
:10F6D000002CC2D105B02846BDE8F08F90B50020BF
:10F6E0002DE9FF4F8EB00020DDE91BC7DDE91F8942
:10F6F000A1F1010AA2F1010BDDF878E09CE01D9B6D
:10F7000043430CEB23260EFB00F307EB23253312B8
:10F710004FEA252405D48B4203DA002C01DB944206
:10F7200001DB002472E0F6B2EDB20695802E06DA17
:10F730004FF0FF350995C6F17F056D0004E0012506
:10F7400009957500A5F580750795069D802D07DA4A
:10F750004FF0FF350395069DC5F17F056D0005E06F
:10F7600001250395069D6D00A5F5807506950E9DF6
:10F77000EE18119D04FB056508952D7809F80050D9
:10F780000095219DA5B3099D5D1932D4554530DC06
:10F79000039D65192DD45D452BDCDDE908341B5D27
:10F7A0000193119C039B6343089CE65CDDE90043E5
:10F7B0009C420CD02346069CC4F5807413FB04F5D0
:10F7C000069C019B13FB0453C3F307230193009B87
:10F7D000B34209D0079CC4F5807413FB04F5079C61
:10F7E00016FB0453C3F30726019B33445C080DE06A
:10F7F000FFE713B9099D002D04DB534509D1099B8F
:10F80000002B06DD089B1C78079B0EE009F80040E2
:10F8100011E014B9039B002B04DB5C450BD1039B67
:10F82000002B08DD089B1C78069BC3F1FF0314FB2B
:10F8300003F31C0AEAE7401C4045FFF660AF12B034
:10F84000BDE8F08F2DE9FF4FD2F82CB0A9B0884663
:10F85000BBF80800379C80B22190BBF800002C2137
:10F86000C0F307290CA8EFF7E0F998F850008DF8DD
:10F87000440098F8510008AD00F00F008DF85800D2
:10F8800094E80F0085E80F0008A80C903698E2F77E
:10F890003DFD1F903698E2F72AFD1D9008A8E2F77B
:10F8A00035FD074608A8E2F722FD064698F84F0006
:10F8B000022801D9012000E000202290B9F1060FB2
:10F8C00002D0B9F10E0F09D1404630F84C1FADF807
:10F8D000451080788DF84700002022904C46B9F101
:10F8E0000F0F0AD0112C08D0122C08D01B2C06D0D8
:10F8F000062C08D0142C03D006E0102404E01424B5
:10F9000007EB470004E015242046E4F758FD784350
:10F910008246F4F7ADFAE5F7C9F88500F4F7A8FADE
:10F92000E5F792F8E4F74BFD4543B5FBFAF53046B1
:10F93000B54200DD05460AFB05F0EEF7F3FF061EB3
:10F9400001D1E2F7C3FE8DF83C40681E099923906F
:10F950000844DDF82CA00B9008A80D961090DBF859
:10F9600010B00221142C07D00E2C13D02046E4F73F
:10F9700026FD78430E905EE014907A0007FB05F0B8
:10F9800006EB400012900E9212208DF84C108DF86C
:10F990003C0050E0CDE91407129600208DF84C1081
:10F9A0000D9048E008A924A8E2F7F9FB36984068D2
:10F9B000424236980068414224A8E2F7FEFD2C9AA4
:10F9C0005946CDE90182CDE903962198009024A8FB
:10F9D0001D9B1F9AEAF7F7FC2298A8B108A919A85D
:10F9E000E2F7DDFB099842420898414219A8E2F784
:10F9F000E4FD0E9819ADCDE901600096CDE903480C
:10FA000095E80F00F8F75CFE0CA92998E7F753FF7B
:10FA10000B982399401C099008440B9050450ADD2F
:10FA2000CDF82CA0142C06D108A8E2F760FC78438E
:10FA300006EB4000129009995145B3DD3046ECF7D2
:10FA400075F82DB0BDE8F08F2DE9FF4F91B000247F
:10FA5000DDE91E65DDE92278501E92468946A1F156
:10FA6000010B0890D5E02098604306EB20232198F5
:10FA7000604305EB202218124FEA222105D44845A5
:10FA800003DA002901DB514503DB002148F824108B
:10FA9000BEE0DBB2D2B2802B04DA4FF0FF3EC3F1FE
:10FAA0007F0302E04FF0010E803B0193802A05DACC
:10FAB0004FF0FF33C2F17F02049302E00123803A4A
:10FAC00004930092119A02EB8003149A01FB023214
:10FAD00008EB84030293D2F800C0C3F800C0249B53
:10FAE000CDF830C0002B70D010EB0E036DD45B4509
:10FAF0006BDC049BCB1868D4DDF820C0634564DC64
:10FB000002EB8E00149900680390049800FB01201A
:10FB100000680490000E059005D004990C98E4F755
:10FB20006AF958B123E00298C1780098C0F1FF004B
:10FB300011FB00F0010A0298C17018E00298C07829
:10FB400058B10099C1F1FF0110FB01F2009905982D
:10FB500010FB0120010A0298C1700099049861F31A
:10FB60001F6002990968E4F7B2FC029908600398E3
:10FB7000000E0090029805D000680399E4F73BF965
:10FB800040B145E0C1780198C0F1FF0011FB00F0E1
:10FB9000010A27E00298C07858B10199C1F1FF012C
:10FBA00010FB01F2DDE9000110FB0120010A0298BF
:10FBB000C1700199039861F31F6002990968E4F725
:10FBC00086FC0299086023E0FFE710B9BEF1000F40
:10FBD00004DB584509D1BEF1000F06DD0298C1785B
:10FBE00001980FE00298C17012E011B90498002842
:10FBF00005DB089881420BD10498002808DD0298A3
:10FC0000C1780098C0F17F0011FB00F0C109E9E75D
:10FC1000641CBC42FFF627AF15B0BDE8F08F2DE99C
:10FC2000FF4F91B00024DDE91E65DDE92278501E0A
:10FC300092468946A1F1010B0B9008E120986043A0
:10FC400006EB20232198604305EB202218124FEA8F
:10FC5000222105D4484503DA002901DB514503DBA5
:10FC6000002148F82410F1E0DBB2D2B2802B04DA94
:10FC70004FF0FF3EC3F17F0302E04FF0010E803BE7
:10FC80000293802A05DA4FF0FF33C2F17F02099315
:10FC900002E00123803A09930192119A02EB80035A
:10FCA000149A01FB023208EB84030093D2F800C0DF
:10FCB000C3F800C0249BCDF83CC0002B7DD010EBD6
:10FCC0000E037AD45B457EDC099BCB187BD4DDF830
:10FCD0002CC0634577DC02EB8E0014990068069017
:10FCE000099800FB0120006804900F9802F07CF94D
:10FCF00000990860069802F077F90690049802F0DF
:10FD000073F90890000E0390009805D000680899D8
:10FD1000E4F771F850B122E0C1780198C0F1FF001A
:10FD200011FB00F0010A0098C17018E00098C0783B
:10FD300058B10199C1F1FF0110FB01F2039901983B
:10FD400011FB0020010A0098C1700199089861F325
:10FD50001F6000990968E4F7BAFB009908600698EB
:10FD6000000E0190009805D000680699E4F743F86A
:10FD700050B124E0C1780298C0F1FF0011FB00F0FF
:10FD8000010A0098C1701AE00098C07858B1029931
:10FD9000C1F1FF0110FB01F2DDE9010110FB0120BF
:10FDA000010A0098C1700299069861F31F600099DA
:10FDB0000968E4F78CFB009900E004E00860009813
:10FDC0008178C07811E010B9BEF1000F04DB58450E
:10FDD0001FD1BEF1000F1CDD0F9802F005F900994C
:10FDE00008600098C178029825E011FB00F10A0A2A
:10FDF00000998A700099497811FB00F10A0A00996C
:10FE00004A7018F8241011FB00F0010A08F82410B9
:10FE10001CE011B90998002805DB0B98814215D127
:10FE20000998002812DD0F9802F0DEF800990860AA
:10FE30000098C1780198C0F17F0011FB00F0009993
:10FE4000C0F3C710C87000998978CEE7641CBC4223
:10FE5000FFF6F4AE15B0BDE8F08F2DE9FF4F90B07E
:10FE60008946DDE921C1DDE91D7692460020A9F130
:10FE7000010BA2F1010E9FE01F9A424307EB2225DE
:10FE8000209A424306EB22242A124FEA242305D467
:10FE90004A4503DA002B01DB534506DB002201EB68
:10FEA000400301F810205A7085E0EDB204F0FF081D
:10FEB000802D06DA4FF0FF340694C5F17F0464000C
:10FEC00004E0012406946C00A4F580740494B8F155
:10FED000800F06DA4FF0FF340994C8F17F04640004
:10FEE00005E0012409944FEA4804A4F580740394C2
:10FEF000109CA518139C03FB04540594247801F866
:10FF00001040009401EB4004FF256570239D95B3DC
:10FF1000069D551930D45D452EDC099D5D192BD405
:10FF2000754529DCDDE90523009C12F80380139B4D
:10FF3000099A5A43059B44459A5C0AD02346039C80
:10FF4000C4F5807413FB04F5039C18FB0453C3F33E
:10FF50000728009B934209D0049CC4F5807413FBCE
:10FF600004F4049B12FB0342C2F3072242445208EA
:10FF700001F810201FE0FFE712B9069D002D04DBF9
:10FF80005A4506D1069A002A03DD059A1378049A89
:10FF90000BE013B9099A002A04DB73450BD1099AC7
:10FFA000002A08DD059A1378039AC2F1FF0213FBB9
:10FFB00002F2120A6270401C6045FFF65DAF14B099
:10FFC000BDE8F08F2DE9FF4F85B09846044600212B
:10FFD0007022F0F7CFFF0746204600216E22F0F78F
:10FFE000C9FF002800DC01200646204600216F22C0
:10FFF000F0F7C0FF002800DC0120054606B9012605
:020000040803EF
:1000000005B901252FB94FF48070864201D1854290
:1000100068D0204600217122F0F7ACFF0390204603
:1000200000217222F0F7A6FF04900398DFF8BC903D
:10003000C0F3417104F114006FF0704A4FF0640B8B
:100040000090012914D1039820F0C04149450FDCEC
:100050000098E2F75BF90146039820F0C040B0F148
:10006000805F01DBAAEB0000414391FBFBF00390B2
:100070000498C0F34170012814D1049820F0C041C5
:1000800049450FDC0098E2F732F90146049820F068
:10009000C040B0F1805F01DBAAEB0000414391FB5F
:1000A000FBF0049060690399B8F1000F08440390D5
:1000B000A06904990844049008D07F424FF6FF706D
:1000C0003118284491FBF6F690FBF5F588F0010015
:1000D00003A90095CDE90110DDE9060133463A4652
:1000E000F3F742FC09B0BDE8F08F0000FEFFFF1FF0
:1000F000F0B5066A059D84694FF480774EB9BC421D
:1001000007D1D0F81CC0BC4503D10802186010020A
:1001100041E0D0F82CC0A1EB0C01D0F830C0A2EB2C
:100120000C029EB1BC421ED1C669BE421BD14469BD
:1001300006694C4306FB1244466A06EBA4041C60A5
:1001400003694B43416901FB023121E0090491FB42
:10015000F4F1446A214419601104C269806A91FB78
:10016000F2F1084417E0466907694E4307FB12663F
:10017000360296FBF4F4466A06EBA4041C6003699D
:100180004B43416901FB0231C269090291FBF2F163
:10019000806A00EBA1002860F0BD2DE9FF4F87B019
:1001A00016460798DDE9149703FB06001D460690E6
:1001B00003EBD57040100290481E00240590DDF836
:1001C00060A0501E8B460490D3E01698604309EB64
:1001D00020231798604307EB202019124FEA2022B2
:1001E00005D4594503DA002A01DBB24201DB0021C4
:1001F000B9E0DBB2C0B2802B05DAC3F17F034FF068
:10020000FF385B0004E05B004FF00108A3F580734A
:100210000093802805DAC0F17F004FF0FF3E4000D8
:1002200004E040004FF0010EA0F5807001900798A7
:10023000199B00EB410002FB0500B0F800C023F859
:1002400014C01C9BEBB311EB080366D4DDF814C09B
:10025000634562DC12EB0E035FD4DDF810C063452A
:100260005BDC30F8183003930EFB05F3C05A1B9B80
:1002700043B3069B0B44029902FB01331A9A197887
:10028000115513F80820DDF808800EFB08FC13F860
:100290000C3099420BD0DDF804C0CCF5807C11FB0A
:1002A0000CFCDDF8048013FB08C3C3F30723914261
:1002B0000DD0DDF800C0CCF5807C11FB0CFC009962
:1002C00001E02AE009E012FB01C1C1F307229918FD
:1002D0001A9A490811554BD002E01A99FF220A5583
:1002E000199931F81410814202D1039A91423FD0FA
:1002F000019AD2B2E3F7A4FD80460098C2B21998E1
:1003000030F814100398E3F79BFD7F224146E3F792
:1003100097FD199921F814002AE01B9830B106982E
:100320004318029802FB0030007800E0FF2011B96A
:10033000B8F1000F05DB059B994204D1B8F1000F1D
:1003400001DD00990AE012B9BEF1000F05DB049946
:100350008A420BD1BEF1000F08DD0199C1F1FF0106
:1003600011FB00F0010A1A98015501E01A9908558D
:10037000641C5445FFF629AF0BB0BDE8F08F2DE9A2
:10038000FF4F87B016460798DDE9149703FB060078
:100390001D46069003EBD57040100290481E0024C5
:1003A0000590DDF860A0501E8B460490E1E01698A1
:1003B000604309EB20231798604307EB20201912B4
:1003C0004FEA202205D4594503DA002A01DBB24264
:1003D00001DB0021C7E0DBB2C0B2802B05DAC3F13C
:1003E0007F034FF0FF3E5B0004E05B004FF0010E27
:1003F000A3F580730093802805DAC0F17F004FF0E9
:10040000FF38400004E040004FF00108A0F5807084
:100410000190079800EB410002FB050003884FEABA
:10042000132C4CEA0323DDF864C02CF814301C9B19
:10043000002B72D011EB0E036FD4DDF814C06345AE
:100440006BDC12EB080368D4DDF810C0634564DC94
:1004500030F81E304FEA132C4CEA03239BB203936F
:1004600008FB05F3C05A030A43EA00201B9B80B235
:100470008BB3069BC4460B44029902FB01331A9AC4
:1004800019781155DDF8088013F80E200CFB08FCD4
:1004900013F80C3099420BD0DDF804C0CCF5807C09
:1004A00011FB0CFCDDF8048013FB08C3C3F3072326
:1004B00091420AD0DDF800C0CCF5807C11FB0CFC29
:1004C000009912FB01C1C1F3072299181A9A490831
:1004D00011554DD003E0FFE71A99FF220A551999EB
:1004E00031F81410814202D1039A914240D0019A0E
:1004F000D2B2E3F7A5FC80460098C2B2199830F852
:1005000014100398E3F79CFC7F224146E3F798FC24
:10051000199921F814002BE0FFE71B9830B10698D9
:100520004318029802FB0030007800E0FF2011B968
:10053000BEF1000F05DB059B994204D1BEF1000F0F
:1005400001DD00990AE012B9B8F1000F05DB04994A
:100550008A420BD1B8F1000F08DD0199C1F1FF010A
:1005600011FB00F0010A1A98015501E01A9908558B
:10057000641C5445FFF61BAF0BB0BDE8F08F2DE9AE
:10058000FF4F8FB00024DDE92085DDE91C76501E89
:1005900092468946A1F1010B0890BDE01E98604388
:1005A00007EB20231F98604306EB202219124FEA25
:1005B000222005D4494503DA002801DB504504DB3D
:1005C00005EB84010020C870A5E0DBB2D2B2802B1D
:1005D00004DA4FF0FF3EC3F17F0302E04FF0010E5B
:1005E000803B0D93802A05DA4FF0FF33C2F17F0282
:1005F000079302E00123803A07930E92129A00FBC0
:1006000002F3239A01FB02330F9A134405EB840291
:1006100093F802C0009282F802C093F801C082F8F9
:1006200001C093F800C005F824C04FF0FF0C82F819
:1006300003C0229AE2B311EB0E024FD45A454DDCAF
:10064000079A82184AD4DDF820C0624546DCDDF8FE
:100650008CC00EFB0C3292F802C06CF3174192F87A
:1006600001C012786CF30F2162F307014FF0FF0C09
:100670006CF31F610391129A079901FB02318A788A
:1006800062F317404A78097862F30F2061F307009C
:100690006CF31F600190009801990068E3F7ABFBD1
:1006A00058B90E99019861F31F600099096800E03C
:1006B00014E0E3F70CFF00990860009803990068C4
:1006C000E3F799FB38BB0D99039861F31F6000991C
:1006D0000968E3F7FCFE009908601CE011B9BEF15F
:1006E000000F04DB594504D1BEF1000F01DD0D9868
:1006F0000AE010B90799002905DB089988420AD158
:100700000798002807DD0E98C0F1FF00C0EB00201D
:10071000010A0098C170641C4445FFF63FAF13B056
:10072000BDE8F08F2DE9FF474FF48075894600271B
:100730002E4604001FD000217022F0F71BFC384425
:1007400007B2204600216E22F0F714FC002800DCDE
:1007500001208046204600216F22F0F70BFC002884
:1007600000DC0120464305FB08F52D123612204619
:10077000EFF7D8FDDDE700200290039005B90125D1
:1007800006B901264FF4803191FBF5F291FBF6F3A7
:1007900002A9CDE9001079424846F3F7BBF9BDE85C
:1007A000FF8770472DE9F05F0020EFF745F9FE4C19
:1007B00010212060F2F7CCF82068EDF783F86FF095
:1007C000404529466060F2F7C6FD29466068F2F7A9
:1007D000F3FB6FF029016068F2F7D7FD6FF05B065D
:1007E00031466068F2F7EBFD09216068F2F7A5FB7E
:1007F000EEA16068EDF77AFE0022ED496068F2F73D
:1008000091FD002211466068F2F717FD0022FF21DA
:100810006068F2F708FD002202216068F2F7FEFC32
:100820002068EDF74FF82946A060F2F794FD2946BD
:10083000A068F2F7C1FBF111A068F2F7A6FDB11FA5
:10084000A068F2F7BCFD0921A068F2F776FBD9A1F8
:10085000A068EDF74BFE0022D549A068F2F762FDD3
:100860002068EDF72FF82946E060F2F774FD29467D
:10087000E068F2F7A1FB2A21E068F2F786FD314635
:10088000E068F2F79CFD0921E068F2F756FBCAA187
:10089000E068EDF72BFE0022C549E068F2F742FD63
:1008A0002068EDF70FF829462061F2F754FD29463C
:1008B0002069F2F781FB6FF012012069F2F765FD04
:1008C0006FF0330631462069F2F779FD092120697E
:1008D000F2F733FBB9A12069EDF708FE0022B94910
:1008E0002069F2F71FFD2068ECF7ECFF29466061F4
:1008F000F2F731FD29466069F2F75EFB1B21606962
:10090000F2F743FD31466069F2F759FD092160694C
:10091000F2F713FBACA16069EDF7E8FD0022A949ED
:100920006069F2F7FFFC2068E0F7E4FE3C21A0617B
:10093000F2F711FD3C21A069F2F73EFB0221A0690C
:10094000F2F723FD0F21A069F2F739FD0921A06913
:10095000F2F7F3FA0221A069F1F7FAFF32226FF001
:100960001801A069E1F794FA1921A069E1F7FFFAEB
:100970004FF4DC794F464A465A21A069E1F7DAF98B
:1009800000220521A069F2F734FCDFF844A2D0462A
:100990005046E3F72DFD01464FF400363246A0697C
:1009A000F2F712FC3246FF21A069F2F71DFC324635
:1009B0000521A069F2F71DFC4046E3F719FD014649
:1009C0004FF440384246A069F2F718FC4246FF2136
:1009D000A069F2F737FC42460021A069F2F779FCE2
:1009E00042460021A069F2F779FC42460021A06945
:1009F000F2F779FC42460021A069F2F765FC206815
:100A0000E0F778FE3C21E061F2F7A5FC3C21E069CB
:100A1000F2F7D2FA4C21E069F2F7B7FC0F21E06956
:100A2000F2F7CDFC0921E069F2F787FA0221E069CB
:100A3000F1F78EFF3221E069E1F799FA3A465A213F
:100A4000E069E1F777F900220521E069F2F7D1FBCF
:100A5000604F3846E3F7CCFC01463246E069F2F7D6
:100A6000B3FB3246FF21E069F2F7BEFB32460521B7
:100A7000E069F2F7BEFB3846E3F7BAFC01464246AE
:100A8000E069F2F7BBFB4246FF21E069F2F7DAFBCF
:100A900042460021E069F2F71CFC42460021E06971
:100AA000F2F71CFC42460021E069F2F71CFC4246CA
:100AB0000021E069F2F708FC2068E1F7D1FE47F277
:100AC000305200212062E1F792FF002241F65841A6
:100AD000206AE1F7F4FF00221146206AE1F7C4FF23
:100AE000C021206AF2F737FC0D21206AF2F764FA80
:100AF0000421206AF2F749FC7221206AF2F75FFCB8
:100B00000921206AF2F719FA00211022206AF0F771
:100B100031FA002809DD00211322206AF0F72AFAB1
:100B2000411C0022206AF2F7D9FB2068E0F7E2FDC1
:100B30003C216062F2F70FFC3C21606AF2F73CFA5C
:100B40006FF0470B5946606AF2F71FFC0F21606A8D
:100B5000F2F735FC0921606AF2F7EFF90221606AC9
:100B6000F1F7F6FE32226FF01801606AE1F790F9B2
:100B70001921606AE1F7FBF94A465A21606AE1F7F8
:100B8000D9F800220521606AF2F733FB4FF67F792E
:100B90004846E3F72DFC01463246606AF2F714FB43
:100BA0003246FF21606A17E0240000203132000045
:100BB000907D04083A00000034350000E591A8E477
:100BC000B8890000CC89030830352F32320000008C
:100BD0003AA7F500E1C81400F2F706FB32460521FA
:100BE000606AF2F706FB4846E3F702FC0146464618
:100BF0004246606AF2F702FB3246FF21606AF2F772
:100C000021FB32460021606AF2F763FB3246002185
:100C1000606AF2F763FB32460021606AF2F763FB19
:100C200032460021606AF2F74FFB2068ECF74AFE7B
:100C30002946A062F2F78FFB2946A06AF2F7BCF9B9
:100C40006FF04801A06AF2F7A0FB0321A06AF2F757
:100C5000B6FB0921A06AF2F770F9AAA1A06AEDF724
:100C600045FC4846E3F7C4FB01460022A06AF2F7C0
:100C700049FB0022FF21A06AF2F759FB0022A2499A
:100C8000A06AF2F74FFB2068ECF71CFE2946E062F1
:100C9000F2F761FB2946E06AF2F78EF95946E06AFD
:100CA000F2F773FB1821E06AF2F789FB0921E06A89
:100CB000F2F743F995A1E06AEDF718FC0022944998
:100CC000E06AF2F72FFB2068ECF7FCFD2946206371
:100CD000F2F741FB2946206BF2F76EF90021206BF9
:100CE000F2F753FB0621206BF2F769FB0921206B19
:100CF000F2F723F987A1206BEDF7F8FB5046E3F7F5
:100D000077FB01460022206BF2F7FCFA0022FF215C
:100D1000206BF2F70CFB00227B49206BF2F702FB01
:100D20002068ECF7CFFD29466063F2F714FB2946F3
:100D3000606BF2F741F90421606BF2F726FB192191
:100D4000606BF2F73CFB0921606BF2F7F6F872A1D9
:100D5000606BEDF7CBFB00226D49606BF2F7E2FAB6
:100D60002068ECF7AFFD2946A063F2F7F4FA2946B4
:100D7000A06BF2F721F94C21A06BF2F706FB0421DE
:100D8000A06BF2F71CFB0921A06BF2F7D6F864A167
:100D9000A06BEDF7ABFB3846E3F72AFB01460022D8
:100DA000A06BF2F7AFFA0022FF21A06BF2F7BFFAB7
:100DB00000225549A06BF2F7B5FA2068ECF782FDE6
:100DC0002946E063F2F7C7FA2946E06BF2F7F4F838
:100DD0004C21E06BF2F7D9FA1921E06BF2F7EFFA48
:100DE0000921E06BF2F7A9F84EA1E06BEDF77EFB6D
:100DF00000224749E06BF2F795FA2068ECF762FDB4
:100E000029462064F2F7A7FA2946206CF2F7D4F8B5
:100E10000221206CF2F7B9FA5E21206CF2F7CFFACA
:100E20000921206CF2F789F83FA1206CEDF75EFBF9
:100E30006FF07F40E3F7DCFA01460022206CF2F706
:100E400061FA0022FF21206CF2F771FA00223A4980
:100E5000206CF2F767FA2068ECF734FD29466064ED
:100E6000F2F779FA2946606CF2F7A6F86FF04F01B5
:100E7000606CF2F78AFA5E21606CF2F7A0FA092141
:100E8000606CF2F75AF82DA1606CEDF72FFB2C483F
:100E9000E3F7AEFA01460022606CF2F733FA002263
:100EA000FF21606CF2F743FA00221749606CF2F7F9
:100EB00039FA2068ECF706FD2946A064F2F74BFAF0
:100EC0002946A06CF2F778F80321A06CF2F75DFADE
:100ED0007121A06CF2F773FA0921A06CF2F72DF8DA
:100EE00018A1A06CEDF702FB00220949A06CF2F7F3
:100EF00019FA2068BDE8F05F002310221349EEF7CD
:100F0000FAB80000EE99A900707E0408353025007B
:100F1000C4A90308EE9EA8003235C2B0000000004C
:100F2000EE98820036322500E4BB8AE697A5E6AD4E
:100F3000A5E695B000000000CC890308EE9BAB004D
:100F4000F69520003732353600000000A1D00008A9
:100F5000704700002DE9F05F0020EEF76DFDFE4CBC
:100F600001212060F2F710F800231A461946206884
:100F7000F1F7F2FF0020E3F73BFA01460022206878
:100F8000F2F73CF90022FF212068F2F75BF92068B4
:100F9000EEF752FDF0216060F2F7DDF93F21606865
:100FA000F2F70AF811216068F2F7EFF96FF0180113
:100FB0006068F2F704FA02216068F1F7BEFF1021C1
:100FC0006068F1F7C5FC002211466068F2F790F9FD
:100FD0000020E3F70DFA014600226068F2F70EF9EF
:100FE0000022FF216068F2F72DF90020E3F700FAF4
:100FF000014600226068F2F72AF90022FF216068AA
:10100000F2F735F9DFF854B35846E3F7F1F9014642
:1010100020226068F2F7F2F82022FF216068F2F7E0
:1010200011F96068ECF74EFC6FF040452946A0606E
:10103000F2F791F92946A068F1F7BEFF6FF01306A9
:101040003146A068F2F7A1F90021A068F2F7B7F9DC
:101050000921A068F1F771FFC1A1A068EDF746FA78
:101060000022C149A068F2F75DF96068E2F722F852
:101070002821E060F2F76FF92821E068F1F79CFF82
:101080000721E068F1F759FF4FF480673946E068BF
:10109000EEF746F81221E068F1F75AFC0022282109
:1010A000E068F2F725F949F23260E3F7A1F9014669
:1010B0000022E068F2F7A2F80022FF21E068F2F7D0
:1010C000C1F8E068ECF7FEFB29462061F2F743F92E
:1010D00029462069F1F770FF09212069F1F72DFFFA
:1010E000A2A12069EDF702FA0022A1492069F2F7D6
:1010F00019F92068EEF7A0FCF0216061F2F72BF9F6
:101100003F216069F1F758FF4FF0FF3949466069A8
:10111000F2F73BF96FF0010A51466069F2F74FF9B7
:1011200002216069F1F709FF10216069F1F710FCF5
:10113000002211466069F2F7DBF80020E3F758F966
:10114000014600226069F2F759F80022FF21606928
:10115000F2F778F80020E3F74BF9014600226069C6
:10116000F2F775F80022FF216069F2F780F858461F
:10117000E3F73EF9014620226069F2F73FF82022AA
:10118000FF216069F2F75EF86069ECF79BFB294686
:10119000A061F2F7E0F82946A069F1F70DFF3146AA
:1011A000A069F2F7F2F80021A069F2F708F9092125
:1011B000A069F1F7C2FE6FA1A069EDF797F90022CF
:1011C0006949A069F2F7AEF86069E1F773FF282179
:1011D000E061F2F7C0F82821E069F1F7EDFE0721A0
:1011E000E069F1F7AAFE3946E069EDF799FF1221AF
:1011F000E069F1F7ADFB00222821E069F2F778F809
:101200004FF44C00E3F7F4F801460022E069F1F7EF
:10121000F5FF0022FF21E069F2F714F8E069ECF72E
:1012200051FB29462062F2F796F82946206AF1F729
:10123000C3FE0921206AF1F780FE50A1206AEDF774
:1012400055F900224A49206AF2F76CF82068EEF757
:10125000F3FBF0216062F2F77EF83F21606AF1F75C
:10126000ABFE4946606AF2F790F85146606AF2F7C1
:10127000A6F80221606AF1F760FE1021606AF1F7BA
:1012800067FB00221146606AF2F732F80020E3F7AC
:10129000AFF801460022606AF1F7B0FF0022FF219B
:1012A000606AF1F7CFFF0020E3F7A2F801460022C1
:1012B000606AF1F7CCFF0022FF21606AF1F7D7FFE7
:1012C0005846E3F795F801462022606AF1F796FF49
:1012D0002022FF21606AF1F7B5FF606AECF7F2FAAD
:1012E0002946A062F2F737F82946A06AF1F764FEB2
:1012F0003146A06AF2F749F80021A06AF2F75FF8D8
:101300000921A06AF1F719FE1DA1A06AEDF7EEF818
:1013100000221549A06AF2F705F8606AE1F7CAFEF3
:101320002821E062F2F717F82821E06AF1F744FE7D
:101330000721E06AF1F701FEB8463946E06AEDF7A9
:10134000EFFE1221E06AF1F703FB00222821E06A98
:10135000F1F7CEFF18E000007C00002080808000C4
:10136000E78EAF20E5A28300106D0308EE98AB0076
:101370008C910408E5BF8320E78E8700EE9BA100D7
:10138000E8BF9020E58AA80049F28130E3F730F801
:1013900001460022E06AF1F731FF0022FF21E06AF6
:1013A000F1F750FFE06AECF78DFA29462063F1F778
:1013B000D2FF2946206BF1F7FFFD0921206BF1F7E1
:1013C000BCFDFEA1206BEDF791F80022FC49206BDB
:1013D000F1F7A8FF2068EEF72FFBF0216063F1F72B
:1013E000BAFF3F21606BF1F7E7FD4946606BF1F70B
:1013F000CCFF57465146606BF1F7E1FF0221606B6D
:10140000F1F79BFD1021606BF1F7A2FA0022114663
:10141000606BF1F76DFF0020E2F7EAFF0146002262
:10142000606BF1F7EBFE0022FF21606BF1F70AFF22
:101430000020E2F7DDFF01460022606BF1F707FFB5
:101440000022FF21606BF1F712FF5E465846E2F77B
:10145000CFFF01462022606BF1F7D0FE2022FF2152
:10146000606BF1F7EFFE606BECF72CFA2946A06396
:10147000F1F771FF2946A06BF1F79EFD6FF01301A4
:10148000A06BF1F782FF0021A06BF1F798FF092113
:10149000A06BF1F752FDCBA1A06BEDF727F800226E
:1014A000CA49A06BF1F73EFF606BE1F703FE28210C
:1014B000E063F1F750FF2821E06BF1F77DFD072194
:1014C000E06BF1F73AFD4146E06BEDF729FE1221A2
:1014D000E06BF1F73DFA00222821E06BF1F708FFFD
:1014E00047F6FB70E2F784FF01460022E06BF1F75C
:1014F00085FE0022FF21E06BF1F7A4FEE06BECF724
:10150000E1F929462064F1F726FF2946206CF1F71E
:1015100053FD0921206CF1F710FDADA1206CECF713
:10152000E5FF0022A649206CF1F7FCFE2068EEF7EB
:1015300083FAF0216064F1F70EFF3F21606CF1F750
:101540003BFD4946606CF1F720FF3946606CF1F7CE
:1015500036FF0221606CF1F7F0FC1021606CF1F7AE
:10156000F7F900221146606CF1F7C2FE0020E2F7A5
:101570003FFF01460022606CF1F740FE0022FF2190
:10158000606CF1F75FFE0020E2F732FF01460022B7
:10159000606CF1F75CFE0022FF21606CF1F767FEE2
:1015A0003046E2F725FF01462022606CF1F726FE67
:1015B0002022FF21606CF1F745FE606CECF782F9A8
:1015C0002946A064F1F7C7FE2946A06CF1F7F4FCA8
:1015D0006FF01301A06CF1F7D8FE0021A06CF1F7B9
:1015E000EEFE0921A06CF1F7A8FC7AA1A06CECF743
:1015F0007DFF00227549A06CF1F794FE606CE1F765
:1016000059FD2821E064F1F7A6FE2821E06CF1F7EE
:10161000D3FC0721E06CF1F790FC4146E06CEDF75C
:101620007FFD1221E06CF1F793F900222821E06C94
:10163000F1F75EFE6948E2F7DBFE01460022E06C4E
:10164000F1F7DCFD0022FF21E06CF1F7FBFDE06C1F
:10165000ECF738F929462065F1F77DFE2946206D23
:10166000F1F7AAFC0921206DF1F767FC5CA1206D60
:10167000ECF73CFF00225249206DF1F753FE206841
:10168000EEF7DAF9F0216065F1F765FE3F21606D54
:10169000F1F792FC4946606DF1F777FE6FF00101BA
:1016A000606DF1F78CFE0221606DF1F746FC1021B0
:1016B000606DF1F74DF900221146606DF1F718FEEB
:1016C0000020E2F795FE01460022606DF1F796FDDD
:1016D0000022FF21606DF1F7B5FD0020E2F788FEE2
:1016E00001460022606DF1F7B2FD0022FF21606D1E
:1016F000F1F7BDFDB2463046E2F77AFE0146202200
:10170000606DF1F77BFD2022FF21606DF1F79AFDFE
:10171000606DECF7D7F8AB462946A065F1F71BFEE4
:101720005946A06DF1F748FC6FF013052946A06DEE
:10173000F1F72BFE0021A06DF1F741FE0921A06D0C
:10174000F1F7FBFB27A1A06DECF7D0FE00221F49AB
:10175000A06DF1F7E7FD606DE1F7ACFC2821E065D5
:10176000F1F7F9FD2821E06DF1F726FC0721E06D86
:10177000F1F7E3FB46464146E06DEDF7D1FC12215F
:10178000E06DF1F7E5F800222821E06DF1F7B0FDFA
:101790001648E2F72DFE01460022E06DF1F72EFD1E
:1017A0000022FF21E06DF1F74DFDE06DECF78AF8C6
:1017B00059462066F1F7CFFD594619E0EE9BAB0084
:1017C0008C910408E8A18020E6B0A700106D030802
:1017D000EE9BA000E697A520E58E86008080FF00A6
:1017E000EE989500E7A79220E8A1A800E681DE0028
:1017F000206EF1F7E1FB0921206EF1F79EFBFEA1BF
:10180000206EECF773FE0022FC49206EF1F78AFD92
:101810002068EEF711F9F0216066F1F79CFD3F2199
:10182000606EF1F7C9FB4F464946606EF1F7ADFDBA
:101830002911606EF1F7C3FD0221606EF1F77DFBA7
:101840001021606EF1F784F800221146606EF1F706
:101850004FFD0020E2F7CCFD01460022606EF1F75B
:10186000CDFC0022FF21606EF1F7ECFC0020E2F7D6
:10187000BFFD01460022606EF1F7E9FC0022FF2166
:10188000606EF1F7F4FC5046E2F7B2FD014620220B
:10189000606EF1F7B3FC2022FF21606EF1F7D2FCFD
:1018A000606EECF70FF85946A066F1F754FD594603
:1018B000A06EF1F781FBA91DA06EF1F766FD002176
:1018C000A06EF1F77CFD0921A06EF1F736FBCCA1EB
:1018D000A06EECF70BFE0022CC49A06EF1F722FDC2
:1018E000606EE1F7E7FB2821E066F1F734FD28217F
:1018F000E06EF1F761FB0721E06EF1F71EFB314668
:10190000E06EEDF70DFC1221E06EF1F721F80022F8
:101910002821E06EF1F7ECFC4FF08310E2F768FD50
:1019200001460022E06EF1F769FC0022FF21E06E23
:10193000F1F788FCE06EEBF7C5FF59462067F1F739
:101940000AFD5946206FF1F737FB0921206FF1F7A7
:10195000F4FAAFA1206FECF7C9FD0022A749206F70
:10196000F1F7E0FC2068EEF767F8F0216067F1F727
:10197000F2FC3F21606FF1F71FFB3946606FF1F712
:1019800004FD2911606FF1F71AFD0221606FF1F774
:10199000D4FA1021606FF0F7DBFF00221146606F70
:1019A000F1F7A6FC0020E2F723FD01460022606F5C
:1019B000F1F724FC0022FF21606FF1F743FC0020C7
:1019C000E2F716FD01460022606FF1F740FC0022AD
:1019D000FF21606FF1F74BFC5046E2F709FD01462D
:1019E0002022606FF1F70AFC2022FF21606FF1F7DF
:1019F00029FC606FEBF766FF5946A067F1F7ABFC77
:101A00005946A06FF1F7D8FA2946A06FF1F7BDFC4F
:101A10000021A06FF1F7D3FC0921A06FF1F78DFA37
:101A20007CA1A06FECF762FD00227849A06FF1F76E
:101A300079FC606FE1F73EFB2821E067F1F78BFC52
:101A40002821E06FF1F7B8FA0721E06FF1F775FA96
:101A50004FF48061E06FEDF763FB1221E06FF0F768
:101A600077FF00222821E06FF1F742FC6B48E2F794
:101A7000BFFC01460022E06FF1F7C0FB0022FF210E
:101A8000E06FF1F7DFFBE06FEBF71CFF04F180067E
:101A900059463060F1F75FFC59463068F1F78CFA2F
:101AA00009213068F1F749FA5DA13068ECF71EFDB5
:101AB000002252493068F1F735FC2068EDF7BCFF91
:101AC000F0217060F1F747FC3F217068F1F774FA7C
:101AD000B94639467068F1F758FC6FF00108414685
:101AE0007068F1F76CFC02217068F1F726FA10219A
:101AF0007068F0F72DFF002211467068F1F7F8FBCF
:101B00000020E2F775FC014600227068F1F776FBD1
:101B10000022FF217068F1F795FB0020E2F768FCD6
:101B2000014600227068F1F792FB0022FF217068E5
:101B3000F1F79DFB57465046E2F75AFC014620223A
:101B40007068F1F75BFB2022FF217068F1F77AFBE8
:101B50007068EBF7B7FE5946B060F1F7FCFB5946E9
:101B6000B068F1F729FAA91DB068F1F70EFC002161
:101B7000B068F1F724FC0921B068F1F7DEF929A17A
:101B8000B068ECF7B3FC00222049B068F1F7CAFB5B
:101B90007068E1F78FFA2821F060F1F7DCFB28216B
:101BA000F068F1F709FA0721F068F1F7C6F94FF488
:101BB0008061F068EDF7B4FA1221F068F0F7C8FE22
:101BC00000222821F068F1F793FB1948E2F710FC96
:101BD00001460022F068F1F711FB0022FF21F068B6
:101BE000F1F730FBF068EBF76DFE59463061F1F725
:101BF000B2FB594630691DE0EE98A2008C910408B2
:101C0000E68C87E58D97E99288000000106D030847
:101C1000EE988A00E6B8B820E6888F001071C500FB
:101C2000EE9A9E00E8AEA1E7AE97E599A800000005
:101C300018658300F1F7C0F909213069F1F77DF9E2
:101C4000AEA13069ECF752FC0022AD493069F1F7E2
:101C500069FB2068EDF7F0FEF0217061F1F77BFB86
:101C60003F217069F1F7A8F949467069F1F78DFBDA
:101C700041467069F1F7A3FB02217069F1F75DF944
:101C800010217069F0F764FE002211467069F1F7C7
:101C90002FFB0020E2F7ACFB014600227069F1F750
:101CA000ADFA0022FF217069F1F7CCFA0020E2F7CB
:101CB0009FFB014600227069F1F7C9FA0022FF215B
:101CC0007069F1F7D4FA3846E2F792FB0146202218
:101CD0007069F1F793FA2022FF217069F1F7B2FAE7
:101CE0007069EBF7EFFD5946B061F1F734FB5946E7
:101CF000B069F1F761F92946B069F1F746FB0021B7
:101D0000B069F1F75CFB0921B069F1F716F97DA123
:101D1000B069ECF7EBFB00227C49B069F1F702FBFC
:101D20007069E1F7C7F92821F061F1F714FB282168
:101D3000F069F1F741F90721F069F1F7FEF84FF486
:101D40008061F069EDF7ECF91221F069F0F700FE1F
:101D500000222821F069F1F7CBFA6D48E2F748FB41
:101D600001460022F069F1F749FA0022FF21F069EB
:101D7000F1F768FAF069EBF7A5FD59463062F1F723
:101D8000EAFA5946306AF1F717F90921306AF1F792
:101D9000D4F860A1306AECF7A9FB00225E49306AF2
:101DA000F1F7C0FA2068EDF747FEF0217062F1F715
:101DB000D2FA3F21706AF1F7FFF84946706AF1F7ED
:101DC000E4FA4146706AF1F7FAFA0221706AF1F713
:101DD000B4F81021706AF0F7BBFD00221146706A5A
:101DE000F1F786FA0020E2F703FB01460022706A51
:101DF000F1F704FA0022FF21706AF1F723FA0020BC
:101E0000E2F7F6FA01460022706AF1F720FA0022A2
:101E1000FF21706AF1F72BFA3846E2F7E9FA01463A
:101E20002022706AF1F7EAF92022FF21706AF1F7A7
:101E300009FA706AEBF746FD5946B062F1F78BFA82
:101E40005946B06AF1F7B8F82946B06AF1F79DFA39
:101E50000021B06AF1F7B3FA0921B06AF1F76DF821
:101E60002EA1B06AECF742FB00222849B06AF1F7D4
:101E700059FA706AE1F71EF92821F062F1F76BFA5E
:101E80002821F06AF1F798F80721F06AF1F755F880
:101E90004FF48061F06AEDF743F91221F06AF0F730
:101EA00057FD00222821F06AF1F722FA1D48E2F7D7
:101EB0009FFA01460022F06AF1F7A0F90022FF2103
:101EC000F06AF1F7BFF9F06AEBF7FCFC59463063B2
:101ED000F1F741FA5946306BF1F76EF80921306B92
:101EE000F1F72BF810A1306BECF700FB306BBDE87D
:101EF000F05F00220849F1F715BA0000EE98B00033
:101F000034810408E8AEBE20E7BDAE00106D0308C2
:101F100090807000EE9995008C910408E585B320BF
:101F2000E4BA8E004F4F2F00EE98830038B5E2F7E9
:101F300095FD05460020F1F7DBFC04460520F1F78E
:101F4000D7FC01460A480090012322462846F4F7B0
:101F5000FBFA01462846E2F7C9FF0648F5F74AFCB6
:101F6000044880680068BDE83840F2F763BA0000B2
:101F700054C704087000002070B50C46064600F0F7
:101F80006DFC154D2868406D80B92968012081F8E5
:101F900058005CB101212046F5F718FD0F494FF0BC
:101FA00080500860BFF34F8FBFF36F8F00F076FC57
:101FB00000F054FC2868446D002034B116B1296843
:101FC000486502E02A68611E5165296881F8580059
:101FD00000F064FC204670BD3C01002004ED00E0F0
:101FE00000880988401A7047010E16D04FF47F42CE
:101FF000B2FBF1F1C0F307424A43120A62F3174001
:10200000C0F307224A43120A62F30F20C2B24A43C6
:102010005FEA122161F307007047002161F3174066
:1020200061F30F20F6E770B50446B0F85800C0F32E
:1020300003200B2811D00D2831D00E2853D00C28A6
:1020400079D100212046EAF7F1FC00221146204612
:10205000EAF764FC4FF4807167E000212046EAF75C
:10206000E5FC002211462046EAF758FCE06B002808
:1020700061D0206C00285ED02046F1F7D7FB2046C7
:10208000EFF775F90102E06B91FBF0F52046EEF7F2
:10209000EAF80102206C91FBF0F2294646E00021AB
:1020A0002046EAF7C3FC002211462046EAF736FC38
:1020B000E06B00283FD0206C00283CD02046F1F790
:1020C000B5FB2046EFF753F90102E06B91FBF0F509
:1020D0002046EEF7C8F80102206C91FBF0F18D422A
:1020E00023DA294621E000212046EAF79FFC00225E
:1020F00011462046EAF712FCE06B00281BD0206C4A
:10210000002818D02046F1F791FB2046EFF72FF971
:102110000102E06B91FBF0F52046EEF7A4F8010216
:10212000206C91FBF0F18D42DBDC0A462046BDE8D5
:102130007040FAF791BD70BD2DE9F04192B00646AE
:10214000EAF7BAFD05006ED03046E9F74EF90446CD
:1021500090F86400800766D52846EAF79AFF0228BF
:1021600061D02846EAF795FF04285CD006A9E06A0A
:10217000EEF736F80AA92846EAF75EFF0FA92846C7
:10218000EAF78BFF0A9800284DDB0B9800284ADB02
:1021900006990A98401A029007990B98401A0390E2
:1021A0003046E9F717F90646E06AEFF7E0F801462E
:1021B000E06A029A00270546002A01DA01200FE0B2
:1021C0008A4202DB47F6FF77F8E7012202A9EBF724
:1021D00037FC074602A9E06AEBF728FE80F0010011
:1021E00094F870104FF6FF788A0723D550EAC17231
:1021F0004FF4407001D1012E08D0C9071ED0022E25
:1022000012D0032E12D00B2E10D019E0C4E91A7888
:1022100094F8701041F00102014684F870202046C5
:10222000F0F796FB06E03FE0E76603E00146204654
:10223000ECF776FF94F87000C00701D1012E33D17E
:1022400039462046F4F7F4F894F87000C0072BD014
:10225000D4E91A10814208D96A6C824202D1AA6C70
:102260008A4218D06864A06E11E008D26A6C8A4273
:1022700002D1AA6C82420ED06964E06E07E0696CFC
:102280004046814202D1A96C814204D06864A864AE
:102290002046EFF7D5FB032E01D00B2E04D114F806
:1022A000700F20F00100207012B0BDE8F0812DE920
:1022B000FC470F460446EAF7FFFC0646EAF7E9FE4C
:1022C00001287ED13046EAF7D4FE002879D169464C
:1022D0003046EAF7B1FE032269462046F1F757FA85
:1022E0002046DDF718FC05469FB194F8A000C00712
:1022F0000FD11DB10099D4F8940002E00199D4F8EF
:102300009800081A002800DC404296F828108842FD
:1023100057DBD4F89C0010B92046D6F7B7F8D4E9BB
:102320000C010F1A00212046EEF7C0FC01280AD04C
:1023300000262046DDF7EFFB94F84C100640B14232
:1023400003D0012602E00126F3E700264FF000014A
:1023500020461DB3EEF7C3FD814600212046EEF76F
:10236000D9FD80462046EFF702F8A0EB0901A1EB6A
:1023700008012EB1E269A2EB0800009A801A04E07D
:102380006369009A03EB0900101A69B3784301EB03
:10239000D17200EB620090FBF1F023E0EEF7DEFD7E
:1023A000814600212046EEF776FD80462046EDF777
:1023B0005AFFA0EB0801019AA1EB090036B1A3690D
:1023C00000E03DE003EB0901511A04E0236A03EB4E
:1023D0000801511A4942794300EBD07201EB6201C6
:1023E00091FBF0F0216B0844D4E90C21D4F89C3027
:1023F00004F13806B34201D1E16A00E0A26B8842E1
:1024000001DA064600E00E46964201DA104602E086
:10241000884200DB08461968814211D0186015B166
:102420004FF4007101E04FF480712046F0F790FA0C
:102430002046EFF705FB002223212046F0F75FFD41
:10244000BDE8FC872DE9F14F96B0002127221698B0
:10245000EEF790FDC0B2169C129000273946204638
:10246000EEF73AFD054639462046EEF76CFC064687
:1024700039462046EEF752FC400700D53544169EFB
:1024800000270A9539463046EEF765FD0546394680
:102490003046EEF758FC804639463046EEF73EFCB3
:1024A000800700D5454400210F951698EEF744FDAE
:1024B000039000211698EEF700FD08901698EDF7AE
:1024C0007AFE06901698EDF761FE0146E06B002754
:1024D000C0F10102039800FB021010903846D4F8B6
:1024E0002C9077E04FF0000B5D4607E0606B7919A8
:1024F00030F81100D9F738FD83446D1C59F82500D8
:1025000040B13BA1F2F75AFB20B159F82500007801
:102510000028EBD13DB31098E26B00FB08F0B0FB54
:10252000F2F10F980B18039808F1010108FB003035
:102530000E9010984843B0FBF2F30F9903985B1E7E
:1025400008FB00101844149008990698C5F1010280
:1025500001FB02000D90002801DA00200D904FF0E1
:10256000000A56462EE009F1040030E0606B30F8B6
:102570001700D9F7F9FC0D9901FB0AF1B1FBFBF249
:102580000899824406FB01210D9A0AFB02F0B0FB78
:10259000FBF20898521E06FB0020129A012A04D171
:1025A0000A460699091A0698801A0A9A83181498F6
:1025B0000090206B114400EB07100E9AE0F70AF828
:1025C000761C7F1CAE42D1D309EB8500001D8146ED
:1025D00008F10100E16B8046414583D81698F0F779
:1025E00003F9169817B0BDE8F04FEFF729BA0000CD
:1025F0000A0000002DE9FE4F8B46018D0546594526
:102600001DD00DB9E0F762F8288D019001465A46B9
:102610002846F0F7CDFF06000FD02846EFF710FA56
:10262000A5F828B02846F1F7EEF84FF42070ECF743
:10263000A7F98146002420467CE0A5F828B0BDE833
:10264000FE8FE96801EBC0020092042202EBC00297
:102650008A58C2F3074109041FFA82FE02913EEA3A
:102660000B0166D100994968890162D400996822FA
:1026700009680B7AFF2B05D0D1F80080002108EB08
:10268000830718E00B68002106E0974203D103EBB3
:10269000C10149680CE0491C13F83170002FF4D1D6
:1026A00047E000BF17F801C0944503D158F8211046
:1026B000002237E0491C8B42F4D83AE0002214E0B3
:1026C00002EB820C09EB8C0CDCF804309CF808C09F
:1026D0001FFA83F803F47F03BC4505D1DDF808C079
:1026E000634501D1F04502D2521CA242E8D3A24276
:1026F00016D104EB84028F8929F8227009EB82023B
:102700000B8A53808B68D3600F68641C17F80A30FB
:1027100013724B681361009B5B6823F07F43536027
:102720000AF1010292460A6812F80A700FB1202CD1
:10273000C4D3401C698DC1F30511814202D9202CFC
:10274000FFF47FAF00270DE007EB870109EB810065
:102750005B464168009001F47F012846019AF0F73A
:1027600073FE7F1CA742EFD34846E9F7DFF94FF429
:102770007021012E0CD0032E0AD0022E7FF45FAF01
:102780002846EFF75DF92846BDE8FE4FF0F72CB874
:1027900003B02846BDE8F04FFF22F0F761B8D0E95A
:1027A000013201699A60D0E901235A604A68824285
:1027B00001D182684A60002202610868401E0860F8
:1027C00008687047034B036003F15C0008608020D9
:1027D00010607047C0090020044B036003F15C00E7
:1027E00008604FF480701060704700001C0C0020DF
:1027F0000120F3F7BDBF00F108014FF0FF32C0E93F
:102800000112C16001610021016070470021016176
:10281000704730B50B685A1C02D000F1080202E084
:10282000026904E02246546825689D42FAD953683B
:102830004B6099608A60516008610168491C0160C1
:1028400030BD42684A6093688B60936859609160BC
:1028500008610168491C016070470000502080F346
:102860001188BFF34F8FBFF36F8F0A494868401C30
:10287000486001280CD10848006810F0FF0F07D00D
:10288000502080F31188BFF34F8FBFF36F8FFEE7A7
:1028900070470000B001002004ED00E008494868DE
:1028A00028B1401E486001D180F311887047502044
:1028B00080F31188BFF34F8FBFF36F8FFEE70000E7
:1028C000B001002070B500282AD0164DA0F10804F0
:1028D00060686969084207D1502080F31188BFF30E
:1028E0004F8FBFF36F8FFEE722683AB1502080F31D
:1028F0001188BFF34F8FBFF36F8FFEE7884360608F
:1029000000F0C0F960686968084468602046F5F71F
:102910007BFA2869401C2861BDE8704001F0E2B8EC
:1029200070BD0000900100204FF0E0200021016107
:10293000816105494FF47A720968B1FBF2F1491ED1
:1029400041610721016170472802002010B5CDF7D1
:10295000EFFC114910280ED300F1E02090F8F003AD
:102960000A78904207D2502080F31188BFF34F8F2E
:10297000BFF36F8FFEE709480068896800F4E060E4
:10298000884207D9502080F31188BFF34F8FBFF3DF
:102990006F8FFEE710BD0000B00100200CED00E0DD
:1029A00010B5084B002200BF53F832401CB1521C36
:1029B000082AF9D310BD43F8321003EBC201486076
:1029C00010BD0000A403002070B515460E46044655
:1029D000FFF744FF94F944100020491C01D184F80A
:1029E000440094F94510491C01D184F84500FFF7D3
:1029F00055FFA06B28B92A46314604F1240000F0A7
:102A000099F82046BDE87040F5F7B6BB10B5020056
:102A100014D00F48006B38B1502080F31188BFF3F9
:102A20004F8FBFF36F8FFEE700F02CF900211046A7
:102A3000F4F7CCFF01F056F8002807D105494FF014
:102A400080500860BFF34F8FBFF36F8F10BD000041
:102A50003C01002004ED00E070B50546FFF7FEFEE6
:102A60001E4C05B92568281DFFF799FEA86A18B104
:102A700005F11800FFF793FE606A401C6062206851
:102A8000854207D1291D1648FFF7DBFE6068401C10
:102A9000606007E0A068401EA0602846F5F7CEF809
:102AA000F5F7E0FAFFF7FAFE6069002814D0206815
:102AB000854211D1206B38B1502080F31188BFF3CB
:102AC0004F8FBFF36F8FFEE706494FF080500860CD
:102AD000BFF34F8FBFF36F8F70BD00003C0100202C
:102AE0008008002004ED00E002490A6A0260C9681B
:102AF000416070473C01002001490120C8617047D6
:102B00003C01002010B50C4650B109490968183144
:102B1000FFF77FFE2046BDE810400121F4F756BFC5
:102B2000502080F31188BFF34F8FBFF36F8FFEE704
:102B30003C01002070B514460D4668B10A49096889
:102B40001831FFF77EFE0CB14FF0FF3521462846C5
:102B5000BDE87040F4F73ABF502080F31188BFF30E
:102B60004F8FBFF36F8FFEE73C01002070B504006C
:102B70003ED0226DA2B1E06C884200D30146E06AEB
:102B8000884235D0012A33D11A4D2A6894420FD198
:102B9000502080F31188BFF34F8FBFF36F8FFEE794
:102BA000502080F31188BFF34F8FBFF36F8FFEE784
:102BB000E162A269002A02DBC1F13801A1610E4E77
:102BC00000EB8000616906EB8000814210D1201D7E
:102BD000FFF7E5FDE06A2969884200D9286100EB2A
:102BE000800006EB8000211DBDE87040FFF729BE84
:102BF00070BD00003C010020E403002030B587B028
:102C00000024039405AA04A903A80494FFF7DAFD9D
:102C1000DDE903010094CDE90110002315A1174857
:102C2000059A00F08AFD164D0028E8621FD000F0DA
:102C3000BBFF012809D0401C19D1502080F3118816
:102C4000BFF34F8FBFF36F8FFEE7502080F31188E3
:102C5000BFF34F8FBFF36F8F4FF0FF30A86201209B
:102C60006861EC6007B0BDE8304000F025B907B0FE
:102C700030BD000049444C4500000000BD7C020806
:102C80003C0100200248016B491C016370470000B1
:102C90003C010020164810B5016B11B10121C16142
:102CA00010BD0021C1610169124A01E0B9B1491E9C
:102CB00001EB810352F82330002BF7D001EB8103A5
:102CC00002EB830202F1080453685B685360A3427D
:102CD00001D15B685360DA680260016110BD502069
:102CE00080F31188BFF34F8FBFF36F8FFEE70000B3
:102CF0003C010020E403002070B5E8F776FB0546B0
:102D0000EDF710FBE0F7C8FE04468078401E0C2863
:102D100001D3DFF7DBFC01212846EDF7DBF9A178D1
:102D2000054A02EB8101228851F8043CBDE870405D
:102D300002A1EBF71FBC0000EC0100202564202558
:102D40007300000070B5E8F750FB0546EDF7EAFAAE
:102D5000E0F7A2FE044600212846EDF7BBF906463F
:102D600001212846EDF7B6F905463046E8F7BAF8EE
:102D70000178C278303901EB4103C3EBC11102EB9A
:102D8000C1014278642312FB03F2807800EB8000DB
:102D900002EB400008442288A0F5A050D038811AE8
:102DA000002900DC111A3046E8F7BFFAA17828465E
:102DB000BDE87040491EE8F7B8BAF8B5040001D183
:102DC000DFF784FC256C15F5004F51D0D4E90E03D4
:102DD000834201DA03F5B47394F84C10C1F3410156
:102DE000B9B301290CD0022942D10090D4E91112C3
:102DF0002846EBF7D9FD054620462946E26B34E02C
:102E0000C118D4E9117201EBD1714E10B91801EB60
:102E1000D17149108D420DDA03460A4639462846DB
:102E20000096EBF7C1FD054601462046DFF767F83F
:102E300031460AE0009333462846EBF7B5FD0546D8
:102E400031462046DFF75BF829462046DEF7E8FFEB
:102E50000DE0FFE70093D4E9111203462846EBF793
:102E6000A3FD054620462A46A16BDEF757FFA56560
:102E7000F8BD70B5044600223F21E1F785FF216BC4
:102E8000002529B1606B30B120468847656302E0B8
:102E9000606B0028FCD1A5632046BDE8704000228D
:102EA0004021E1F771BF10B504460846E1F756FA34
:102EB0006043C01DC00810BD1CB537480168374AC3
:102EC000914207D1502080F31188BFF34F8FBFF399
:102ED0006F8FFEE700683149491E884207D15020B4
:102EE00080F31188BFF34F8FBFF36F8FFEE72C493C
:102EF00008780190FF20087008788DF800009DF890
:102F000000009DF8002000F0F000904207D0502013
:102F100080F31188BFF34F8FBFF36F8FFEE79DF8EB
:102F20000000204C00F0500020700720A06005E059
:102F30009DF8002052008DF80020401E9DF80020D2
:102F40001206F5D4A060032807D0502080F3118822
:102F5000BFF34F8FBFF36F8FFEE74FF44070A06059
:102F6000019808700C482030016841F4700101603C
:102F7000016841F070410160FFF7D6FC00206060FD
:102F8000CDF79EF90848016841F040410160CDF756
:102F900083F900201CBD000000ED00E071C20F416C
:102FA00000E400E0B001002034EF00E010B5502054
:102FB00080F31188BFF34F8FBFF36F8F00F072FC67
:102FC00018B104494FF080500860002080F3118848
:102FD00010BD000004ED00E010B502460021012004
:102FE00000F005F80446F4F799FE204610BDF8B548
:102FF00017460E46050013D005FB06F05030F5F7D6
:10300000F1F804000AD0002084F8460004F15002D0
:103010003B46314628460094F4F78CFE2046F8BD26
:10302000502080F31188BFF34F8FBFF36F8FFEE7FF
:1030300038B5049D18B153B1CAB181B120E0502018
:1030400080F31188BFF34F8FBFF36F8FFEE75020DF
:1030500080F31188BFF34F8FBFF36F8FFEE75020CF
:1030600080F31188BFF34F8FBFF36F8FFEE739B145
:10307000502080F31188BFF34F8FBFF36F8FFEE7AF
:1030800050241C46012384F846302B460094F4F764
:1030900051FE204638BD000070B50D46040025D015
:1030A000FFF7DCFBD4E90F20216802FB0011A160CF
:1030B0000021A163216861600A46D4E90F01401E26
:1030C00000FB0121E16021464FF0FF3001F8440F81
:1030D000487004F110008DB1FFF78DFB04F124005E
:1030E000FFF789FBFFF7DAFB012070BD502080F36A
:1030F0001188BFF34F8FBFF36F8FFEE7216900295F
:10310000F0D000F0B7FC0028ECD004494FF080501C
:103110000860BFF34F8FBFF36F8FE3E704ED00E06C
:103120002DE9FF4782B01D468A464FF00008040093
:1031300003D0BAF1000F08D011E0502080F31188BD
:10314000BFF34F8FBFF36F8FFEE7206C38B1502075
:1031500080F31188BFF34F8FBFF36F8FFEE7022D0F
:103160000AD1E06B012807D0502080F31188BFF30B
:103170004F8FBFF36F8FFEE700F080FB3F4F4FF0A4
:1031800000094FF0805648B9049838B1502080F3B8
:103190001188BFF34F8FBFF36F8FFEE7FFF75EFB22
:1031A000A06BE16B884207D3022D05D00498D0B103
:1031B000B8F1000F1AD01EE02A4651462046F4F717
:1031C00007FD616A19B104F1240000F053FC20B13D
:1031D0003E60BFF34F8FBFF36F8FFFF75FFB0120A0
:1031E00006B0BDE8F087FFF759FB22E06846FFF71D
:1031F0007BFC4FF00108FFF751FBFFF743FDFFF7A2
:103200002DFB94F94400401C01D184F8449094F9BA
:103210004500401C01D184F84590FFF73FFB04A90D
:10322000684600F023FA30B12046F4F7A5FF00F01D
:1032300059FC0020D4E7FFF711FBA06BE16B88423B
:1032400013D1FFF72BFB04F110000499FFF75AFC90
:103250002046F4F791FF00F045FC00289ED13E6027
:10326000BFF34F8FBFF36F8F98E7FFF717FB204631
:10327000F4F782FF00F036FC90E7000004ED00E078
:103280002DE9F0471F4690468946040003D0B9F166
:10329000000F08D011E0502080F31188BFF34F8F4A
:1032A000BFF36F8FFEE7206C38B1502080F3118898
:1032B000BFF34F8FBFF36F8FFEE7022F0AD1E06B92
:1032C000012807D0502080F31188BFF34F8FBFF340
:1032D0006F8FFEE7FFF73AFB5020EFF3118680F384
:1032E0001188BFF34F8FBFF36F8FA06BE16B8842E4
:1032F00006D3022F04D0002086F31188BDE8F087A2
:1033000094F94550A06B3A4649462046F4F760FCD4
:10331000681C04D06D1C84F845500120ECE7606AFD
:103320000028FAD004F1240000F0A4FB0028F4D017
:10333000B8F1000FF1D00121C8F80010EDE710B589
:10334000040009D000F094FAA168884214D1E06822
:10335000401EE06008D00DE0502080F31188BFF3DC
:103360004F8FBFF36F8FFEE700231A4619462046A2
:10337000FFF7D6FE012010BD002010BD2DE9F74754
:10338000002683B08A46040003D0BAF1000F08D0AB
:1033900011E0502080F31188BFF34F8FBFF36F8F80
:1033A000FEE7206C38B1502080F31188BFF34F8FB7
:1033B000BFF36F8FFEE700F061FADFF8F4804FF0A3
:1033C00000094FF0805748B9059838B1502080F374
:1033D0001188BFF34F8FBFF36F8FFEE7FFF73EFA01
:1033E000A56BC5B151462046F4F7DFFB6D1EA56302
:1033F000206950B104F1100000F03CFB28B1C8F87E
:103400000070BFF34F8FBFF36F8FFFF747FA0120B4
:1034100006B0BDE8F087059808B11EB106E0FFF7D9
:103420003DFA27E06846FFF75FFB0126FFF736FA13
:10343000FFF728FCFFF712FA94F94400401C01D171
:1034400084F8449094F94500401C01D184F84590DB
:10345000FFF724FA05A9684600F008F9002820467D
:103460000AD0F4F789FE00F03DFB2046F4F70EFD8C
:103470000028B3D00020CBE7F4F708FD90B104F1A9
:1034800024000599FFF73EFB2046F4F775FE00F097
:1034900029FB0028A2D1C8F80070BFF34F8FBFF3FB
:1034A0006F8F9BE72046F4F767FE00F01BFB95E764
:1034B00004ED00E02DE9F343002683B00400354617
:1034C00009D0206C78B1502080F31188BFF34F8F62
:1034D000BFF36F8FFEE7502080F31188BFF34F8F4B
:1034E000BFF36F8FFEE700F0C9F9DFF83C814FF0C2
:1034F00000094FF0805748B9049838B1502080F344
:103500001188BFF34F8FBFF36F8FFEE7FFF7A6F968
:10351000A06BC8B1401EA063206810B9F4F7D0FEBC
:10352000A060206950B104F1100000F0A3FA28B1A6
:10353000C8F80070BFF34F8FBFF36F8FFFF7AEF97E
:10354000012005B0BDE8F083049808B166B10FE032
:103550003DB1502080F31188BFF34F8FBFF36F8FC1
:10356000FEE7FFF79BF95DE06846FFF7BDFA01262D
:10357000FFF794F9FFF786FBFFF770F994F9440021
:10358000401C01D184F8449094F94500401C01D1BD
:1035900084F84590FFF782F904A9684600F066F8C0
:1035A0000028204612D0F4F7E7FD00F09BFA2046F1
:1035B000F4F76CFC0028A9D09DB3FFF74FF9606ABF
:1035C00050B3206B0068C0F1380126E0F4F75EFCD0
:1035D000E0B1206838B9FFF741F9A06800F00EFAB1
:1035E0000546FFF75BF904F124000499FFF78AFA16
:1035F0002046F4F7C1FD00F075FA002886D1C8F81E
:103600000070BFF34F8FBFF36F8F7FE72046F4F753
:10361000B3FD00F067FA79E70021A068FFF7A6FA8A
:103620009FE7FFE700208CE704ED00E070B50D4652
:10363000040009D000F01CF9A16888420CD1E068B0
:10364000401CE060012070BD502080F31188BFF362
:103650004F8FBFF36F8FFEE729462046FFF72AFF03
:103660000028F0D0E168491CE16070BD2DE9F0410F
:103670000C46050011D0C4B1FFF7F0F8174BDA681B
:103680006E682068911B471C17D02F681B6A9F42E9
:1036900019D0964217D8012410E0502080F31188E9
:1036A000BFF34F8FBFF36F8FFEE7502080F3118879
:1036B000BFF34F8FBFF36F8FFEE70024FFF7EEF8E5
:1036C0002046BDE8F081884205D9401A206028468E
:1036D000FFF70AFAF1E700202060DCE73C01002058
:1036E0002DE9FF5F8346DDE90E87994616468A4637
:1036F0009000F4F777FD05001CD05C20F4F772FD14
:10370000040014D00020256384F85900CDE902405C
:10371000CDE900874B46324651465846F4F71CFB2C
:103720002046F4F781F9012004B0BDE8F09F284657
:10373000FFF7C8F84FF0FF30F6E7F0B585B0DDE9E8
:103740000B640A9DA6B1DCB15C27009726630226B4
:1037500084F85960002604AFCDE90246CDE9005750
:10376000F4F7FAFA2046F4F75FF9049805B0F0BDD3
:10377000502080F31188BFF34F8FBFF36F8FFEE7A8
:10378000502080F31188BFF34F8FBFF36F8FFEE798
:103790002DE9F0411F4690460D46012690B10446A2
:1037A000FFF75CF80FB1606D386094F858000221A3
:1037B00084F85810B8F1050F19D2DFE808F0230B90
:1037C0000E141200502080F31188BFF34F8FBFF307
:1037D0006F8FFEE7616D294301E0616D491C6165F2
:1037E00010E0022801D065650CE0002634E0616D30
:1037F000491C07D0502080F31188BFF34F8FBFF3CF
:103800006F8FFEE7012827D1201DFEF7C8FF154D59
:10381000E06A2969884200D92861134900EB8000D9
:1038200001EB8000211DFFF70CF8A06A38B1502091
:1038300080F31188BFF34F8FBFF36F8FFEE7E06A0D
:103840002968C96A884207D908494FF08050086042
:10385000BFF34F8FBFF36F8FFFF720F83046BDE8FF
:10386000F08100003C010020E403002004ED00E0B2
:1038700001480068704700003C010020054841698C
:1038800019B1006B18B10020704701207047022069
:10389000704700003C0100200148C06870470000EC
:1038A0003C0100202DE9F041324C0027206B38B15B
:1038B000A069401CA061FEF79BFF3846BDE8F0817F
:1038C000E668761CE66013D1606B006838B1502062
:1038D00080F31188BFF34F8FBFF36F8FFEE7606BEC
:1038E000A16B6163A063206A401C2062F4F7BAFBFD
:1038F000A06ADFF88480864209D3606B006890B1CB
:10390000606BC068C568686886420FD2A062206894
:10391000C06A00EB800158F82100012800D9012776
:10392000A069F8B120E04FF0FF30EFE7281DFEF767
:1039300036FFA86A18B105F11800FEF730FFE86AF3
:103940002169884200D9206100EB800108EB8100E9
:10395000291DFEF776FFE86A2168C96A8842CCD340
:103960000127CAE7FEF744FFE0690028A5D0012738
:10397000A3E700003C010020E403002070B5040030
:103980004FF0000133D01B4D2868844207D05020EF
:1039900080F31188BFF34F8FBFF36F8FFEE7206D69
:1039A00038B1401E2065E36CE26A9A421FD040B1F4
:1039B0001DE0502080F31188BFF34F8FBFF36F8F4E
:1039C000FEE7201DFEF7EBFEE06CE062C0F1380080
:1039D000A061E06A2969884200D92861064900EBA4
:1039E000800001EB8000211DFEF72BFF012108461E
:1039F00070BD00003C010020E403002070B504000D
:103A00004FF000002BD0194DE16A2A68D26A91422A
:103A100026D2A069002804DB2868C06AC0F13800FB
:103A2000A061134E01EB8101606906EB81018842C0
:103A300011D1201DFEF7B3FE2868C06AE062296933
:103A4000884200D9286100EB800006EB8000211D30
:103A5000FEF7F7FE02E02868C06AE062012070BD50
:103A6000E16C2A68D26A9142F8D370BD3C01002013
:103A7000E403002070B5C068C46854B104F11800B4
:103A80000646FEF78CFE144D286B50B131461348A4
:103A900015E0502080F31188BFF34F8FBFF36F8F75
:103AA000FEE7201DFEF77BFEE06A2969884200D907
:103AB00028610B4900EB800001EB8000211DFEF71F
:103AC000C0FEE06A2968C96A884202D90120E8611B
:103AD00070BD002070BD00003C0100206C0800207B
:103AE000E40300202DE9F0472C4D00242746286BE5
:103AF00038B1FEF7B3FE286B401E2863286B40B137
:103B000046E0502080F31188BFF34F8FBFF36F8FD3
:103B1000FEE7A968224E0120D1B3A6F5916980463F
:103B20003068E0B1F068C46804F11800FEF737FEB1
:103B3000201DFEF734FEE06A2969884200D9286119
:103B400000EB800109EB8100211DFEF77AFEE06A9F
:103B50002968C96A8842E3D3C5F81C80E0E70CB144
:103B6000F4F780FAAC694CB14FEA0806FFF79AFE09
:103B700000B1EE61641EF9D10020A861E86938B196
:103B80000849012738070860BFF34F8FBFF36F8FD5
:103B9000FEF784FE3846BDE8F08700003C010020B7
:103BA0006C08002004ED00E010B586B0F3F7B6FF16
:103BB000114C2068B8B100200390049005AA04A914
:103BC00003A8FEF709FEDDE9032102208DE80700C6
:103BD00000230AA10B48059AFFF7AFFD606010B102
:103BE00006B0012010BD502080F31188BFF34F8F25
:103BF000BFF36F8FFEE7000078010020546D722044
:103C000053766300558102082DE9FF411E46134695
:103C100002000A9D4FF0000016D0144C2768002FB8
:103C20000FD0CDE900130292062917DAFFF726FE1E
:103C300002284FF000030FD0002269462068FFF7EA
:103C40006FFA04B0BDE8F081502080F31188BFF313
:103C50004F8FBFF36F8FFEE72A46EEE70023324611
:103C600069463846FFF70CFBEBE7000078010020BF
:103C700070B50446E7F7B9FB05462046E7F71BFC9D
:103C800006462846E7F73AF904462846E7F72AF9B0
:103C90000546F0F7BBFF04EB8404E11C884201D821
:103CA000DEF714FD6019295DC278303901EB41035C
:103CB000C3EBC11102EBC1014278642312FB03F292
:103CC000807800EB800002EB40000C18A4F5A054B3
:103CD0003046D03CDFF7E0FE0068A1B2C0F30742F7
:103CE0003046BDE87040DFF7DFBE4FF04070E1EED8
:103CF000100A7047B0D10408000000000000000066
:103D00000000000000000000000200001800000099
:103D10000000000000000000D4D1040800000000F2
:103D2000000000000000000000000000000500008E
:103D3000280000000000000000000000BCD10408C2
:103D40000000000000000000000000000000000073
:103D5000000C00001800000000000000000000003F
:103D60000EFA0FFC0DFB0CFA0AFA09FA08FA08FA27
:103D700007F90192000006E70CFD06F90BF7FE0FAC
:103D8000E6F82F99F26F2DB032050000009F60BF5A
:103D90004000000CF40EF2000000FF02FE0000AF35
:103DA000FFFFFFFFF107EFFFEFFFEE1000AF40CF87
:103DB0002000000EF10FE0000002FD04FB0000BE39
:103DC000FFFEFFFEE009FFFFFFFFFF0000EF21FF06
:103DD0001000003FF05FD0000006FB09F900000072
:103DE0000005F700000008F9000004DFFFF6002FCF
:103DF000FFFFFF508FC8F99FE0AF57F82FF19F9753
:103E0000F801203FFFFA200007FFFFFB10001AFE19
:103E1000FFC00007F82FF27607F80DF5CF99FA9F4B
:103E2000F38FFFFFFFC008DFFFE9100007F8000075
:103E30000004B500000000000000000000019EFC2E
:103E40003000CF80000AF75EE106FF10000FB005DA
:103E5000F50EF700000FB005F67FD000000CF52C32
:103E6000F4FF50000002DFFF69FB00000000023099
:103E70003FF5CFFA00000000CFADF68F90000005AF
:103E8000FF6F700BF000000EF85F5009F100008F1B
:103E9000E03F800CF00002FF600DF89F90000AFCEC
:103EA0000001BEE800001AFE6000000BFEFF60008B
:103EB00003FD06FC00003FD04FC00000CF9EF50080
:103EC0000004FFE5000002EFFD11B500EF5BFB7F92
:103ED000B07F801DFFF50BF4003FFD00BF9019FF80
:103EE000F203FFFFFFDFD004CFEA31EF700BF50ED6
:103EF000F01F906F304400000010001EF3009FB0D0
:103F000002FF2008FB000EF5003FF0006FD0009F7D
:103F1000A000BF9000CF8000CF8000BF90009FA086
:103F2000006FD0002FF0000DF50007FB0001FF30FF
:103F3000008FC0000CF3010000AF80003FF2000AC8
:103F4000FA0002FF1000DF70007FB0004FF0001F8A
:103F5000F2000FF3000FF4000FF4000FF3001FF254
:103F6000004FE0008FB000DF6003FF000BF9003F5F
:103F7000F100AF600000047100001AF6200AEAF8B0
:103F8000F50DFFFFF902BFFF900EFFFFFB07A9F63B
:103F9000D30009F600000025000000008F6000003B
:103FA000009F600000009F60001FFFFFFFFE0EFFEC
:103FB000FFFFFE00119F711000009F600000009F36
:103FC000600000008F50000AE30FF909F802F31CAB
:103FD000700111111102FFFFFFF40EFFFFFF300A05
:103FE000E30FF90AF50000057000001FF000005F04
:103FF000C000009F800000EF400002FF000006FBB1
:1040000000000BF600000FF200004FE000009F9050
:104010000000DF400002FF000007FB00000BF6007D
:10402000000FF200005FD000008F7000000003AEB0
:10403000FC5000004FFFFFF90001FFF74DFF400863
:10404000FF5002FFC00DFE00009FF10FFA00005F5D
:10405000F41FF800003FF50FF800003FF60FFA00DC
:10406000005FF40CFE0000AFF207FF7001FFD0010B
:10407000FFF85DFF50004FFFFFF9000003BEFC504A
:1040800000003200AFFB4FFFE17FFD00DFD00CFDF1
:1040900000BFD00BFD00BFD00BFD00BFD00BFD005B
:1040A000BFD00BFD00AFC0018CFFC60002EFFFFFC9
:1040B000FA008FFE9AFFF306FC0007FF701B10004A
:1040C0005FF800000009FF40000003FFB00000019E
:1040D000EFE2000000DFF4000000CFF6000001CFA7
:1040E000F9000006FFFF999AA0CFFFFFFFFF5AFFDC
:1040F000FFFFFFF7000000000000018DFEC5001E5D
:10410000FFFFFF903FFB55BFF20C60003FF3000044
:1041100002BFF1001FFFFF50000EFFFF60000236DC
:10412000DFF30000002FF90200000EFB3E30004FCD
:10413000FA6FFB8BFFF63FFFFFFFB0029DFFC7004A
:104140000000008EA100000001EFF50000000AFF52
:10415000F50000005FFFF5000001EF9FF500000C87
:10416000FA4FF500008FE04FF50004FF304FF500E7
:104170002EFD668FF9734FFFFFFFFFF20EFFFFFF6B
:10418000FFD00100003FF5000000003FF5000000F7
:10419000003FF400000000123002FFFFFFFF601F2D
:1041A000FFFFFFFB00CFFBBBBB7009FF000000005F
:1041B0009FD00000000BFFFFEA2000CFFFFFFE2092
:1041C0000000015EFB000000007FF022000007FFFE
:1041D00018D20001DFF0CFFB8AEFFB08FFFFFFFEE4
:1041E0002006CFFFD9100000003AEF700000AFFFAB
:1041F000FF0001CFFD978000AFE50000003FFCDE2F
:10420000D70008FFFFFFFC00BFFB218FF80DFE0069
:1042100000BFF0DFA00006FF2CFC00006FF28FF360
:10422000000AFF01FFE539FF9004FFFFFFC0000215
:10423000AEFD70006FFFFFFFF65FFFFFFFFC0BBAE4
:10424000AAEFF8000001FFA0000007FF3000000DFA
:10425000FC0000002FF60000008FF1000000DFD00E
:10426000000001FFA0000006FF70000009FF5000E1
:10427000000CFF4000000EFF3000006CEFEB400030
:10428000CFFFFFFF705FFA203DFF07FF20007FF2A6
:104290004FFA203DFE008FFFFFFF5002EFFFFFB0FF
:1042A00003FFFFFFFFB0BFE20008FF6EFA00000F40
:1042B000FAEFD00003FF99FFD879FFF51EFFFFFF4B
:1042C000FB0018DFFEB600005CFEB40000AFFFFF8D
:1042D000F8006FFB44BFF50CFD0000CFC0DFA0006D
:1042E00006FF0CFD00007FF26FF9105FFF20BFFF9B
:1042F000FFFFF0006CFEBFFC00000007FF70000035
:1043000007FFE000778EFFF3000AFFFFD300003FB6
:10431000FC6000000AE30FF90AF50000000000004D
:104320000AE30FF90AF50AE30FF90AF500000000A5
:10433000000005910FF80EF902F607D016100000E4
:104340000000320000004CF900004CFFF6005DFF59
:10435000FA300CFFF920001FFF91000005DFFF91EC
:10436000000005CFFFA2000004CFF900000004B751
:104370001FFFFFFFFE0FFFFFFFFE001111111000D6
:104380000000000001222222211FFFFFFFFE0EFF7E
:10439000FFFFFD05100000001FF81000000DFFF8E2
:1043A0001000006DFFF91000005CFFF5000004EF45
:1043B000F90005CFFF9106DFFF91001FFF8100008C
:1043C0000E8100000002AEFB202FFFFFE06F847F14
:1043D000F527000CF500002FF10002EF70000DF83A
:1043E00000004FD000003FB00000031000000000AC
:1043F00000003EA000008FF100004EC00000018CC4
:10440000ED92000002EFFFFFF50002EFC5116FF320
:1044100000BFB000004FC03FE05DFAD9CF28F74F92
:10442000D9FFA8F5BF3CE00AF58F5CF2F900AF0BAD
:10443000F3AF4FD15FE3FD07FA9FFFFFFF401FF58A
:104440008CA4AB40007FFA53560000008FFFFFF6AC
:104450000000003AEFFD60000000001ED6000000E2
:1044600000003FFFF00000000009FFFF30000000E7
:1044700000EFCFF8000000004FF7AFD000000009B8
:10448000FF14FF20000000FFB00FF70000005FFFE7
:10449000FFFFD000000CFFFFFFFF300003FFC888C4
:1044A0008FFA0000CFF20000CFF1028FFB0000086E
:1044B000FF609FFF3000004FFD01CF60000000EF64
:1044C000F29E94CFEA2009FFFFFFFE107FF9326FC2
:1044D000F606FF3000CF706FF3017FF206FFFFFF9B
:1044E000F4005FFFFFFFA005FF6349FF905FF3004B
:1044F00008FF15FF30003FF35FF30006FF46FF851E
:1045000057EFF17FFFFFFFF708FFFFFEC500000038
:104510004ADFEA4000000AFFFFFFFA0000AFFFC9D0
:10452000BFFF9005FFF40005FFF20BFF600000BE27
:10453000B20FFF00000000001FFD00000000001F80
:10454000FC00000000000FFE00000004300AFF50D5
:1045500000000DE104FFE30001BFF300AFFFCABF9D
:10456000FFD0000AFFFFFFFE2000004BEFEC7000C1
:104570009E95CEFC700009FFFFFFFFD1007FFFB9C1
:10458000BFFFC006FF40001CFF506FF300001FFA82
:1045900006FF300000BFE05FF3000008FF05FF30BA
:1045A00000008FF05FF300000BFE05FF300003FFFB
:1045B000905FF30003EFF206FFC98CFFF8007FFF66
:1045C000FFFFF90008FFFFFEB400009FFFFFFF7927
:1045D000FFFFFFFD7FFA888866FF3000006FF30061
:1045E0000006FFA888505FFFFFFF05FFFFFFF15F98
:1045F000F3000005FF3000005FF3000006FFA8880D
:10460000827FFFFFFFB8FFFFFFFD9FFFFFFF7AFFE5
:10461000FFFFFD8FFA888867FF3000006FF300000E
:1046200006FFA888506FFFFFFF05FFFFFFF15FF354
:10463000000005FF3000005FF3000005FF300000C0
:104640005FF3000005FF20000000004ADFEA4000A1
:10465000000AFFFFFFFA0000AFFFC9BFFF9005FF90
:10466000F40004FFF20BFF600000ADA20FFF00009A
:104670000000001FFD00056666611FFC000AFFFFC9
:10468000FA0FFE0004FFFFFB0AFF5000001FFA04B0
:10469000FFE300009FF600AFFFCABFFFD0000AFF94
:1046A000FFFFFE2000004BEFEC70009EA00000CD4D
:1046B00080AFF40000CFF18FF30000AFF07FF30084
:1046C000009FF06FF300009FF06FFA8888DFF06FB3
:1046D000FFFFFFFFF05FFFFFFFFFF05FF400008FC1
:1046E000F05FF300008FF05FF300008FF05FF300E6
:1046F000008FF05FF300008FF05FF300007FF09E0B
:1047000090AFF48FF37FF36FF36FF36FF35FF35FAB
:10471000F35FF35FF35FF35FF35FF30000BD9000BF
:1047200000BFF200009FF200008FF200008FF20045
:10473000007FF200007FF200007FF200007FF200B5
:10474000007FF200007FF200007FF200007FF200A5
:10475000007FF200009FF13404FFF04FFFFFC00D17
:10476000FFFF30018A82009E900001D200AFF4006A
:104770000CFC008FF300BFFC007FF30BFF90006F79
:10478000F5CFF600006FFFFF5000006FFFF500004F
:10479000005FFFF30000005FFFFE3000005FF6EFF8
:1047A000E300005FF32EFF60005FF302EFFD905F18
:1047B000F3002EFF905FF30002DD109E90000009D1
:1047C000FF4000007FF3000006FF3000006FF300A1
:1047D0000006FF3000005FF3000005FF3000005FBF
:1047E000F3000005FF3000005FF3000006FFA8881B
:1047F000827FFFFFFFB8FFFFFFFD9EA000000000CB
:104800005EB2AFF500000000CFF88FFD000000039E
:10481000FFF87FFF6000000BFFF86FFFE100003F33
:10482000FFF86FFFF90000BFEFF86FF9FF2003FFFB
:104830006FF85FF3BFB00BFC1FF85FF32FF44FF47A
:104840001FF85FF308FDDFC01FF85FF300EFFF30D4
:104850001FF85FF3008FFB001FF85FF3002DE300EC
:104860001FF85FF3000000001FF79E9000000EC6C7
:10487000AFF500000FFE8FFD00000EFD7FFF9000E2
:104880000DFD6FFFF5000CFD6FFEFF200CFD6FF4BA
:10489000EFC00BFD5FF33FF90BFD5FF307FF5BFD1F
:1048A0005FF300BFFDFD5FF3001EFFFD5FF300033C
:1048B000FFFD5FF300007FFD5FF300000CFC0000D4
:1048C0004ADFEB40000000AFFFFFFF900000AFFFAA
:1048D000B8BFFF90005FFF40003EFF300BFF60005D
:1048E000005FF900FFF0000000FFD01FFC00000097
:1048F0000DFF01FFB0000000DFF00FFE0000000F11
:10490000FE00BFF4000007FFA004FFE20004FFF474
:10491000000AFFFA8BFFF900000AFFFFFFF9000011
:104920000005BEFDA300009E95CFE9100AFFFFFF22
:10493000FE108FFE98CFFA07FF3000CFF06FF30024
:1049400007FF16FF3000AFF06FFB548FFA05FFFF33
:10495000FFFE205FFBEFEA2005FF300000005FF361
:1049600000000005FF300000005FF300000005FFBD
:104970003000000000004ADFEB40000000AFFFFF06
:10498000FFA00000AFFFB8BFFF90005FFF40003EF8
:10499000FF300BFF6000005FF900FFF0000000FF38
:1049A000E01FFC0000000DFF01FFB0000000DFF081
:1049B0000FFE0001000FFE00BFF402FC06FFA00482
:1049C000FFE208FBFFF4000AFFFB8FFFF900000A7B
:1049D000FFFFFFFE10000005BEFEDFFF70000000BD
:1049E0000000DFE100000000000161008EA5CFEAB9
:1049F00010009FFFFFFFE1008FFE76AFFA006FF41B
:104A0000000BFF006FF40007FF005FF4000AFE00D8
:104A10005FFD65AFF8005FFFFFFFD0005FFACFF8E2
:104A200000005FF40EFC00005FF407FF90005FF4ED
:104A300000EFFB405FF4005FFFA04FF30009FB10A5
:104A40000029EFFC50002FFFFFFF600BFFA68EFF39
:104A500010FF90005FF70EFA00009B30BFF82000B7
:104A60000003FFFFD9300003BFFFFF800000138E5B
:104A7000FF404000001FFA0FA10001FFB1FFFC9AA8
:104A8000EFF80CFFFFFFFE1007DFFFD9100000005A
:104A9000000000AFFFFFFFFFF48FFFFFFFFFFA2AC8
:104AA00087AFFB778400004FF6000000004FF60050
:104AB0000000003FF6000000003FF6000000003F4D
:104AC000F6000000003FF6000000003FF600000086
:104AD000003FF6000000003FF6000000003FF60037
:104AE0000000002FF500009E900000BD809FF400A4
:104AF00000CFF18FF30000AFF07FF300009FF06F65
:104B0000F300009FF06FF300009FF05FF300008F51
:104B1000F05FF300009FF05FF30000BFF05FF5006F
:104B200000EFF05FFA000AFFF03FFFDAEFFFF00A54
:104B3000FFFFFFDFF0006CFFC37FF0AFF200000467
:104B4000FFA7FF8000008FF71FFE00000BFF209FD4
:104B5000F40000FFD003FFA0004FF8000EFF000894
:104B6000FF20008FF600DFD00002FFB02FF800001A
:104B70000CFF17FF2000006FF7CFD0000001FFDF10
:104B8000F80000000BFFFF300000005FFFE00000B6
:104B90000001FFF60000AFE1005FF6000003FF97A1
:104BA000FF7002FFC000007FF71FFC000BFF20001A
:104BB0000AFF20AFF2004FF80000EFD004FF8000A2
:104BC000EFD0002FF7000EFD000CFF3007FF200094
:104BD0009FF300FFF900BFD00003FF804FFFE00FFD
:104BE000F800000EFE09FFFF35FF3000008FF4EFE4
:104BF000BFF9AFE0000002FFDFF3CFEFF9000000E4
:104C00000DFFFE07FFFF400000008FFF902FFFF019
:104C100000000003FFE200DFF700000000000000DA
:104C20000009FF500009FF402FFE1001FFE0006F58
:104C3000FA009FF50000BFF53FFB000001EFEDFF1C
:104C400010000005FFFF600000000AFFC000000028
:104C500000BFFD000000005FFFF90000001EFD9F87
:104C6000F500000BFF40DFF40006FFB003FFF8146F
:104C7000FFF30008FFF48EF900000BF900010000BB
:104C80000000000AFF600000EFF13FFE10006FFB24
:104C9000007FFA001EFF1000CFF40AFF600002FF41
:104CA000E5FFC0000008FFFFF20000000EFFF80063
:104CB0000000006FFE0000000000FFA000000000E8
:104CC0000FF90000000000FF90000000000FF90045
:104CD00000000000FF90000000000EF8000000023D
:104CE000100000000002FFFFFFFFFFB00FFFFFFFFB
:104CF000FFFF608BBBBBBFFFE300000005FFE100CF
:104D0000000002FFF200000001DFF500000000BF1C
:104D1000F7000000009FFA000000006FFC00000098
:104D2000003FFE100000002EFF300000002EFFECC0
:104D3000CCCCCB35FFFFFFFFFFFB4FFFFFFFFFFF9B
:104D4000D00000000000000022102FFFF26FFFF2E1
:104D50006FD0006FC0006FC0006FC0006FC0006FE9
:104D6000C0006FC0006FC0006FC0006FC0006FC098
:104D7000006FC0006FC0006FC0006FC0006FE21016
:104D80006FFFF21DFFF237300000006FD00000000F
:104D90000FF300000009FA00000002FF10000000FD
:104DA000BF700000005FE00000000EF5000000078B
:104DB000FC00000001FF300000009FA00000002F59
:104DC000F10000000BF800000004FE00000000DF0E
:104DD000600000006FD00000000FF400000008FA2F
:104DE0000122005FFFD04FFFF3001FF3000EF3001E
:104DF0000EF3000EF3000EF3000EF3000EF3000EA0
:104E0000F3000EF3000EF3000EF3000EF3000EF3AA
:104E1000000EF3000EF3013FF35FFFF34FFFC000FE
:104E2000002720000000DFC0000006FFF500000E94
:104E3000FAFD00008FC0DF6001FF304FE009FB008A
:104E40000CF80EF20003DB12222222210EFFFFFFDC
:104E5000FFF4BFFFFFFFFF402F7007F3008C004CF3
:104E6000FE6CD60004FFFFFFFD000DFF75BFFC00C8
:104E70002FF6000DFC004FF10009FC005FF1000A65
:104E8000FB004FF5000EFC000FFE65CFFE0008FF93
:104E9000FFFDFFD1007DFE71BF701FB30000000158
:104EA000FF900000000FF900000000EF90000000EC
:104EB0000DF900000000DF96DFC4000DFEFFFFF4D7
:104EC00000DFFB57FFD00CFD0005FF20CFA0001F27
:104ED000F40CFA0001FF50CFE1005FF40CFFC56E47
:104EE000FF00CFEFFFFF800CF87EFD70000019EF90
:104EF000D70002EFFFFFA00CFE628FF42FF5000732
:104F0000615FF00000004FF00000002FF40002D0BD
:104F10000CFE526EF402EFFFFFD10029EFE9100002
:104F200000000CD5000000000DFC000000000CFC8F
:104F3000000000000AFC000000000AFC00004CFE1B
:104F40007AFC0004FFFFFFFC000DFF75BFFC002F83
:104F5000F6000DFC004FF10009FC005FF1000AFCB7
:104F6000004FF5001EFC000FFE65CFFE0008FFFF9E
:104F7000FDFFD1007DFE81BF800018DFE90001EF59
:104F8000FFFF900BFE527FE02FF5004FC04FFCACAF
:104F9000FF404FFFFEA2002FF20002A00CFD536E57
:104FA000F203FFFFFFD0003BFFE9100003CFD0006A
:104FB0001FFFF3004FFC93005FF100005FF000CF94
:104FC000FFFFF89FFFFFFD147FF332005FF000004A
:104FD0005FF000005FF000005FF000005FF0000095
:104FE0005FF000004FE000004CFE6CD604FFFFFFB6
:104FF000FD0DFF75BFFC2FF6000DFC4FF10009FC05
:105000005FF1000AFC4FF6001FFC0FFF76DFFC0883
:10501000FFFFFEFC007DFE78FC00000009FB07405E
:10502000001FF80BFB67EFF30AFFFFFF80008DFF07
:10503000C5001FB300000001FF900000000FF90041
:10504000000000EF900000000DF900000000DFA953
:10505000EFA0000DFFFFFF8000DFFB8FFE000CFDC7
:10506000008FF000CF9006FF000CF9005FF000CF3A
:105070009005FF000CF9005FF000CF9004FFF00CEA
:10508000F8000BF8000FC2000EFA000BF800002029
:10509000000EC3000FFA000EF9000CF9000BF90026
:1050A0000BF9000BFB000BFFA10AFFE003DF600020
:1050B00007E800005FF30002FF200001100006E98E
:1050C00000006FF30004FF30003FF30002FF3000E8
:1050D0002FF30002FF30002FF30002FF30002FF308
:1050E0000002FF30005FF32CAFFF20EFFFD003DFA3
:1050F000C3001FB300000001FF900000000FF90083
:10510000000000EF900000000DF900000000DF90AB
:1051100001C4000DF904DFC000DFBBFFF8000CFF85
:10512000FF810000CFFF7000000CFEFF500000CF99
:1051300098FF60000CF908FFB610CF9008FFE00C54
:10514000F80008F5001FB3001FF9000EF9000DF973
:10515000000CF9000CF9000BF9000BF9000BF90039
:105160000BF9000BF9000BFA000BFF910AFFE003AB
:10517000EE501EB4BFC23DFB1001FFFFFFDEFFFA81
:10518000000FFFCDFFFBEFF100DFC03FFA05FF206E
:105190000CF900FF603FF200CF900FF502FF200BEB
:1051A000F900FF502FF200BF900FF502FF300BF90E
:1051B00000FF501FFE30BF800EF5008FB01EB39E63
:1051C000F90001FFFFFFF8000FFFDBFFE000DFE069
:1051D00009FF000CF9006FF000CF9005FF000BF9FC
:1051E000005FF000BF9005FF000BF9004FFE00BF0D
:1051F0008000BF800019EFD60002EFFFFF900CFE89
:10520000308FF42FF6000DFA5FF10009FC4FF1002A
:105210000AFD2FF6000EFA0CFE42BFF402EFFFFF6C
:1052200090002AEFC6001EB36DFC4001FFDFFFFFB8
:10523000400FFFD8AFFD00EFE0007FF20DFA000154
:10524000FF40DFA0000FF50DFE1005FF40DFFD67FA
:10525000FFF00CFEFFFFF800CF97DFD7000CF9003E
:10526000000000CF900000000CF900000000CF907B
:105270000000000BF800000000004CFE6CD600049B
:10528000FFFFFFFD000DFF75BFFC002FF6000DFCBA
:10529000004FF10009FC005FF1000AFC004FF6002E
:1052A0001FFC000FFF76DFFC0008FFFFFEFC000084
:1052B0007DFD78FC0000000008FC0000000008FCF8
:1052C0000000000008FE0000000006FFE1000000F2
:1052D00000BF801EB39EF31FFFFFF10FFFDCB00D78
:1052E000FE00000CF900000CF900000BF900000BA7
:1052F000F900000BF900000BF8000002AFFC4000C1
:10530000EFFEFF304FF107FA04FF3005300DFFC804
:10531000200018EFFF5000002BFE03D5119FF03F37
:10532000FFFFFB006DFFD910006E80000007FF201B
:1053300000005FF2000004FF2000AFFFFFFA08FF4B
:10534000FFFFE0155FF5320002FF2000002FF200A2
:105350000002FF2000002FF4000002FFEA30001FCF
:10536000FFE100008FD4001EB3009D7000FF900A83
:10537000FF000EF9007FF000DF9006FF000CF9003F
:105380005FF000BF9006FF000BFB00AFF000AFFA2C
:10539000AFFF1004FFFFFFFE3007EFB39FA09FD0C9
:1053A000000FC28FF3000FF92FF6001FF80DF80061
:1053B0002FF609FC005FF305FF009FF002FF41FF9D
:1053C000B000EFDDFF50007FFFFB000007ED800025
:1053D00000000000009FD000AFC0001FA18FF300AD
:1053E000AFF1002FF82FF5004FF4002FF60DF80065
:1053F0000FF7004FF409FC000EFA006FF105FF00F3
:105400001FFE00BFE002FF407FFF23FFA000EFD997
:10541000FFFFDEFF30007FFFF98FFFF9000007ED8F
:105420007008FD700000000000000000007FF40024
:105430000DFC01DFE108FF6002EFD4FFA00003FFD5
:10544000FFD0000005FFF20000009FFF6000006F2A
:10545000FEFF60004FFB0DFFA34FFE102FFF66DF26
:1054600060004E900000000000001EB30007E8003E
:10547000FF90007FF20EF80005FF20DF80003FF173
:105480000CF80003FF10CF90004FF10BFD0009FF57
:10549000107FFC68FFF101EFFFFFFF1002BFFB5F11
:1054A000F100000005FF003A0000CFD007FE88DFC2
:1054B000F7006FFFFFFC00006CFFD700000000004A
:1054C00000000FFFFFFFF50DFFFFFFF6024448FF4E
:1054D000B100002EFB000000DFD000000BFE10002A
:1054E000009FF2000009FF9555522FFFFFFFFB1FA1
:1054F000FFFFFFFC0000000000000002200004EF9E
:10550000F5000EFFF4002FF200002FF000001FF056
:1055100000000FF000000FF000004FF00006FFB099
:10552000005FFD20004FFF300004EFC000003FF09F
:1055300000000FF000000FF000001FF000002FF03F
:1055400000002FF410000EFFF40002BFF46B1CF3F8
:10555000CF3CF3CF3CF3CF3CF3CF3CF3CF3CF3CF86
:105560003CF3CF3CF3CF3CF3CF3CF3BF3002200001
:10557000005FFE40004FFFE000002FF200000FF23E
:1055800000000FF100000FF000000FF000000FF41A
:1055900000000BFF600002DFF50003FFF4000CFECB
:1055A00040000FF300000FF000000FF000000FF1BB
:1055B00000000FF200014FF2005FFFE0004FFB2000
:1055C00000008ED500000007FFFF7007E50EF44FC6
:1055D000F80CF40FD003EFFFD00000002BFC2000EC
:1055E000000000017DB0000000000148CFFFFA007C
:1055F000000000AFFFFFFFFE000000001BFDFFE208
:1056000000000000000000FFE000000000000000BB
:10561000FFC000265000000001FFEACFFFF615781A
:10562000ACEFFFFFFFFFFE3FFFFFFCFFD543212351
:1056300007E95200EFB000000000000000EFB000EA
:10564000000000000000FFC000000000000000FF9C
:10565000C000000000000000FFD0000000000001BA
:1056600013FFD0000000000003FFFFB000000000A7
:1056700000003FFF5000000000000005F80000009F
:105680000000000000002700000000000000006F84
:10569000D1000000007E91009FF5000000001FFD7A
:1056A00000EFB00000000007FF25FD100000000023
:1056B00000DA0BE2000000000000004FADF800002F
:1056C0000006CCDFFFFFFF20000002FFFFFE876522
:1056D000000000001418FF1000000000000009FF87
:1056E0000369C7000256678DFFFFFFFF3005FFFF0C
:1056F000FFFFFFFFFF60008DB9AFFF6000000000FB
:105700000000BFFFF5000000000004FF89FF7000EB
:105710000000001EFE10DFFA00000000BFF3003F93
:10572000FFC200000BFE300006FFFF6002CE8100CA
:1057300000009FFEC528400000000000000000009F
:1057400000000008E800000000000000005FFD000D
:1057500000000000000003FFD0000000026BD20038
:105760002FF90000009FFFFF9002FF70000003EB85
:105770007410003FF50200000000000004FFDFF994
:105780000000037DE4ADFFFFFFF42BDFFFFFCBFF45
:10579000FF47FF10CFDFF54102BFD08FD00015FECD
:1057A00052000FF90AFA0000BF79F703FF50DF70CB
:1057B000004FD6CFF49FE01FF3003EFFFCBF7EF802
:1057C00005FF0009FFD40187FE10AFD0003B500059
:1057D00001EF532FF90000000000AF606FFF3000B1
:1057E0000000008E40007E600000000047000000C6
:1057F0000000000000000AA2000000000000000BF2
:10580000FF3000000000000009FF40000000000021
:105810000009FF889BDFE27BCDEFFFFFFFFFFFF971
:105820006FFFFFFFFFBA98776404742108FF00033D
:10583000600000000008FF049FFC100076678DFFE9
:10584000FFFFFF9000FFFFFFFFFECFFF8000EFD7BD
:10585000D916F708FF6000DFA08F7BF708FF500024
:10586000CFA16ECFFF38FF4000CFB2FFFFA939FFB5
:105870003000BFB014FF750AFF2000CFC3DFFFFF69
:105880002BFF1000CFC06AFF310DFF0000EFD004E6
:10589000FF001FFE0000AFE005FF06FFF800000854
:1058A000A000BC007F700000005E81000148CF7046
:1058B00000003FFE9BEFFFFFF600002FFFFFFFFF02
:1058C000FFFA00002FFFEBCD84221000002FFD0017
:1058D0006FF7000000003FFB004FF6030000004F91
:1058E000FA017FFDFFD200006FFCFFFFFFFFFE000B
:1058F000009FF66DFFE56FFA0000CFF300FF804FC9
:10590000F70000FFF005FF205FF50004FFB00AFD7F
:10591000008FF20009FF402FF400BFF0001FFC00D1
:105920009FB000FFD0008FF202FF2317FFA002FEFE
:10593000400CF508FFFF701DA100AF5000AFFE0046
:1059400011001A8100000BB20000000000000000EE
:10595000000000000EB57CC2EEEEFD4000000BFF23
:10596000FFF7EFB9EF50000009F91BF5BF00DF208A
:10597000000008F62DF3AFCDFF00000007FFFFF198
:10598000AFFFFF00000006FFDDF57F99A5000000D6
:1059900002F904FF543FB300000000000AFF88AF83
:1059A000FFD000007CDEFFFFFFFDCCC300001CEC3D
:1059B000FFC6EFA200000000000CFE201CFFB50097
:1059C000000001CFE200008FFFFA50005EFC57A2FA
:1059D000E98DFFFFC22ABCFFFFF9EFFFFFC5000002
:1059E00005FB39F8DF31FF20000004FA0AF6DF4436
:1059F000FF00000004FFFFF4DFFFFF00000001DCF8
:105A00009BD1AFA9E80000000000000001000000E9
:105A100000000BB30000CFA0000000000AFB000054
:105A20001EF69600000009FC00247CFFFF20000009
:105A300008FC03FFFFDFFA20000007FB004DD22F18
:105A4000E540000007FB0126FCCFFFF7000007FE42
:105A50009AFFFFFEDCCA0003AFFFF8AA5559F70012
:105A60000008FFFD20CFFFFFFF3000004AFB018F41
:105A7000A971FF0000000AFC987FFFE6FD0000000E
:105A80000BFF607FB8ACFC00005CFFE3005FF9EF48
:105A9000F600005FFC10000AF8CF1000000A90002A
:105AA000001EF1EF20018000000001DF50EF6118BF
:105AB000E00000002DE400AFFFFFF4000005B70098
:105AC000001AEFFE90000000006850000000000087
:105AD0000000009FFB000ED700000000002FFF0019
:105AE00005FFC0000002200AFD0000CFF500152FC1
:105AF000FA01C300004FF700BB0CFF000000000CD0
:105B0000E106FC08FF3000063000001FFC03FFA088
:105B10000005E200005FFC00EFF60004FD10004FFE
:105B2000FB006FFFB647FFE2000AF6000BFFFFFF26
:105B3000FFF900000000009FFFFFFFE300000000EE
:105B400000028BDDB710000000000001FC500000D7
:105B5000000000000000CFF2200000000000000064
:105B60008FF2FE400000000000007FD06FB0000008
:105B70000004AB105FD0083000009CFFFFC04FE076
:105B800049800000CFD9FFB05FFFFFF90000150387
:105B9000FF8FFFFFB86200000A87FE06CEF66C108A
:105BA000000001EFF90008FACFA00000006FF40038
:105BB00004FFFF70000000BFFD0000EFFB000000CD
:105BC00004FEFF4000BFF10000001EE27F2007FF3F
:105BD000F7004000CC1003007FA9FF57A01A700007
:105BE0000008E500CFFFC0310000006600001DFF87
:105BF000F000000000000000019FD1000BEC100E2F
:105C0000B305A0000008FF100FF40DF8000006FF18
:105C1000000FF27FF9000004FF000FF5FF81000084
:105C200004FFB60FFFD40720026BFFFF3FF6000B07
:105C3000801FFFFF960FF6348FE00398FE011BFFD5
:105C4000FFFFD00003FE7A008BBA85000004FF90AE
:105C500049657AE70005BFFE004FFFFFFF70AFFF09
:105C6000FE003FF312FF401DD7FE003FF9D7FF2093
:105C70000005FE003FFDC9FF200007FF004FE003C5
:105C8000FF1005DFFE005FFCDFFF00008FFA004F12
:105C9000FDCEFE00000AD10008A004E500000000CF
:105CA00000046002EC60358CFFD20EFFFFFFFFFFA7
:105CB000A0CFFFECA9FFF60BFF10000FFF30BFF0E5
:105CC0000000EFF10AFF01460EFF00AFFEFFFBDF11
:105CD000F00AFFFFFFFFFF00AFF52100DFF00BFF31
:105CE00010000EFF10BFF10000EFF10BFF67898F6E
:105CF000FF10CFFFFFFFFFF00CFFFEDDEFFC006F9A
:105D0000C00001FF400052000004300000008E80FF
:105D1000017E8000000000BFF9CFFFF3000000000B
:105D2000FFFFFFFFC300000005FD7FC8500000001B
:105D3000000DF779DFF6000000005FA09CA89B50E3
:105D4000000001EC1369CFFFF700000B80DFFFFEBE
:105D5000EFE1000011006C7CD0BF8000000001DF8B
:105D60001DB1BF80000000015FBFFEAFA0000000BA
:105D700008FFFFC97FE00000000047FFFA1FF500A1
:105D8000000001EEFF884AFD0035001357EFEFFDDC
:105D9000FFB2C6005FCAFF20005FFFFA000000FFED
:105DA000100006FFFF000000FF0000002783000036
:105DB000008B000000000000000000000000000058
:105DC00000000000000004400000000CC30DD700DC
:105DD00009FA00000004FF16FF200DFC000000007F
:105DE000DF40CB001FF79D2000005C0015817FFF86
:105DF000FF90010004ADFFF9DFFFDB600BE703FF5D
:105E0000FEBCF736800002FF302AF73CADFFFC00F5
:105E10000079060AFFFC177EFA000000180BF7FE57
:105E200001FC30000000950EF4FC00F72520000274
:105E3000F11FC6FD79FFFFD0000BE06F88FDFFFF6B
:105E4000EDD1006FA0BF3CF543CF50000BFF72FCBB
:105E50001FF100CF700008FF2BF6BFC000EF8000DD
:105E600000DC7E33FF50BEFF60000017810056004B
:105E70001EFF100000000000000006E4000000000B
:105E8000000DC40000000000000003FF001000002F
:105E900000001245DECFFD10000006FFFFFFFFFEF1
:105EA000400000007A9FE4500B5000007C808FB7C8
:105EB000F72FF200000DF7FF9EF6DFB0000003C6DB
:105EC000FFFF7AA400000000675BF983CB4000006D
:105ED0001AF29FF9FC6FF20006FF67FFFAAF48F471
:105EE0000003FB02FBFE5801A64000612357FFDDC3
:105EF000FFFFF45EFFFFFFFFFFFEDDD60BFECA874C
:105F0000FF6000000000000001FF400000000000F2
:105F10000002FF5000000000000002FF40000000EF
:105F200000000000CE000000000000000011000092
:105F300000000000000000000257A7000000235AE4
:105F4000ACEFFFFFF30159EFFAFFFFFFECBA306F40
:105F5000FFFB55DAFF5000000023FF30004FF70031
:105F60000000000EFA500BFE1000000039FFFF4346
:105F7000FFA10000005FFFF720DFFFBCC600004468
:105F8000FF218FBFF91EFC00000FFACFC0FF906FFA
:105F9000F80002EF9F900FF900DF917BFF5A40005D
:105FA000FF9005F31FFE3000000FF90000008D2068
:105FB000000002FF90000000000000004FF9000008
:105FC000000000000002FF8000000000000000064A
:105FD000F40000000000000C60000FC4000000008E
:105FE0000001BFF0000CFE00000000004EFFB000FA
:105FF0000BFC0000000019CFF700000BFB000000B5
:1060000000000CFD00130BFB56100000000AFE7090
:106010007FACFA3FF70000259EFFF67FDCF907FF13
:106020008000AFFFFD41AF7DF910DFF000058FFF6D
:10603000C2ED0FFAF73FB00000CFFFFBE21FFCFFFD
:1060400033000006FFFB873007FDFF5000002FEBF9
:10605000FA0000003FFC000000CE29FA000000CF4B
:10606000F300000CA10AFA000008FF800000010004
:106070000BFA00005FFA00000000000AF90004FFBC
:1060800090000000000002D2005FE6000000000067
:106090000000001AE700000000000000000184007A
:1060A00000000000000000000000220000000000CE
:1060B000BD5000AFA000000000FFD450EFFBEE2069
:1060C0000004FFFFF8FFCBA940000AFEA309F5CCAE
:1060D0007000003FB6EB1C303EF10000CB5A9879BF
:1060E000BFE6600006503FFECA9FFB000000002F85
:1060F000FACEBDF8000000001FF9895DF70000002E
:10610000001FFFDBADF7000000001FF8ACDFF70059
:106110000000001FFFDCFFB50000000008FC12EFCC
:10612000C79B8019ABCEFFFFFFFFFFF60AFECFFC37
:1061300076DFA3222000004FF200BF900000000194
:10614000EF7000CFA00000001DF70000CFA00000FE
:1061500001B92000005F50000000000000000000B6
:106160000000002FD9ABDEFFFFA100000EFFEFCC37
:10617000FA7FFA00000BFA3F77F55FF300000AFBA5
:106180004FABFCEFE000000AFFFFFFFEEF900000C6
:1061900004FA43EF51498700006799ACFFFFFFFF06
:1061A00070007FFEDEFB876443100001683CF79FB0
:1061B000C3000000005FFFFFFFFB000000004FF581
:1061C000562FF7000000003FFFEE9FF50000000093
:1061D0003FF68B6FF5000000003FFCBA7FF4000033
:1061E00000003FFACE9FF4000000004FF8754FF614
:1061F00023102DEFFFFBBCEFFFFFE109FFFFFFFFC7
:10620000EEEDDEE6000011000000000000000000DE
:106210000CB1000000000000000FFE1000000000A4
:1062200000003FFF200000000000007FF900000098
:1062300000000000AFE100000000000000FF40008F
:10624000000000002105F60147CC400000DFDCEC37
:10625000EFFFFFF60000AFFFFFCFF7CFF800008F92
:10626000F3FF2FF3AFF500007FF1EF1FF3BFF30053
:10627000006FF2DF1FF2CFF100004FF2DF1FF2DFFD
:10628000F000003FF3DF1FF1EFF000002FF4DF1FFD
:10629000F3FFE771679FFDFFFFFFFFFFFA9FFFFF1F
:1062A000FFFFFFEEEEFC09975431100000000000E4
:1062B000000000000000000000000000009EB4008C
:1062C000000000000000006FF90100000000000065
:1062D000016FFDEF80000000000DFFFFFFDB90006D
:1062E00000000003CBBFF764000000000002FFFFC6
:1062F000FFFF500000000000EFFFFB8610000000D1
:106300000000247FF779CFE200000579BDFFFFFF91
:10631000FFF900000AFFFFFFB646310000000053FE
:106320001DFFC11DE20000000000AFF6EDEFB3005D
:1063300000000009FFD34FE20000000000BFDFF6BD
:1063400008FF500000002CF82FF42AEFF900000697
:10635000E9204FFDF62FFFE500030004EFFC2005C8
:10636000FFFFB1000001CD6000005A98500000000E
:10637000000005FB200000000FE800003FF80000CF
:1063800000008FF50001FF7000000001EF50000FCA
:10639000F60000000005900000FF60000000000013
:1063A00000000FF5012000017D500000FFBDFF300F
:1063B0006AFFFF4BDEFFFFFFFB0CFEDFF17FFEFFFE
:1063C000A655200408FC00210FF4000000009FA047
:1063D0000000FF400000000BF826001FF400000042
:1063E00000DFAE1001FF400000000FFF90001FF41F
:1063F00000000004FFE10002FF40000002FFF60081
:10640000002FF400000008FC000002FF4000000024
:10641000031000000EF200000000000000006B00FE
:1064200000000003FD600100273000000000DFF1E4
:106430000CFDFFF3000000006FF208FFBFF2000048
:1064400000000DA006FA3FD000000000000007F891
:106450004FC00000000012000AF54FE7A00000390D
:10646000FF800EF11FFFF5005FFFFFF06F9006CB7E
:1064700092000BC6EF91EC57BFE400000000EF5410
:1064800034FFEFFF00000000FF406DE40CF9000056
:106490000001FF3B1AFE3FF200000003FFE900BFCE
:1064A000FFA000000006FFF1001DFF300000001DEE
:1064B000FF70004FFFE20000007FFD0006FF9FFF1E
:1064C00050000007E201AFD405FFFB300000006C74
:1064D0009400004EFFB1000000000000000010001A
:1064E00000000000000000000000009FB300000159
:1064F00058600000001EFF108EFFFFF60000000530
:10650000FF102EFFCA7300000000A400001000035B
:106510006100000033144579BDFFFB00067CFFAF2E
:10652000FFFFFFFFFF000BFFFFE8CAFFD3210000C2
:106530000183FF4003FF513000000006F7000BF815
:1065400002FD40000006FB01AFB112BFF2000000E7
:10655000FF0DFFFFFFFFF9000001FD08FFFFFDAF8A
:10656000F80005AEFD73EE94000AE1000AFFFFFF9C
:10657000E9400001100003E6126BFFFFD976545189
:106580000000000005BFFFFFFF80000000000001C9
:106590006CFEA3000001E8000001A8100000003F0D
:1065A000F900001FFC00000007FF700000EFC000B2
:1065B0000000DFFBE6000DFB0000003FFFFFF100E5
:1065C000DFA0000009FBB840000DFA021002F81528
:1065D000A90001DFEEFE30BECFFFFADFFFFFFFFCB8
:1065E0003A2CFFB30BFFFFB54423000CFCB3030DA3
:1065F000F800000049FFFFE000DF8000002FFFFAF5
:1066000020000DF800000024CF600000EF800000A3
:10661000000DF735000EF800000001FFEC0000EF60
:1066200080000001EFFD10000FF80000000EFE10CA
:106630000000EF800000005E3000000BF60000005C
:1066400000000000003D10000000000000000000FD
:10665000000000000000A005000000000000E006AF
:10666000040E01001C006006060500092B00500EF8
:106670000D0D01008000900B0A1101FED5001010D5
:10668000100E00004501D00C0B0D01008D01D00350
:10669000040500099701C006061501FDD601C006D4
:1066A000061501FD1502C008080800063502D00ACB
:1066B0000A0A00026702A006040501FE7102300901
:1066C000090300057F02A00604030100850290076C
:1066D000081200FECD02500C0C0E000021037008C1
:1066E000050F01004703500C0B0F01FF9A03500CDC
:1066F0000A0E0100E003500C0C0E00003404500C94
:106700000B0F01008704500C0B0E0100D404900AFB
:106710000A0E00001A05500C0B0E01006705500C04
:106720000B0E0100B405A00604090100C605A00671
:10673000040C01FDDE05800A0A0A00021006D00AD8
:106740000A0700033306800A0A0A00026506E00908
:10675000080E01009D06A00E0D0E0100F806600D4A
:106760000F0EFF006107800C0B0E0100AE07400EFC
:106770000E0E00001008E00D0D0E01006B08200B3E
:10678000090E0100AA08500A090E0100E908900E3E
:106790000E0E00004B09600D0C0E01009F099005C4
:1067A000040E0100BB0970070813FFFB070A500C19
:1067B0000C0E01005B0A700A090E01009A0AE01132
:1067C000100E01000A0B400E0C0E01005E0BF00EC5
:1067D0000F0E0000C70B000C0B0E0100140CF00E86
:1067E0000F1000FE8C0C700C0C0E0100E00C700BF6
:1067F0000B0E00002D0DF00B0C0F0000870D600D2F
:106800000C0E0100DB0D000D0D0E0000360EF01217
:10681000130E0000BB0EC00C0D0F00001D0F600C0E
:106820000D0F00007F0F900D0D1000FFE70FD0053A
:10683000061500FD2610200A0A1200FE8010D00561
:10684000061500FDBF10E00A0A080006E710700AEE
:106850000B0300FCF810B0060403010CFE10400B03
:106860000C0A00003A11000B0B0F00008D11200ADA
:106870000A0A0000BF11500B0C0F00001912D009BA
:106880000A0A00004B121008080F00008712F00AD5
:106890000A0F00FBD212400A0B0F0000251350050F
:1068A000060E00004F1360060713FFFB9213500AF9
:1068B0000B0F0000E5134005060F00001214700EC8
:1068C0000F0A00005D14400A0B0A00009414800AAD
:1068D0000A0A0000C614000B0B0F00FB1915500B21
:1068E0000C0F00FB73159007080A00009B15B008F9
:1068F000090A0000C8155008090E00000716800A92
:106900000B0A00003E16D0090A0B00FF7516C00FD7
:10691000100B00FFCD16000B0B0B00FF0A17400BEE
:106920000B0F00FB5D17900A0A0C00FF9917000877
:10693000081500FDED177004031501FD0D18000882
:10694000081500FD6118600C0C0500047F18001488
:10695000121201FE21190014121501FDDE19001496
:10696000131300FD931A0014121401FE471B0014A8
:10697000121200FEE91B0014141400FDB11C0014D7
:10698000141200FE651D0014140D0000E71D001414
:10699000141200FE9B1E0014121201FE3D1F001473
:1069A0000D1103FEAC1F0014121401FC6020001432
:1069B000141300FE1E210014121401FCD221001435
:1069C000131100FE742200141613FFFD452300145A
:1069D000121501FC02240014121301FDAD24001451
:1069E000121201FE4F250014141300FE0D26001490
:1069F000131300FDC2260014141300FD8027001499
:106A0000141200FE34280014131300FD0000E502E8
:106A10001A04C904F804DA07F50935118113791449
:106A20005717991DAA1FF9242125442B092DE03061
:106A3000B239DA39133D303D4241FA4520000000B9
:106A40005F000100000000000000000000000200E4
:106A50008E4E0000FB4560000C6A03080000000039
:106A600018000300092B094B131513171318180DE1
:106A7000180F1A0D1A0F2222223522372238223AF5
:106A8000253725382539253A270F2722274227443D
:106A9000274527462748274B275027522835283790
:106AA00028382839283A2C222C242C282C302C3217
:106AB0002C422C442C452C462C482C502C522D2258
:106AC0002D242D282D302D322D352D372D382D3AD2
:106AD0003035303730383039303A310F3122313AB1
:106AE000332233353338333A334233443345334634
:106AF0003348335033523422350F3522352435286C
:106B00003530353235423544354535463548354BD7
:106B1000354E354F35503551355235533554355541
:106B20003556355735583559355A355B370F372275
:106B300037243728373037323742374437453746DE
:106B40003748374E374F375037513752375337540E
:106B50003756375A380F38223824382838303832E8
:106B600038423844384538463848384E384F38501F
:106B700038513852385338543856385A3922392413
:106B80003928393039323A0F3A223A243A283A3001
:106B90003A323A423A443A453A463A483A4E3A4FFD
:106BA0003A503A513A523A533A543A553A563A5A76
:106BB0003C2B3C4B42224322433543374338433A34
:106BC0004422443544374438443A45224622463527
:106BD00046374638463A49224A224C224D224E2216
:106BE0004F225022503550375038503A5135513796
:106BF0005138513A5422543554375438543A553553
:106C0000562257355835592259355A355B355C2B44
:106C10005C4B0D0DFAFAFAFAFAFAFA06EDEAEAEA2C
:106C2000FAFAFAFAF3EDFAFAFAFAFAFAFAFAFAFAD8
:106C3000FAFAFA0AFAFAFAFAF6F6F6F6F6F6F60AB0
:106C4000F6F6F6F6EAEAEAEAFAFAFAFAFAF3EDF60C
:106C50000AF6F6F6FDFDFDFDFDFDFD03F0E6FAFA90
:106C6000FAFAEAEAEAEAEAFAF0F0EAF0EAF0F0F32D
:106C7000F0F0F0F3F0F0F0EDFAFAFAFAF0F0F0F0EC
:106C8000F0F6F6F0F6F0F6F6F6F6F0EDFAFAFAFAB5
:106C9000F3F3F3F3F3F6F6F3F6F3F6F6F6FD0AFA8A
:106CA000FAFAFAF0E6FAFAFAFAE3E3E3E3E3F0F0E9
:106CB000E3F0E3F0EDF6F0F00D0D0A06EAF0F3E391
:106CC00006EAF0F3E30A06EAF0F3E30A0A0B0A0A1B
:106CD0000A06EAF0F3E3EAF0F3E303F0F6F6EDF385
:106CE0000AF0F00AF0F0F00D0D000000646A0308ED
:106CF000126C0308D7000000603D03084C660308CF
:106D00003C6A0308EC6C0308100002080000000055
:106D1000ABB9010851B601080000000017000000DF
:106D20000500000000FE0100F86C030800000000F0
:106D3000000000004FF34FF23FF22FF12FF01FF051
:106D40000FF009803AA35FF45FF43DC3DC2FD3FD5D
:106D50001FC1FB0FA0FA0E90E9006F704F9000AFBB
:106D6000408F60CFFFFFFFF58BFFBBFFB302FC003E
:106D7000FE0004FA02FC008CFDABFEA3CFFFFFFF78
:106D8000F50BF209F4000EF00CF1000FD00EF0003C
:106D90000000E40000000E400002BEFFEB00DFFF39
:106DA000FFE01FF2E40201FF1E40000EFEF920008A
:106DB0003CFFFFA00001ECFF60000E49F91410E554
:106DC000BF83FFFFFFF32DFFFFD600000E40000042
:106DD00000E400000003100004DFB1007F6000DD6C
:106DE0009F801ED0000F70DA09F40000E90EA2FBAC
:106DF00000000AFFF5BF20000005734F98EE7000F9
:106E0000000DE4FBBF100006F75F23F40000ED0661
:106E1000F12F40008F503F9AF2001FC0008EE70014
:106E2000002BFFB200000EFEEFB00001FF24FD00BA
:106E3000000EF8CF8000008FFF8043007FFFF23FFD
:106E4000E04FF6CFD7FB09FD01EFFF708FE005FFA4
:106E5000E002FFEBFFFF2003CFFD89FD103DC2FDE7
:106E60001FC0FA0E90006A701FF507FD00EF704F0B
:106E7000F208FE00BFB00CFA00DFA00CFB00AFD0A0
:106E800006FF101FF500BFB004FF200BFA3A900078
:106E90000EF60007FE0001FF4000CFA0008FE000CB
:106EA0005FF1004FF3003FF3004FF2007FF000AFBF
:106EB000D000EF8005FF200BFA003FF200003F906A
:106EC0000092F7655FFFFFB14CFF6205FBFB005EC0
:106ED0001AA0000000000002740000006FA0000073
:106EE00006FA0000117FA1108FFFFFFFC8FFFFFF10
:106EF000FC0006FA0000006FA0000006FA00000384
:106F0000DC008FA00DF401FE006F8000DEEEDFFFDD
:106F1000FF7AABFFBFF00000077000003FA0000049
:106F20009F500000EF000003FB000008F500000E7A
:106F3000F100003FB000008F600000DF100003FB95
:106F4000000008F600000DF10000005DFE91005FFA
:106F5000FFFFC00DFB05FF41FF400DF83FF200AF02
:106F6000A4FF100AFB3FF200AFA1FF400DF80DFB9C
:106F700005FF405FFFFFC0005DFE9100019FF32F02
:106F8000FFF34FBFF3123FF3003FF3003FF3003F27
:106F9000F3003FF3003FF3003FF3003FF3019EFD9A
:106FA0009100EFFFFFD00C6229FF5000000FF500A9
:106FB0000004FF200001DF900001DFC00001DFC0FE
:106FC0000003EFA00001FFFFFFF72FFFFFFF703B63
:106FD000EFD9109FFFFFB043008FF000019FD00B4F
:106FE000FFFD3009DEFE5000005FF200000FF69456
:106FF000107FF5EFFFFFC06BEFD80000007FFB00B4
:10700000001FFFB00009FFFB0003FDAFB000CF4938
:10701000FB005FB09FB00EF209FB06FFFFFFFD6FA4
:10702000FFFFFFC00000AFB000000AFB006FFFFFD2
:10703000F07FFFFFE07FE000008FE320008FFFFE86
:10704000506855CFF200000EF800000DF983007F64
:10705000F6FFFFFFC08CEFE8000018DFEB001DFF1C
:10706000FFF009FC300200FFBEFD502FFFDEFF23C2
:10707000FF900EF83FF400AFA1FF400BFA0CFB02AB
:10708000FF605FFFFFD0006DFEA1002FFFFFFF92AA
:10709000FFFFFFF9000006FE100001FF500000AFE7
:1070A000B000002FF3000008FD000000DF800000AA
:1070B0002FF3000005FF0000008FD00000008DFEC0
:1070C000B300AFFFFFF20EF701FF60BFB57FF20123
:1070D000BFFFE4006FFFFFB01FF803EF84FF100A4B
:1070E000FB3FF702EFA0CFFFFFF3018DFEB30000DF
:1070F0007DFE9100AFFFFFC01FF704FF33FF100DAF
:10710000F82FF401FF90DFFDFFFA02BEFBEF9000C5
:10711000001FF503102CFF108FFFFF5006EFEB3020
:10712000001FF81FF80AA50000000000000AA51FB4
:10713000F81FF801FF901FF900AA6000000000008E
:10714000000000CD403FF007FA00CF301FD0000014
:10715000000000000000028B00004BFFC017DFFEA4
:10716000826FFFB50008FC2000008FFD7100004B0E
:10717000FFFA4000028EFFB0000006CC00000000C5
:10718000208FFFFFFFC8FFFFFFFC133333332000C6
:107190000000008FFFFFFFC8FFFFFFFC122222222A
:1071A000200000000008A30000008FFD6000016DBA
:1071B000FFF92000039FFFA0000009FC00005CFF16
:1071C000C029EFFD607FFFA30008E710000010005A
:1071D0000000004EFFE906FFFFF81212EFB0000DAD
:1071E000FA0007FF4007FF5000CF50000450000195
:1071F000AA40002FF70002FF700000005BEFEB5089
:1072000000001BFFFEFFFA0000DFC30004DF700870
:10721000FB03AA6C3FE00EF14FFFFF0BF14FB0DF15
:1072200053FD09F25F91FD02FA0AF16F82FB06F944
:107230000ED04FB0FF9FFEBF600FF25EE95EE80028
:1072400008FE500000000000AFFFD3000000000463
:10725000ADF30000000008FFFF2000000DFEFF70EE
:1072600000002FF7EFB000007FF39FF00000BFE0B9
:107270005FF50000FFA01FF90005FFFFFFFE0009FA
:10728000FFFFFFFF300EFD0004FF803FF90000FF0D
:10729000C07FF40000BFF10FFFFFFC4000FFDBBF29
:1072A000FF200FF9006FF600FF9005FF400FFD99DA
:1072B000EF8000FFFFFFFC100FF9003EFC00FF9085
:1072C000009FF10FF9002EFF00FFFFFFFF900FFF5F
:1072D000FFFD700000039DFED90009FFFFFFF207CC
:1072E000FFE5212610EFE10000003FF80000000557
:1072F000FF600000004FF800000000FFE200000007
:1073000008FFE621381009FFFFFFF200039DFFE9A7
:10731000000FFFFFE92000FFFFFFFF400FF9017F93
:10732000FE00FF90009FF50FF90003FF80FF900023
:107330002FF90FF90003FF80FF90009FF50FF90070
:107340007FFE00FFFFFFFF400FFFFFEA20000FFF5F
:10735000FFFFD0FFFFFFFD0FFA333320FF90000047
:107360000FFFFFFF20FFFFFFF20FF9111100FF9049
:1073700000000FFA333320FFFFFFFD0FFFFFFFD0A8
:107380000FFFFFFF60FFFFFFF60FFA333310FF9090
:1073900000000FFFFFFB00FFFFFFB00FF900000030
:1073A000FF9000000FF9000000FF9000000FF900AF
:1073B000000000029DFED90007FFFFFFF205FFD588
:1073C000101400EFD00000003FF6000FFF75FF40E3
:1073D00000FFF74FF60000CF70FFD0000CF707FF5B
:1073E000D632CF7009FFFFFFF700039DFFE9200FA2
:1073F000F90001FF80FF90001FF80FF90001FF80E6
:10740000FF90001FF80FFFFFFFFF80FFFFFFFFF857
:107410000FFA3334FF80FF90001FF80FF90001FFCF
:1074200080FF90001FF80FF90001FF80FFAFFAFF07
:10743000AFFAFFAFFAFFAFFAFFAFFAFFA0005FF5B8
:10744000005FF5005FF5005FF5005FF5005FF50098
:107450005FF5005FF5005FF5005FF4007FF317EF65
:10746000F05FFF704FC5000FF9002FFC00FF900D7B
:10747000FE100FF90AFF4000FF96FF70000FFFFF9C
:10748000B00000FFFFFC00000FFA4FFB0000FF9070
:107490004FF8000FF9008FF300FF9000DFD00FF9D5
:1074A0000004FF700FF9000000FF9000000FF900CA
:1074B0000000FF9000000FF9000000FF9000000F97
:1074C000F9000000FF9000000FFA333300FFFFFFC8
:1074D000F20FFFFFFF200FFFFA007FFFF40FFFFD09
:1074E00000AFFFF40FFCFF00DFCFF40FF8FF30FF19
:1074F0008FF40FF8DF63FF5FF40FF89F96FD4FF4F2
:107500000FF86FC9F94FF40FF83FFCF64FF40FF87E
:107510000FFFF34FF40FF80CFFF04FF40FF808FFD4
:10752000C04FF40FFFF500FFA0FFFFA00FFA0FFE02
:10753000FE00FFA0FF9FF40FFA0FF8BF90FFA0FF1F
:1075400086FE0FFA0FF81FF3FFA0FF80CF7FFA0F20
:10755000F807FDFFA0FF802FFFFA0FF800DFFFA064
:107560000006BEFEA300000BFFFFFFF70008FFB2FE
:1075700004EFF300FFE00004FFA03FF900000EFE5F
:1075800005FF700000CFF04FF800000DFF01FFD0A5
:107590000003FFB00AFFB204DFF5000CFFFFFFF8A5
:1075A000000006CEFEA400000FFFFFFD6000FFFFFD
:1075B000FFFF800FFA223BFF00FF90004FF10FFA10
:1075C000223BFF00FFFFFFFF800FFFFFFD6000FF7A
:1075D000900000000FF900000000FF900000000F75
:1075E000F9000000000005BEFEA300000AFFFFFF37
:1075F000F70007FFA203CFF400FFC00001EFC03F78
:10760000F5000008FF05FF3000006FF24FF40000A6
:1076100008FF01FFB00000DFD009FFA203CFF50093
:107620000BFFFFFFF8000005BEFFF60000000000A2
:10763000BFB0000FFFFFFC5000FFFDDEFF500FF951
:107640000009FB00FF90009FB00FFFEEFFF500FF69
:10765000FFFFD6000FF93FFA0000FF906FF5000F13
:10766000F900CFE100FF9003FF800FF9000CFF004D
:1076700001AEFEC700DFFFFFD03FF8013603FF6019
:1076800000000CFFB6000007DFFF6000003CFF3089
:1076900000000FF86D7316FF76FFFFFFF206CEFFB6
:1076A000B300BFFFFFFFBBFFFFFFFB233DFD332008
:1076B00000DFD000000DFD000000DFD000000DFD58
:1076C000000000DFD000000DFD000000DFD0000052
:1076D0000DFD00000FF90000DFC0FF90000DFC0F52
:1076E000F90000DFC0FF90000DFC0FF90000DFC0C3
:1076F000FF90000DFC0FF90000DFC0FFD0002FFB52
:107700000AFFC56EFF601EFFFFFFB00018DFFC60C0
:1077100000BFF20000AFF26FF70000FFD01FFC00C7
:1077200004FF800BFF1008FF3006FF500DFE000124
:10773000FFA02FF90000CFE06FF400007FF3BFF04F
:1077400000002FF8FFA000000DFFFF50000008FF11
:10775000FF0000AFF100DFC002FF86FF400FFF0017
:107760005FF52FF703FFF208FF10EFA06FFF50BF88
:10777000D00AFD09FAF80EF9006FF0CF4FB1FF50B3
:1077800002FF4FF0FE5FF1000EFAFC0DF9FD000064
:10779000AFFF90AFFF900006FFF608FFF500002F47
:1077A000FF405FFF10006FF90000EFF20BFF500A7F
:1077B000FF5001EFE15FFA00004FFCFFD00000082E
:1077C000FFFF30000000EFFA00000007FFFF20007D
:1077D000003FFCEFD00000DFF16FF90009FF600B04
:1077E000FF405FFB0001EFE19FF5000EFE01EFD0CF
:1077F00007FF5006FF50EFC0000DFD7FF300004F64
:10780000FFFA000000BFFF20000003FF900000000F
:107810002FF800000002FF800000002FF800000099
:1078200002FF8000003FFFFFFFFD3FFFFFFFFD0263
:107830002223DFF8000009FFA000008FFB000007F3
:10784000FFC000005FFD100004FFE200003FFF6387
:1078500033337FFFFFFFFF7FFFFFFFFF5665EFFF23
:10786000EFFFEF70EF70EF70EF70EF70EF70EF7091
:10787000EF70EF70EF70EFA5EFFFEFFF9F7000006C
:107880002FD000000CF4000006FA000000FF1000EA
:10789000009F7000002FD000000CF4000006FA00DA
:1078A0000000FF1000009F7000002FD000000CF4BB
:1078B000000006FA46661AFFF2AFFF202FF202FF21
:1078C000202FF202FF202FF202FF202FF202FF20D2
:1078D0002FF202FF237FF2AFFF2AFFF2000DFF100D
:1078E0000003FFF70000AF6FE0001FE0AF5007F9A3
:1078F00004FB00DF300EF2AAAAAAAAFFFFFFFF04D2
:1079000042003FE1003FA0007DFCAFF109FFFFFF17
:10791000F12FFB008FF16FF2004FF17FF0004FF17C
:107920006FF1004FF12FF9006FF109FFCBFFF2006B
:107930007DFE9FF43FF50000003FF50000003FF59D
:107940000000003FF50000003FF9CFD6003FFFFFE9
:10795000FF703FF701CFF13FF1003FF53FF1000F1E
:10796000F63FF1002FF53FF400BFF13FFFBDFF8070
:107970006FF9EFD600003AEFE905FFFFFE1FFD416A
:10798000146FF300007FF000006FF300001FFF6131
:107990002705FFFFFF002AEFEA0000007FF100004B
:1079A000007FF10000007FF10000007FF1007DFC0E
:1079B000AFF109FFFFFFF12FFB008FF16FF2002FF6
:1079C000F17FF0002FF16FF1002FF12FF9005FF13F
:1079D00009FFCBFFF2007DFD9FF4007DFFB400099D
:1079E000FFEFFF502FF7009FE06FFDDDDFF27FFF1D
:1079F000FFFFF36FF20000001FFC10047007FFFF91
:107A0000FFA0004BEFEB40008EFF003FFFF105FFB2
:107A100050006FF300EFFFFF4EFFFFF406FF300052
:107A20006FF30006FF30006FF30006FF30006FF3C6
:107A30000006FF3000007DFCAFF009FFFFFFF02FD4
:107A4000FB008FF06FF1002FF07FF0002FF06FF14F
:107A5000002FF02FFB008FF009FFFFFFF0007DFDEE
:107A6000CFF0000000BFF01A6549FFD02FFFFFFFE5
:107A7000501ADEFFB4003FF5000003FF5000003F46
:107A8000F5000003FF5000003FF7AEE903FFFFFFE2
:107A9000F73FFA13FFB3FF500DFC3FF500DFC3FFC4
:107AA000500DFC3FF500DFC3FF500DFC3FF500DF3C
:107AB000C0FF9FF9995000FF9FF9FF9FF9FF9FF9C1
:107AC000FF9FF9FF90004FF4004FF400299200004F
:107AD00000004FF4004FF4004FF4004FF4004FF457
:107AE000004FF4004FF4004FF4004FF4006FF30424
:107AF000DFF05FFF804FC6003FF5000003FF50003E
:107B0000003FF5000003FF5000003FF509FF13FFA1
:107B100054FF503FF6DFA003FFFFE1003FFFFE20D0
:107B200003FF6BFD003FF51FF703FF507FE03FF5BC
:107B300001FF603FF503FF503FF503FF503FF503A2
:107B4000FF503FF503FF503FF503FF601FFB20CFC1
:107B5000FE02BFE03FF7AEF83BFE603FFFFFFFFFD6
:107B6000FFF23FFA13FFB06FF53FF500FF902FF6DD
:107B70003FF500FF902FF63FF500FF902FF63FF501
:107B800000FF902FF63FF500FF902FF63FF500FF26
:107B9000902FF63FF69EFA13FFFFFFF93FFB21DF20
:107BA000D3FF500AFE3FF500AFE3FF500AFE3FF55A
:107BB00000AFE3FF500AFE3FF500AFE0006CFFC6E8
:107BC0000009FFFFFF902FFA00AFF36FF2001FF7DD
:107BD0007FF0000FF86FF3002FF61FFB00BFF107D7
:107BE000FFFFFF70005CFFC5003FF9BFE9003FFFEA
:107BF000DCFFC03FF9006FF53FF5000DF93FF500E0
:107C00000BFB3FF5000EFA3FFB009FF53FFFFFFF28
:107C1000C03FF9BFE9003FF50000003FF40000005D
:107C20004FF30000006FF2000000007DFC5FF609DA
:107C3000FFFFFFF62FFB008FF66FF1002FF67FF0AE
:107C4000002FF66FF1002FF62FFB008FF609FFFFD4
:107C5000FFF6007DFD7FF60000002FF60000001FFC
:107C6000F70000000FF70000000EF93FF8BF33FFE8
:107C7000FFF43FFB2003FF50003FF50003FF5000DF
:107C80003FF50003FF50003FF5000004CFFD602FDB
:107C9000FFFFA06FF302403FFD600005EFFF6000B3
:107CA00003BFF269316FF37FFFFFE029DEFC30088C
:107CB000FE0008FE00CFFFF8CFFFF808FE0008FE28
:107CC0000008FE0008FE0008FF1006FFF700BFF7DF
:107CD0003FF500AFE03FF500AFE03FF500AFE03F1C
:107CE000F500AFE03FF500AFE03FF500AFE02FF962
:107CF00005EFE00EFFFFFFE003CFD64FF1CFC0004E
:107D00004FF57FF1008FF02FF500DFB00DFA01FF86
:107D10006008FE06FF1004FF3AFC0000EF8EF7003B
:107D200000AFEFF300005FFFE000AFE003FF400CA7
:107D3000FB5FF106FF800FF61FF50AFFB04FF20C54
:107D4000F90DEEF07FD007FD1FBAF2BF8003FF5F91
:107D500087F6FF4000EFDF54FDFF0000AFFF20FF7C
:107D6000FB00005FFE00DFF6005FF3008FE10AFD1D
:107D700003FF5001EF8DFA00004FFFE100000CFF00
:107D80007000004FFFE00000DFAEF90009FE14FFB5
:107D9000404FF500AFE1CFC0007FF26FF200CFD0CF
:107DA0001FF800FF900AFD04FF4004FF38FF0000A9
:107DB000DF9CFB00007FFFF600001FFFF1000001C9
:107DC000AFD0000000EF8000014CFF10002FFFF546
:107DD00000002FDA3000003FFFFFFC2FFFFFFB0009
:107DE000008FF40006FF60004FF80003FF90002EA4
:107DF000FB00008FFFFFFD8FFFFFFD002BE300EF77
:107E0000F403FF4005FF0005FF0005FF0006FF002B
:107E10005FF8007FE40008FE0005FF0005FF000595
:107E2000FF0004FF4000EFF4003BE32A73FC3FC374
:107E3000FC3FC3FC3FC3FC3FC3FC3FC3FC3FC3FC50
:107E40003FC3FC9D8000AFF8001AFD0006FE00064F
:107E5000FF0006FF0005FF0001DFD0009FF105FFD6
:107E60002006FF0006FF0006FE001AFD00AFF80026
:107E70009D80000010000005EFFC52478FFFFFFFC0
:107E8000C43028DFD704444444444444403FFFFF07
:107E9000FFFFFFFFF33FFFFFFFFFFFFFF300222283
:107EA000222222221005FFFFFFFFFFFFC004FFFF79
:107EB000FFFFFFFFB0000000000000000000000016
:107EC00000000000000000000000000000003FFF74
:107ED000FFFFFFFA00003FFFFFFFFFFA0000011164
:107EE000111111110000000000000000000000004E
:107EF000000000000001111111111111102FFFFFDE
:107F0000FFFFFFFFF92FFFFFFFFFFFFFF90000005A
:107F1000000000000005FFFFFFFFFFFF5005FFFF0F
:107F2000FFFFFFFF500133333333333310000000C2
:107F30000000000000000000000000000000000041
:107F40000000000000000000000000000000000031
:107F50000000000000000000000000000000000021
:107F6000000000000003333333333333303FFFFF6F
:107F7000FFFFFFFFF33FFFFFFFFFFFFFF30BFFFFDD
:107F8000FFFFFFFF600BFFFFFFFFFFFF600000012F
:107F9000FF10000000000002FE00000000000004CE
:107FA000FC00000000001338FB33333100007FFF7A
:107FB000FFFFFFF500006DDFFDDDDFF50000000FC6
:107FC000F1000AF50000002FE0000AF50000005F54
:107FD000B0000AF50001118F91111BF610BFFFFFD1
:107FE000FFFFFFFFF4BFFFFFFFFFFFFFF4000009EB
:107FF000FFFFF1000000001FFFFFF800000000BFBE
:108000009003FF30000008FF10009FD100009FF494
:108010000FF30CFD200CFF600CF501DFF52FE400E1
:1080200008D7000AF9172111111111114600DFFFBD
:10803000FFFFFFFF1000DFFFFFFFFFFF100000004A
:1080400000000AFC0000000000009FF30000001286
:10805000359EFF60000000BFFFFFD400000000BF9E
:10806000EC940000000000001FF100000000000080
:108070001FF10000000222223FF32222201FFFFFF7
:10808000FFFFFFFFF11FFFFFFFFFFFFFF1000000F9
:10809000000000000000001100001100000003FEBD
:1080A0000000EF30000007FA0000AF7000000DF58F
:1080B00000005FD000002FF100001FF200009FB011
:1080C00000000BF90000FF50000005FF0007FE0054
:1080D000000000EF700EF7000000007FE002FFFFDD
:1080E000FFFFFFFFE02FFFFFFFFFFFFE02FE000389
:1080F00052002FE02FE1CCEFECB2FE02FE2FFFFF8B
:10810000FF2FE02FE011AF7112FE02FE7FFFFFFF95
:108110006FE02FE7FFFFFFF6FE02FE022222222F72
:10812000E03FC0FFFFFFB2FE04FB0FFCCDFB2FE0E2
:108130006FA0FF106FB2FE09F70FFFFFFB3FE0DFFC
:1081400040DDDDDD9DFE2FF000000000DFE01111BD
:108150001111111111EFFFFFFFFFFFFEEFFFFFFFF6
:10816000FFFFFEEF20EF12FE02FEEF20FF02FE02F5
:10817000FEEF22FE02FE02FEEF26FC02FE02FEEFF2
:108180002CF702FE02FEEF5FF202FFFFFEEFEFA010
:1081900002FFFFFEEF6410001113FEEF200000004D
:1081A00002FEEFFFFFFFFFFFFEEFFFFFFFFFFFFEFF
:1081B0000000000000000000000000002100000797
:1081C000D2FD3D62FC000005F6FD8F34FD9993055C
:1081D00097FE8947FFFFF51FFFFFFFF9FA8FE209BE
:1081E000FCFECF8DF32FA006F5FD6F6FF64F900CC0
:1081F000E0FD1FECFB7F700107A20110DFBF401BF9
:10820000BFFBBBB18FFF001FFFFFFFF22FFC00027F
:10821000FF65FC000FFD00006DFFF3008FFF400ABB
:10822000CFFEFF93FF4FB01FFC603BEDF70CF30157
:1082300000000020000000EFFFFFFFFFFEEFFFFF48
:10824000FFFFFEEF41111114FEEF30000003FEEFBF
:1082500030000003FEEF30000003FEEFFFFFFFFFE2
:10826000FEEFFFFFFFFFFEEF52222225FEEF300060
:108270000003FEEF30000003FEEF41111114FEEF8A
:10828000FFFFFFFFFEEFFFFFFFFFFE004FD00BF6EB
:10829000000000004FD00BFFFFFF60004FD00BFF2E
:1082A000FFFF60004FD00BF600000019BFE99EFCF5
:1082B0009999913FFFFFFFFFFFFFF31777777DFA53
:1082C000777771003BB00BF600001000CFA00BF6E3
:1082D0000009A006FF2008D405EFA02FF700000634
:1082E000DFFE4000000049EFFF90000069CFFFFF74
:1082F00092000001FFFFFB6000000000B863000077
:108300000000000000000000000000000000300439
:10831000000000000000F005040B01001600A0069C
:10832000060500082500A0090A0B00005C00700982
:10833000091000FDA400500D0D0B0000EC00900A88
:108340000B0B00002901B0030305000831015006A2
:10835000051001FE59015006061000FE8901600754
:1083600007070006A201400909090001CB014005E9
:10837000050500FED801100705020104DD014005D6
:1083800003030100E2010008080D00001602700955
:10839000090B00004802C006060B000069027009C4
:1083A000090B00009B027009080B0100C70270094D
:1083B000090B0000F9027009080B01002503700980
:1083C000090B00005703D008090B0000890370094E
:1083D000090B0000BB037009090B0000ED037006D8
:1083E00004090100FF037006050B00FE1B04400991
:1083F000090B00004D044009090700026D04400903
:10840000090B00009F043007070B0000C604B00DE5
:108410000E0D00FE2105A00B0C0B00006305D00A19
:108420000B0B0000A005F00A0B0B0000DD05400B54
:108430000B0B00001A065009090B00004C06E0085F
:10844000090B00007E06400B0B0B0000BB06800BE7
:108450000B0B0000F806A004030B01000907400500
:10846000060EFFFD3307C00A0B0B00007007600803
:10847000090B0000A207300E0E0B0000EF07A00B47
:108480000B0B00002C08B00C0D0B00007408900AB8
:108490000B0B0000B108D00C0D0C00FFFF08900A78
:1084A0000B0B00003C091009090B00006E09F008D5
:1084B000090B0000A009C00B0B0B0000DD09800BAD
:1084C0000C0B00001F0AF00E0F0B0000720AB00B1D
:1084D0000C0B0000B40A600A0B0B0000F10A700AD2
:1084E0000A0B0000280B5005041001FE480B100871
:1084F000080E00FF800B5005051000FEA80B400978
:1085000009060006C30B0008080200FDCB0BF006AD
:108510000503000BD30BE0090A090000000CE00979
:108520000A0D0000410C800808090000650CE009F4
:108530000A0D0000A60CB0090A090000D30C600661
:10854000070D0000010DD0090A0D00FC420D900935
:10855000090D00007D0D9004030D0100910D100523
:108560000611FFFCC40DD008090D0000FF0D100519
:10857000050D0000200E300E0E0900005F0EB00940
:1085800009090000880E100A0A090000B50E200A29
:108590000A0D00FCF60E300A0A0D00FC370F8006AB
:1085A00007090000570FB007080900007B0FE0051E
:1085B000060B00009C0FB0090A090000C90F9009C2
:1085C0000A090000F60F100E0E0900003510B00960
:1085D0000A090000621050090A0D00FCA3104008AF
:1085E00008090000C7109005061000FEF710900360
:1085F000031000FE0F119005061000FE3F11400908
:108600000904000451110010100300056911001045
:10861000100F00FEE1110010100D00FF49120010B4
:10862000100E00FFB9120010100F00FE31130010E1
:10863000100F00FEA91300100F0F00FE1A140010F7
:108640000E0F01FE83140010101000FE0315001021
:108650000C0E02FF57150010100F00FE000009005D
:108660008C009400CA006D036806DB087017E517DC
:10867000651D0000200000005F00010000000000F8
:108680000000000000000200004E0000661D6000B7
:108690005C860308000000000B000300072B094B59
:1086A00013151317131A151A222B223522372238C5
:1086B000223A224222442246224822502252242B8D
:1086C000252B2535253725382539253A253B262BD9
:1086D000270F27222742274427462748275027527B
:1086E000282B292B2A2B2C2B2C302C422C442C468B
:1086F0002C482C502C522D222D2B2D302D352D3742
:108700002D382D3A2E2B2F2B302B3035303730385B
:108710003039303A303B310F31223139322B32355A
:10872000323732383239323A323B332B333A3342F2
:1087300033443346334833503352350F35223528CE
:10874000353035323542354435463548354B354E72
:10875000354F355035513552355335543556370F21
:108760003722372837303732374237443746374891
:10877000374B374E374F37503751375237533754BF
:108780003756380F38223828383038323842384493
:1087900038463848384B384E384F385038513852B0
:1087A000385338543856390F3928392B3930393243
:1087B00039423944394639483950395239543A0FD7
:1087C0003A223A283A303A323A423A443A453A461C
:1087D0003A483A4B3A4E3A4F3A503A513A523A5353
:1087E0003A543A553A563B283B2B3B303B323C2BD4
:1087F0003C4B3D2B3D4B422B4335433743384339AC
:10880000433A435743584359435A442B452B463523
:10881000463746384639463A465746584659465AE4
:10882000482B4C2B4C424C444C464C484C504C52E0
:108830004D2B4F2B502B5035503750385039503A24
:10884000505750585059505A513551375138513965
:10885000513A515751585159515A522B524B534238
:108860005344534653485350535254355437543855
:108870005439543A552B562B584258445846584868
:1088800058505852592B59425944594659485950F1
:1088900059525A425A445A465A485A505A525B2BD5
:1088A0005C2B5C4B0D0AFBFBFBFD05F1EEF3F1FBD2
:1088B000FBFBFBFBFB05FBFBFDFDF8F8FD05E6F60E
:1088C000FBFBFBFBFBFB05050508F6F6F6F6F6F6EB
:1088D000F60308FBE6EEF3E60505FBFBFDFDF8F805
:1088E000FDE4F8FBFBFBFDFDF8F8FD08FDFDFDFDDB
:1088F000FDFDFDE1F1FBFBFBF1F1F1F1F6F6F6F127
:10890000F6F1F6F3F6ECEEFDFDFDF6F6F6F8F8FB03
:10891000FBF6FBF6FBFBFBF1F3FDFDFDF8F8F8F8C9
:10892000F8FBFBF8FBF8FBFBFBFBF808F8F8F6F6A6
:10893000F6F6F6F6F8E6F1F8F8F8E9E9E9E9E9F625
:10894000F6F6E9F6E9F6EEF6F6FD08FDFD0D0A0D80
:108950000A05F1F8F8F6E9FBFDFBFB0505F1F8F86F
:10896000F6E9FBFDFBFB0505FBFBFBFBFBFB080343
:10897000FBF1F6F8F6E9FBFDFBFBF1F8F8F6E9FB95
:10898000FDFBFB050AFBFBFBFBFBFBF3FBFBF8EE34
:108990000503FDFDFDFDFDFD05FDFDFDFDFDFDFDF1
:1089A000FDFDFDFDFD050D0A9C860308A488030856
:1089B00004010000346D030804830308748603086F
:1089C000A88903081000020800000000ABB90108E4
:1089D00051B6010800000000120000000400000071
:1089E00000FE0100B4890308000000000000000040
:1089F000EFFEFFDFECFDBFBAFA8F97F70006D6DF78
:108A0000D7F8DF2FCDF2FCDF2FCDF2FC5616500049
:108A100004FF17FF000007FF09FC000009FD0BFA27
:108A20000006FFFFFFFFF209FFFFFFFFF0035FF704
:108A30007FF530004FF26FF0000FFFFFFFFF902F28
:108A4000FFFFFFFF6014DFB4FF941000FF71FF50C1
:108A50000001FF43FF20000000BF0000007FFFFB7C
:108A60003006FFFFFFE00CFDCF5D500DFDBF0000A5
:108A70000AFFFF400001CFFFFE400004DFFFF100CE
:108A800020BF7FF50AE5BF5FF42FFFFFFFE003CFB4
:108A9000FFFE300002CF400000006800001BFA001B
:108AA00003FF80AFAF700DFD00EC0FB08FF300DE61
:108AB0003F93FF80006FFF3DFD000004728FF300C5
:108AC000000003FF800000000DFD001000008FF388
:108AD0001DFF5003FF809F8DF00DFD008F8EE08FF6
:108AE000F3001BFD400007DFD5000007FFFFF40087
:108AF00000DFA0CF90000CFB1EF700006FFFFD0011
:108B00000004FFFB100006FFFFD1D401FFA2FFEF1E
:108B1000F03FF304FFF901FF914EFF9009FFFFFFC3
:108B2000FF8006CFEA38F3000000000100DF0DF0FF
:108B3000DF0DF05600007FF200FF8006FF200BFCE7
:108B4000000EF8002FF4003FF2004FF2002FF30068
:108B50001FF6000DFA0008FE0003FF5000CFD00002
:108B600028815FF4000CFC0005FF2000FF7000BFAF
:108B7000B0007FE0006FF0005FF0006FF0009FD06A
:108B800000DF9002FF5008FF001FF800387000025D
:108B90003F8200CEFEF106FFF910DFFFF2078FAA39
:108BA000000184000006FB0000007FC0000007FCFD
:108BB0000003FFFFFFF93FFFFFFF90007FC00000B1
:108BC00007FC0000007FC00001500EFB0FFB0AF401
:108BD0000FB0233332EFFFFCEFFFFC08D31FFA0A7C
:108BE000F50000001FF20000008FB0000000EF4011
:108BF000000006FD0000000DF60000005FE0000030
:108C000000CF70000003FF1000000AF90000001FF1
:108C1000F20000008FB0000000FF40000007FC00E1
:108C200000000EF50000005FE00000000008EFE922
:108C300010000CFFFFFC0006FF727FF700CFC000A2
:108C4000BFD00FF70007FF01FF60005FF11FF600C4
:108C500005FF10FF70007FF00CFC000BFD006FF7AC
:108C600016FF7000CFFFFFC000008EFE91008FFF47
:108C7000F08FFFF0137FF0006FF0006FF0006FF0E7
:108C8000006FF0006FF0006FF0006FF0006FF00009
:108C90006FF0005CFE80007FFFFFC01EFC48FF50AD
:108CA00019000FF7000003FF500000DFE00000BFD5
:108CB000F40000AFF600009FF800008FFC44431F53
:108CC000FFFFFFD1FFFFFFFD0CFFFFFF00CFFFFF06
:108CD000F00233AFF700005FFA00002FFF3000070B
:108CE000FFFF70005AAEFF3000001FF8020000EFD7
:108CF00080DD649FF43FFFFFFB003AEFD8000000E7
:108D0000BFE100004FF700000CFE000005FF60000F
:108D100000EFD000007FF4EF701EFC0EF706FFFF9F
:108D2000FFFB6FFFFFFFB13333FF9200000EF70030
:108D30000000EF700AFFFFFF10AFFFFFF10AFC33E6
:108D40003300AFB000000AFFFEA1009FFFFFE1016A
:108D5000A528FF8000000DFB015000DFB0BFA59FDC
:108D6000F70DFFFFFC0018DFE8000008DFD8100057
:108D7000BFFFFFA006FF946D200CFB0000000FFB5F
:108D8000CFD6001FFFFFFF701FFF63BFF00FFA0079
:108D90002FF30CFB002FF306FF63BFF000DFFFFF94
:108DA00060001AEFD5004FFFFFFFD4FFFFFFFD4F1C
:108DB000F436FF93CC10AFF200001FFA000008FF5A
:108DC000300000FFC000006FF500000DFD00000541
:108DD000FF600000CFE000003FF80000002AEFC471
:108DE0000002FFFFFF6009FE21CFE00BFA006FF0E9
:108DF00007FE31CFB000EFFFFF3008FFFFFFC00FCD
:108E0000FC109FF31FF6002FF60FFD42AFF306FF95
:108E1000FFFFA0004BEFC600004CFEA10005FFFFC6
:108E2000FE100EFC36FF702FF400AFD02FF4009F21
:108E3000F00EFC36FFF206FFFFFFF2006DFDAFF013
:108E4000000000AFD001C648FF7009FFFFFC000022
:108E50008DFE80007F7EFD6D60006D6EFD8F706DFC
:108E600060EFD08F7000001510CFE0CFE07F70CDA5
:108E7000000000000010000007E700007EFF7018EF
:108E8000FFFE703FFFE60005FFC000003FFFE70068
:108E90000018FFFE7000018EFF70000007E7000061
:108EA0000000203FFFFFFF93FFFFFFF900000000DD
:108EB00000000000003FFFFFFF93FFFFFFF90000ED
:108EC00000000020000000CC400000DFFC40002A31
:108ED000FFFC500029FFFC00004FFF002AFFFD2A85
:108EE000FFFD50DFFC5000DC4000002000000000CF
:108EF0008DFC300AFFFFF22FF95FF738810FF80081
:108F0000009FF40007FF80001FFA00002FF400000C
:108F1000077200000AC200004FF700000CE20000D8
:108F200000000000000000005CFFE92000000BF9D9
:108F3000435BF50000CE2000006F3006F22BFCAF43
:108F40008AD00D90DFFFFF83F31F45FD00CF80F631
:108F50003F38F8007F80E72F36FC00BF80F50F71A7
:108F6000FFDCFFA8F10AD05FFF9AFF8002FA0142FE
:108F7000034200004FC4116F50000002AFFFF90020
:108F80000000000022000000000007FF5000000069
:108F900000DFFC000000004FFFF20000000AFFFFAE
:108FA00090000001FF9AFF0000007FF34FF60000E1
:108FB0000DFC00DFC00004FFFFFFFF2000AFFFFF3C
:108FC000FFF9001FF94444AFF007FF200003FF60E2
:108FD000DFC000000DFCAFFFFFB400AFFFFFFF20BC
:108FE000AFE237FF80AFE000EFA0AFE004FF60AF7B
:108FF000FFFFF900AFFFFFFE40AFE002AFF1AFE0CF
:10900000005FF4AFE224CFF2AFFFFFFFB0AFFFFF8E
:10901000E91000029EFEA300005FFFFFFF7003FF48
:10902000FB89EFD00CFF40001B201FF9000000005F
:109030004FF5000000004FF5000000002FF9000080
:1090400000000CFF30001A1004FFF968EFC0006F39
:10905000FFFFFF600002AEFEA200AFFFFEB5000AF8
:10906000FFFFFFFB00AFE346DFF90AFE0000BFF1A0
:10907000AFE00003FF5AFE00000FF7AFE00000FF73
:109080007AFE00003FF5AFE0000BFF1AFE446DFFD3
:1090900090AFFFFFFFB00AFFFFEB5000AFFFFFFFF5
:1090A0007AFFFFFFF7AFE444441AFE000000AFE090
:1090B00000000AFFFFFFE0AFFFFFFE0AFE33332090
:1090C000AFE000000AFE444442AFFFFFFF9AFFFFFB
:1090D000FFF9AFFFFFFF1AFFFFFFF1AFE444440ABF
:1090E000FE000000AFE000000AFFFFFFC0AFFFFF7F
:1090F000FC0AFE444430AFE000000AFE000000AF6E
:10910000E000000AFE00000000029EFEA300004FE7
:10911000FFFFFF6003FFF967DF200BFF4000040043
:109120001FFA000000003FF6000000003FF60000BC
:109130005FF21FF900005FF20CFF20005FF203FFF7
:10914000F857CFF2005FFFFFFFA00002AEFEB500B0
:10915000AFE0000BFDAFE0000BFDAFE0000BFDAF9B
:10916000E0000BFDAFE0000BFDAFFFFFFFFDAFFF29
:10917000FFFFFDAFE2222BFDAFE0000BFDAFE000F3
:109180000BFDAFE0000BFDAFE0000BFDAFEAFEAF63
:10919000EAFEAFEAFEAFEAFEAFEAFEAFEAFE03FF89
:1091A000FFF903FFFFF900333EF900000EF900005C
:1091B0000EF900000EF900000EF900000EF9020091
:1091C0000FF81EC59FF55FFFFFD004BFFA10AFE098
:1091D000005FFB0AFE003FFD10AFE02EFE200AFEFE
:1091E0001DFF4000AFEBFF60000AFFFFE00000AF93
:1091F000FFFF80000AFFCDFF3000AFF12FFD000A16
:10920000FE007FF800AFE000CFF30AFE0002FFD0BF
:10921000AFE00000AFE00000AFE00000AFE0000012
:10922000AFE00000AFE00000AFE00000AFE0000002
:10923000AFE00000AFE44442AFFFFFFAAFFFFFFA38
:10924000AFFE00000BFFEAFFF60002FFFEAFFFD00B
:10925000009FFFEAFFFF400FFFFEAFFFFB07FFEF9E
:10926000EAFEAFF2EFEAFEAFE2FFDFF79FEAFE0BA6
:10927000FFFE09FEAFE04FFF809FEAFE00CFF1093D
:10928000FEAFE005F9009FEAFE00000009FEAFF224
:109290000000CFBAFFC0000CFBAFFF7000CFBAFFD9
:1092A000FF300CFBAFFFFD00CFBAFE6FFA0CFBAF37
:1092B000E0BFF5CFBAFE01EFEEFBAFE004FFFFBA6F
:1092C000FE0009FFFBAFE0000DFFBAFE00002FFB20
:1092D00000029EFEA3000005FFFFFFF80003FFF75A
:1092E00046DFF600CFF30001EFE01FF9000006FFB4
:1092F00043FF6000002FF73FF6000002FF71FF9070
:1093000000005FF40CFF30001EFE003FFE746DFF96
:1093100060005FFFFFFF80000029EFEA3000AFFF31
:10932000FEB400AFFFFFFF60AFE336EFE0AFE00059
:109330007FF2AFE0005FF3AFE0007FF2AFE336EF24
:10934000E0AFFFFFFF60AFFFFEB400AFE000000042
:10935000AFE0000000AFE000000000029EFEA300AE
:1093600000005FFFFFFF800003FFF746DFF6000C01
:10937000FF30001EFE001FF9000006FF403FF60010
:109380000002FF703FF6000002FF601FF9000005B9
:10939000FF400CFF30001EFE0003FFE746DFF60033
:1093A000005FFFFFFF800000029EFFF807700000D3
:1093B000001EFFFFF200000002BFFC4000000000A2
:1093C000000000AFFFFFD8000AFFFFFFFC00AFE383
:1093D00034BFF30AFE0002FF60AFE0002FF60AFE82
:1093E000001AFF30AFFFFFFFC00AFFFFFFB100AF61
:1093F000E35FFC000AFE009FF700AFE000DFF20A27
:10940000FE0004FFC0003BEFD81005FFFFFFE10C9A
:10941000FE549F900EFB0002000CFF94000004FF1E
:10942000FFF900004BFFFFC0000015DFF4048000CF
:109430003FF61EFD64AFF41BFFFFFFC0005BEFD7DC
:10944000008FFFFFFFF48FFFFFFFF41338FF43305F
:109450000006FF10000006FF10000006FF100000CD
:1094600006FF10000006FF10000006FF10000006B7
:10947000FF10000006FF10000006FF1000CFB00034
:109480000BFCCFB0000BFCCFB0000BFCCFB0000B3F
:10949000FCCFB0000BFCCFB0000BFCCFB0000BFC3E
:1094A000BFD0000CFB8FF2002FF92FFD66DFF30712
:1094B000FFFFFF80005CFFC5000DFD00000DFD00FB
:1094C0007FF30003FF7001FFA0009FF2000BFF007D
:1094D0000FFB00005FF606FF500000FFC0CFF0005A
:1094E0000009FF5FF90000003FFFFF30000000DFD0
:1094F000FFD000000007FFF7000000001FFF200062
:10950000000000BFB000000EFD0004FF90008FF3CC
:1095100008FF2009FFE000DFD003FF700EFFF2021A
:10952000FF8000EFD03FFFF707FF30009FF28FE989
:10953000FB0CFE00004FF7CF95FF2FF900000EFE49
:10954000FF50FFCFF3000009FFFF00BFFFE0000066
:1095500004FFFB007FFF90000000EFF7002FFF40AB
:10956000000000AFF2000DFE000000004FD0000828
:10957000F900004FFB000AFF50AFF403FFC001FFEA
:10958000D0DFF20007FFDFF800000DFFFE00000053
:109590004FFF60000007FFF9000002FFFFF300002B
:1095A000BFF7FFD0005FFA09FF600EFF101EFF1823
:1095B000FF70006FFA0EFC0000EFC005FF5007FFC0
:1095C0004000DFD01EFB00004FF68FF300000CFEC2
:1095D000FFA0000003FFFF20000000BFF900000013
:1095E000005FF3000000004FF3000000004FF300A5
:1095F0000000004FF3000000004FF300001FFFFFCA
:10960000FFFF01FFFFFFFFF0033333CFF700000040
:109610005FFB0000002FFE1000000CFF4000000860
:10962000FF80000004FFC0000001EFF2000000BF57
:10963000F93333303FFFFFFFFF14FFFFFFFFF1CF90
:10964000FF5CFED4CF400CF400CF400CF400CF40C0
:109650000CF400CF400CF400CF400CF400CF400CD1
:10966000FFF5ADDD404FF1000000DF90000005FF89
:109670001000000DF80000005FF1000000DF800026
:109680000006FF1000000EF80000006FE000000070
:10969000EF70000007FE0000000EF75FFFC4DEFC65
:1096A000004FC004FC004FC004FC004FC004FC008D
:1096B0004FC004FC004FC004FC004FC5FFFC4DDD53
:1096C000A000BEE70008FEFF404FE25FE112222249
:1096D0002220EFFFFFFFF745555555520298000B2A
:1096E000FF40009FE1018DFEA200BFFFFFE002826C
:1096F00003FF4017ACCFF70DFFFFFF73FF500FF7CD
:109700003FF406FF70DFFEFFF702BEE8DF70DF8088
:1097100000000DF8000000DF8000000DF99EFA2027
:10972000DFFFFFFE1DFF726FF9DFB000AFEDF80045
:1097300007FFDFB000AFDDFF727FF8DFFFFFFD1D29
:10974000F88EFA10002AEFC6003FFFFFF70EFE5317
:109750008E13FF3000005FF0000003FF3000200E8A
:10976000FE539F304FFFFFF7003AEFC400000000A8
:109770000EF80000000EF80000000EF8005DFD6E0F
:10978000F805FFFFFFF80EFE42BFF84FF5001FF887
:109790005FF1000EF83FF4000FF80EFD20AFF80463
:1097A000FFFFFFF8004CFD5EF8003BFFC50004FF23
:1097B000FFFF700EFA119FF13FFCCCCFF45FFFFF6B
:1097C000FFF43FF30000000EFD316B0004FFFFFFCC
:1097D00050003BFFC500004CFC402FFFF806FF2265
:1097E00006FFFFF15DFFCC006FF00006FF00006F89
:1097F000F00006FF00006FF00006FF00006FF000B1
:10980000004CFD5DF804FFFFFFF80EFD42BFF83F7E
:10981000F4000FF84FF2000DF83FF4000FF80FFDC1
:1098200032AFF806FFFFFFF8005DFE8BF6018434CF
:109830009FF208FFFFFF70007DFFC400DF80000083
:109840000DF8000000DF8000000DF99EE800DFFF4A
:10985000FFF90DFF62BFF0DFA004FF2DF8003FF31A
:10986000DF8003FF3DF8003FF3DF8003FF3DF8009A
:109870003FF30AF50FFB08D40DF80DF80DF80DF8BD
:109880000DF80DF80DF80DF80DF8000CE3003FF899
:10989000000AC2000FF5000FF5000FF5000FF500EC
:1098A0000FF5000FF5000FF5000FF5000FF5198FFC
:1098B000F4AFFFE04DFC20DF8000000DF800000059
:1098C000DF8000000DF804FFC0DF83FFD00DFAEF4A
:1098D000E100DFFFF2000DFFFF7000DFFDFF200D54
:1098E000F92FFC00DF807FF60DF800CFF1DF8DF857
:1098F000DF8DF8DF8DF8DF8DF8DF8DF8DF8DF8DF95
:109900009AFD507DFC30DFFFFFFCFFFFF2DFF40B20
:10991000FFA03FF8DFA006FF200CFADF8006FF0063
:109920000BFBDF8006FF000BFBDF8006FF000BFB5D
:10993000DF8006FF000BFBDF8006FF000BFBDF99DB
:10994000EE800DFFFDFF90DFE108FF0DF9004FF203
:10995000DF8003FF3DF8003FF3DF8003FF3DF800A9
:109960003FF3DF8003FF30002AEFC60003FFFFFF55
:10997000900DFD42AFF43FF4000EF95FF1000BFBD8
:109980003FF4000DFA0EFD429FF404FFFFFF90002C
:109990002AFFD600DF99EFA10DFFFFFFE1DFF504FD
:1099A000FF9DFA0009FEDF80007FFDFB000AFEDF5D
:1099B000F727FF9DFFFFFFD1DF88EFA10DF8000023
:1099C00000DF8000000DF8000000004CFD5EF80490
:1099D000FFFFFFF80EFD42BFF83FF4001FF85FF1F4
:1099E000000EF83FF4001FF80EFD42BFF804FFFF21
:1099F000FFF8004CFE8EF80000000EF80000000E8C
:109A0000F80000000EF8DF88E1DFFFF1DFF930DF5A
:109A1000D000DF9000DF8000DF8000DF8000DF808B
:109A200000008DFD700AFFFFF30FF502600DFE933D
:109A30000002DFFFC00004AFF70A500CF85FFFEF31
:109A4000F304BEFC4006FF00006FF00006FF0006B6
:109A5000FFFFF15DFFCC006FF00006FF00006FF02C
:109A60000006FF00005FF66201EFFFA003CFC4FF16
:109A70007005FF1FF7005FF1FF7005FF1FF7005F24
:109A8000F1FF7005FF1EF8006FF1CFD12DFF16FF1B
:109A9000FFFFF106DFB7FF10CFB0005FF26FF100FC
:109AA000BFC00FF701FF600AFD07FF0004FF4DF97B
:109AB0000000DFDFF300007FFFD000001FFF700019
:109AC000000BFF1000AFD001FF8006FF14FF206FD6
:109AD000FD00BFB00FF70BFFF21FF600AFC0FFFF96
:109AE00075FF1005FF6FFBFCAFC0000FFFFC5FFFB1
:109AF000F60000AFFF60FFFF100005FFF10BFFC095
:109B000000000FFC005FF700004FF802FFB00AFFF3
:109B10002BFE1001EFEFF500006FFFB000000EFF0D
:109B20004000007FFFC00002FFDFF7000CFE1BFFBC
:109B3000207FF401FFC0BFD0006FF25FF300CFC001
:109B40000EF902FF6008FF09FF0002FF6EF9000036
:109B5000CFFFF300006FFFC000000FFF6000000B9D
:109B6000FF0000095EFA00007FFFF200003CFD40AC
:109B700000000FFFFFFE00FFFFFFE00000AFF70057
:109B8000007FF900004FFC00002FFD10001DFF3189
:109B90001105FFFFFFF25FFFFFFF20008EF02FFF98
:109BA00004FF104FF004FF005FE06FFB06FFA0060C
:109BB000FE004FF004FF004FF004FF101FFF007E77
:109BC000F0230CF3CF3CF3CF3CF3CF3CF3CF3CF38B
:109BD000CF3CF3CF3CF3CF3CF33FD5003FFE000436
:109BE000FF0002FF1002FF1002FF1000EFF200EF73
:109BF000F202FF2002FF1002FF1002FF1004FF001C
:109C00003FFD003FD40000000000009FD72CB05F54
:109C1000FFFFFD05E729ED40000000000000000007
:109C2000003EFC200EC5DC03F407F01FA2CE006F3F
:109C3000FE400013000000000000000000000000D3
:109C4000000040040000000000001005030C0100AB
:109C50001200F006050501071F00F00B0C0C0000B8
:109C60006700300A0A0E00FEAD00200D0C0C01004A
:109C7000F500300B0B0D00FF3D013004030501071B
:109C80004501D005060F00FD7201D005060F00FD4D
:109C90009F01500707060006B40160090908000289
:109CA000D801C004040500FEE201D0070603010448
:109CB000EB01A00404030000F101D0090A0F00FE2B
:109CC0003C02100B0B0C00007E027006060C00001C
:109CD000A202B009090C0000D8027009090C0000AA
:109CE0000E037009090C000044039009090C0000E0
:109CF0007A03100A0A0C0000B6034009090C0000A0
:109D0000EC03400A0A0C00002804100A0A0C0000A8
:109D10006404F004030701006F041005040901FE48
:109D20008104A009090B0001B304600909070002BE
:109D3000D304A009080B0101FF046008080C00000F
:109D40002F05400E0E0F00FD9805F00B0D0CFF00C7
:109D5000E605000B0A0C01002206B00B0C0C0000FB
:109D60006A06500C0B0C0100AC06700A090C0100CD
:109D7000E206D009090C01001807000C0C0C0000C9
:109D80006007300C0A0C01009C074005030C010021
:109D9000AE07E008080C0000DE07600B0B0C0100AA
:109DA00020081009080C01005008400F0D0C01009C
:109DB0009E08100D0B0C0100E008300D0D0C00008A
:109DC0002E09D00A0A0C01006A09400D0E0F00FD91
:109DD000D309A00B0B0C0100150A300A0A0C000075
:109DE000510AC0090A0C00008D0A000C0A0C01007F
:109DF000C90A000B0D0CFF00170B5010120CFF00CE
:109E0000830B200B0B0C0000C50BE0090C0CFF00B2
:109E10000D0CE00A0B0C00004F0C0006050F01FDB5
:109E2000750C2009090C0000AB0C0006050F00FDA5
:109E3000D10CC0070803000DDD0C800B0A0301FDE7
:109E4000EC0C20060603000DF50C80090909000042
:109E50001E0DA00A090C0100540D5009090900004B
:109E60007D0DA00A0A0C0000B90DE0090A090000E6
:109E7000E60D7006070C0000100EB00A0A0C00FD7B
:109E80004C0E400A090C0100820EB004040C0000C4
:109E90009A0E8005060FFFFDC70E8009090C010010
:109EA000FD0EB004030C01000F0FC00F0E090100DE
:109EB0004E0F400A09090100770F600A0A090000E5
:109EC000A40FA00A090C01FDDA0FA00A0A0C00FD7C
:109ED000161090060609010031105008080900000C
:109EE00055101007070C00007F10400A09090100F7
:109EF000A81060090A090000D510700E0F090000B3
:109F0000191160090A090000461170090A0C00FDC8
:109F10008211E00809090000AB11C005050F00FD22
:109F2000D1117004031001FEE911C005060F00FDF8
:109F300016129008090500042D12E0060707000616
:109F4000200000005F000100000000000000000091
:109F500000000200B00000000100600000000000EE
:109F6000000000000000020007080722073507373D
:109F70000738073A0807080F081008150822082BA9
:109F8000084509090911091509170919091A09309C
:109F90000934094209450947094B094F095009523B
:109FA00009540955095609570958095C0A0A0B2230
:109FB0000B2B0B450B500B5A0E120E130E140E18D2
:109FC0000E220E2B0E350E370E380E390E3A0E3B82
:109FD0000E590E5B0F080F120F180F300F350F368A
:109FE0000F370F380F3A0F470F550F570F580F5AAB
:109FF00010101011101510171019101A1022102B14
:10A0000010301034104210451047104F10501052AD
:10A01000105410561059105B1B351B371B381B3A58
:10A020001B5A213521372138213A2208220B220ED2
:10A0300022122220223022342235223622372238A0
:10A04000223A223D224222452247225022522255C4
:10A05000225622572258225A230A23102322232B26
:10A060002335233723382339233A233B233D233E0B
:10A07000234523472350235423552356235723583E
:10A080002359235A235B240B240E242224302442F8
:10A0900024452447244F2450245224542455245624
:10A0A000250A250F25102522252B25342535253772
:10A0B00025382539253A253B253D253E254225478E
:10A0C0002549254A254D254F2554255525562559E1
:10A0D000255B2630264226452647264F2650265207
:10A0E000265426552656270F27102722272B27349C
:10A0F000274227452747274F2750275227542755C0
:10A1000027562759275B280A282228352837283838
:10A110002839283A28472854285528572858285994
:10A12000285A285B2A422A452A472A492A4A2A4D80
:10A130002A4F2A502A522A542A552A562A5B2B1073
:10A140002B222B2B2B422B452B472B492B4A2B4DBC
:10A150002B4F2B502B522B542B552B562B592B5B03
:10A160002C0E2C302C342C422C452C472C4F2C50B0
:10A170002C522C542C552C562C572C582C5A2D081C
:10A180002D0B2D0E2D122D202D302D352D362D374A
:10A190002D382D3A2D3D2D452D472D502D522D5525
:10A1A0002D562D572D582D5A300A300F3010302291
:10A1B000302B30343035303730383039303A303B6E
:10A1C000303D303E304230473049304A304D304FDC
:10A1D000305430553059305B310A310F3110312253
:10A1E000312B3139313A313B313E314231453150F9
:10A1F00031523154315B3210323E324B332B3330DB
:10A20000333533373338333A333D334233453347CD
:10A210003349334A334D334F33503352335533562A
:10A2200033573358335A34103422343534373439B1
:10A23000343A34453447344F34503452345434551E
:10A240003456345734583459345A345B3507350E44
:10A25000350F35103515351B35213522352B353069
:10A2600035343542354535473549354A354D354F15
:10A270003550355235543556355735583559355A88
:10A28000355B360F36103622362B3642364536478A
:10A290003649364A364D364F365036523654365594
:10A2A00036563659365B3707370E370F37103712A9
:10A2B0003715371B37213722372B373037343742A2
:10A2C00037453747374F375037523754375537565A
:10A2D0003759375B380E380F38103815381B38218E
:10A2E0003822382B38303834384238453847384FE0
:10A2F00038503852385438563859385B390E39305E
:10A300003934394239453947394F3950395239553D
:10A31000395639573958395A3A073A0E3A0F3A10DE
:10A320003A123A153A1B3A213A223A2B3A303A3449
:10A330003A3E3A423A453A473A4F3A503A523A54FC
:10A340003A553A563A573A583A593A5A3A5B3B0EC6
:10A350003B303B423B453B473B4F3B503B523B55E1
:10A360003B563B573B583B5A3C113C153C173C195C
:10A370003C303C343C3A3C423C453C4B3C503C52EB
:10A380003C543C563D083D123D223D303D353D3666
:10A390003D373D383D3A3D553D573D583D5A420ABF
:10A3A000422A422B4230423442354236423742380A
:10A3B0004239423A423B423D424742554257425857
:10A3C000425A4308430A430B43104322432A432B78
:10A3D000433443354336433743384339433A433BA9
:10A3E000433D433E434743544355435743584359E2
:10A3F000435A435B435E440A440E4430443444357C
:10A400004436443744384439443A443D443E444554
:10A4100044504452452A452B453045354536453B49
:10A42000460A46104622462A462B463446354636CC
:10A43000463746384639463A463B463D463E46470D
:10A440004655465746584659465A465B465E470A61
:10A45000470B470E470F47104722472B47354737D3
:10A4600047384739473A473D473E474247454750B7
:10A4700047524754475E484B4A2A4A2B4A304A358E
:10A480004A364A3B4B4B4C0B4C0E4C304C344C3503
:10A490004C374C3A4C424C454C504C524C544D2A43
:10A4A0004D2B4D304D354D364D3B4F0A4F2A4F2BDE
:10A4B0004F304F344F354F364F374F384F394F3A73
:10A4C0004F3B4F3D4F474F554F574F584F5A500AEC
:10A4D000500B50105022502A502B503450355036CB
:10A4E000503750385039503A503B503D503E50470D
:10A4F00050545055505750585059505A505B505E18
:10A50000510A51105122512A512B51345135513693
:10A51000513751385139513A513B513D513E5147D4
:10A5200051545155515751585159515A515B515EDF
:10A53000524B5307530A530F53105322532A532B92
:10A5400053355339533A533B533E5342534553507B
:10A5500053525354540A54105422542A542B5430F6
:10A5600054355436543754385439543A543B543D86
:10A57000543E545554575459545A55305535553600
:10A5800055375538553A553D554555505552560A4B
:10A59000562A562B56305634563556365637563878
:10A5A0005639563A563B563D570A570F57105722C1
:10A5B000572B57355739573A5742574557505752E7
:10A5C0005754580A580F58105822582B5835583994
:10A5D000583A583B58425845585058525854590EBA
:10A5E0005930593559365937593A594259455950C0
:10A5F000595259545A0A5A0B5A0F5A105A225A2B66
:10A600005A355A395A3A5A425A455A505A525A5455
:10A610005B0E5B2A5B305B355B365B375B385B3AE6
:10A620005B3D5B455B505B525C305C455C4B5C501A
:10A630005C525D4B5E0A6015F902FBFBFCFAFCE321
:10A64000EFFCF6FCFDFDFBFAFBFCFDFAFDFBF9FD62
:10A650001AFCF9F9FCFDFBFDFDFDFDF6FBFDFE031B
:10A66000FAFCFCFDFDFAF2FAFBF9F6FCFBFEE3F95D
:10A67000FCFCF2FDF2F5F2FEFCF8F9F7B8FBF6FB94
:10A68000FBFDF1FDFAFCF7F5FDFAF5F5F6FAFDFA3A
:10A69000F3FAFBF7FEFBFCFDFAF6F6FDFBFBFBFF16
:10A6A000F3FBF5F7F3F2FFFDFDFDFDF9FDF8F9F819
:10A6B000FCFDFEFEFBFCFDFDFBFEFCFCFFFDFFFECA
:10A6C000FDFFFEFEFCFDFE04FEFFFCFEFBFFFEFBAD
:10A6D000FBFDFFFEFAFDF9FBFBFFFBFCFDF9FAFDBC
:10A6E000FBFBFEFFFEFEFEFEFEFFFFFCFEFDFEFD91
:10A6F000FEFFFDFDFFFEFEF6F6F6FBFFFCFDFFFD97
:10A70000FDFDFCFFFEFEFDFDFEFDFDFEFEFDFEFF70
:10A71000FEFEFEFEFEFFFEFDFEFFFFFFFFFDFDFE57
:10A72000FEFFFEFBFDFEFEFEFEFEFEFEFFFEFEFD4C
:10A73000FEFEFEFEF9F7FBFCF4FDFEF4F5FEFCFA6E
:10A74000F9F9F9EBEBF3FBFAFBF0FCF1F3F0F0FEB7
:10A75000FCFEFEF9FEF3F6F4FAFCF9FBFAFEFBFC54
:10A76000FDF9FAFCFBFBFEFFFEFEFEFEFEFEFCFE1C
:10A77000FBF3F5F6F9FBFFFEFDFEFEFEFEFEFFFC21
:10A780000116FEFEFCFDFEFBFCFDFBFEFFFFFFFFD6
:10A79000FBFBFDFDFEFEFEFDFEFEFFFFFFFFFCFEE0
:10A7A000FFFFFDFCFEFDFDFDFDFEFDF2F2F3F9F302
:10A7B000FAF3FCFBFEF0F1FEFFFFFFFBF1F1F0F31B
:10A7C000EFF0F0EFEFFDFAFBFDFDFDFEFEFEFEFEFD
:10A7D000FDFDFCFEFEFEFDFDFAF2F202FBFAFCF5C9
:10A7E000FCFCFEF6F4FEF9F4F4F4FEFAFEFAFBF5D6
:10A7F000F4FDFBFDF7FDFDFFF7F6FEFAF5F6F5FBC0
:10A80000FEFBF9F9FEFDF7FCFEF7F7FBFAF9F9F9A3
:10A81000FCF6F2F304F9F7FAF3FDFAFD02F4F3FDA6
:10A82000F6F2F3F4FEF6FEFDFCFEF7FDFCFEFCFD89
:10A83000FEFCFCFDFDFEFEFEFCFAFCFDFBFD02FC49
:10A84000FA18FAFAFDFCF3FB03FDF6FDF6F8F6FD47
:10A85000FAFBFAFCFFFEFEFEF3FDF7F9FEF6FDF84B
:10A86000FFFEFEFEFEFDF9FDFBFDFDFCFDF1FDF42E
:10A87000F6F7F3FAF7FAFEFFFEFDFEFAFDFEFCFC2A
:10A88000FDFDFEF3FEF9FBFFF5FAFDFEFEFEFFFE09
:10A89000FEFFFEFEFAFCFEFEFDFEEEFEF4F6FAF30F
:10A8A000FCF8FBFFFEFEFFFCFEFFFD0302FCF9F9D6
:10A8B000F6FE070F0D08110305FEFDFDFDFE030268
:10A8C000FFFEFEFFFEFE0803FAFAFEEFFFFDFCF9B5
:10A8D000F9F9FDFFFEFEFFFEFEFCFFFEFEFEF3FDAE
:10A8E000F7F9FEF6FDF7FFFEFEFEFEF9FEFBFDFDAD
:10A8F000FCFDF1FDF4F6F7F2FAF7FAFEFFFDFDFDBF
:10A90000FAFDFEFCF9FBFDFEFCFDF1FDF4F6F8F3AB
:10A91000FAF7FAFEFFFEFDFEFBFDFEFC12FDFCF663
:10A92000F6F4FFF7F0F8FEFDFDFFFEFEFEFFFBFD77
:10A93000FEFEFFFEF2FDF8F9FDF4FEF9FCFFFFFE5E
:10A94000FFFEFAFEFAFBF7FBFFFEFFFCFFFEFEFF39
:10A95000FBFEF9FAFEF6FEFBFDF8F6F8FBEFFAFE59
:10A96000FEFDFDFDFEFCF9F7F9FAF0F9FDFEFEFE35
:10A97000FDFEFEFAFCF0FEFEFCFDFAFAFAFEFD0416
:10A98000F7F7F8FAEFFAFEFEFDFDFDFDFDFEFEEE27
:10A99000FDFAFBF7FBFEFEFEFDFC17FCFC11FDFBC8
:10A9A000689F030838A6030868030000F0890308BD
:10A9B000389C0308409F0308A0A903081000020860
:10A9C00000000000ABB9010851B60108000000000A
:10A9D000130000000300000000FF0100ACA9030801
:10A9E00000000000000000002FFFFFFFFFC2FFFF7C
:10A9F000FFFFFC2FFFFFFFFFC2FFFFFFFFFC2FFF4A
:10AA0000FFFFFFC2FFFFFFFFFC2FFFFFFFFFC1FFA4
:10AA1000FFFFFFFB0FFFFFFFFFA0FFFFFFFFF90D91
:10AA2000FFFFFFFF70CFFFFFFFF60BFFFFFFFF50A1
:10AA3000AFFFFFFFF308FFFFFFFF207FFFFFFFF1E6
:10AA400006FFFFFFFF004FFFFFFFE003FFFFFFFDDB
:10AA5000002FFFFFFFB001FFFFFFFA000FFFFFFF16
:10AA60009000EFFFFFF8000DFFFFFF6000CFFFFF3A
:10AA7000F5000AFFFFFF40009FFFFFF2000377771A
:10AA8000770000000000000000000000000006CE7B
:10AA9000EA20000AFFFFFF4007FFFFFFFF10EFFF64
:10AAA000FFFFF71FFFFFFFFFA1FFFFFFFFFA0EFFF2
:10AAB000FFFFFF707FFFFFFFF100BFFFFFF500000A
:10AAC0006DFEB3000333333100133333300FFFFF18
:10AAD000FA006FFFFFF40FFFFFFA006FFFFFF40FA4
:10AAE000FFFFFA006FFFFFF40FFFFFFA006FFFFF99
:10AAF000F40FFFFFFA006FFFFFF40FFFFFFA006F84
:10AB0000FFFFF40FFFFFFA006FFFFFF40FFFFFFAE4
:10AB1000006FFFFFF40FFFFFFA006FFFFFF40FFF5E
:10AB2000FFFA006FFFFFF40FFFFFFA006FFFFFF463
:10AB30000FFFFFFA006FFFFFF40FFFFFFA006FFF38
:10AB4000FFF40FFFFFFA006FFFFFF40FFFFFFA00A3
:10AB50006FFFFFF400000000000788888884000071
:10AB60003888888881000000000000000FFFFFFF88
:10AB7000F700008FFFFFFFF0000000000000002F33
:10AB8000FFFFFFF40000AFFFFFFFD0000000000058
:10AB900000005FFFFFFFF20000DFFFFFFFA00000EB
:10ABA00000000000007FFFFFFFF00000FFFFFFFF3D
:10ABB0007000000000000000AFFFFFFFD00002FFA8
:10ABC000FFFFFF5000000000000000CFFFFFFFA0CC
:10ABD0000004FFFFFFFF2000000000000000FFFF57
:10ABE000FFFF800007FFFFFFFF00000000000000E4
:10ABF00001FFFFFFFF500009FFFFFFFC0000000006
:10AC000000000004FFFFFFFF30000CFFFFFFFA0011
:10AC100000000003FFFFFFFFFFFFFFFFFFFFFFFF3D
:10AC2000FFFFFFFFF50006FFFFFFFFFFFFFFFFFF36
:10AC3000FFFFFFFFFFFFFFF20009FFFFFFFFFFFF26
:10AC4000FFFFFFFFFFFFFFFFFFFFE0000CFFFFFF25
:10AC5000FFFFFFFFFFFFFFFFFFFFFFFFFFB0000F42
:10AC6000FFFFFFFFFFFFFFFFFFFFFFFFFFFFFFFFF4
:10AC700080002FFFFFFFFFFFFFFFFFFFFFFFFFFF32
:10AC8000FFFFFF50006FFFFFFFFFFFFFFFFFFFFF12
:10AC9000FFFFFFFFFFFF20007DDDDDEFFFFFFFFD7A
:10ACA000DDDDFFFFFFFFDDDDDC0000000000CFFF8A
:10ACB000FFFFA00003FFFFFFFF10000000000000E7
:10ACC00000FFFFFFFF700007FFFFFFFE0000000016
:10ACD00000000002FFFFFFFF40000AFFFFFFFC0033
:10ACE00000000000000005FFFFFFFF10000DFFFF48
:10ACF000FFF90000000000000008FFFFFFFE000059
:10AD00000FFFFFFFF6000000000000000BFFFFFF39
:10AD1000FB00003FFFFFFFF30000000001DDDDDF6F
:10AD2000FFFFFFFEDDDDEFFFFFFFFDDDDDD50004F2
:10AD3000FFFFFFFFFFFFFFFFFFFFFFFFFFFFFFFF23
:10AD4000F40007FFFFFFFFFFFFFFFFFFFFFFFFFF15
:10AD5000FFFFFFF1000AFFFFFFFFFFFFFFFFFFFF05
:10AD6000FFFFFFFFFFFFE0000DFFFFFFFFFFFFFF03
:10AD7000FFFFFFFFFFFFFFFFFFA0000FFFFFFFFF31
:10AD8000FFFFFFFFFFFFFFFFFFFFFFFF70003FFF21
:10AD9000FFFFFFFFFFFFFFFFFFFFFFFFFFFFFF4082
:10ADA000006FFFFFFFFFFFFFFFFFFFFFFFFFFFFF42
:10ADB000FFFF1000000003FFFFFFFF30000BFFFF4D
:10ADC000FFFB0000000000000006FFFFFFFF000087
:10ADD0000DFFFFFFF80000000000000009FFFFFF6B
:10ADE000FE00000FFFFFFFF6000000000000000B58
:10ADF000FFFFFFFB00002FFFFFFFF300000000003C
:10AE000000000EFFFFFFF900005FFFFFFFF10000F1
:10AE100000000000000FFFFFFFF600008FFFFFFFA4
:10AE2000E0000000000000003FFFFFFFF30000AF64
:10AE3000FFFFFFB0000000000000005FFFFFFFF118
:10AE40000000DFFFFFFF90000000000000008FFF08
:10AE5000FFFFE00000FFFFFFFF60000000000000B8
:10AE6000000000000008AAAAA000000000000000E6
:10AE70000000000000EFFFFF1000000000000000D5
:10AE8000000000000EFFFFF10000000000000000C5
:10AE90000000048BFFFFFFA730000000000000004F
:10AEA000019EFFFFFFFFFFFFE930000000000006EA
:10AEB000FFFFFFFFFFFFFFFFFFC40000000009FFCF
:10AEC000FFFFFFFFFFFFFFFFFFFB20000009FFFF69
:10AED000FFFFFFFFFFFFFFFFFFFF700006FFFFFF09
:10AEE000FFFFFFFFFFFFFFFFFFFC0000EFFFFFFF83
:10AEF000FFFFFFFFFFFFFFFFFF20007FFFFFFFFFC0
:10AF0000FFFFFFFFFFFFFFFF70000CFFFFFFFFE5EC
:10AF1000EFFFFF6BFFFFFFC00000FFFFFFFFF30E1F
:10AF2000FFFFF103AFFFF200002FFFFFFFFC00EF78
:10AF3000FFFF10004DF6000003FFFFFFFFC00EFFF4
:10AF4000FFF10000060000003FFFFFFFFF10EFFFD2
:10AF5000FF10000000000002FFFFFFFFFA0EFFFFDE
:10AF6000F10000000000000FFFFFFFFFFCEFFFFFFC
:10AF700010000000000000BFFFFFFFFFFFFFFFF118
:10AF800000000000000006FFFFFFFFFFFFFFFF7251
:10AF90000000000000000EFFFFFFFFFFFFFFFFFDAE
:10AFA0007100000000003FFFFFFFFFFFFFFFFFFFFA
:10AFB000FA10000000004FFFFFFFFFFFFFFFFFFF41
:10AFC000FF70000000002CFFFFFFFFFFFFFFFFFFEF
:10AFD000FFB00000000005DFFFFFFFFFFFFFFFFFE6
:10AFE000FFB000000000003AEFFFFFFFFFFFFFFF90
:10AFF000FF700000000000003EFFFFFFFFFFFFFFAB
:10B00000FE00000000000000EFFFFFFFFFFFFFFF5A
:10B01000F50000000000000EFFFFF7EFFFFFFFFF4D
:10B0200090000000000000EFFFFF11DFFFFFFFFBBB
:10B0300000004C1000000EFFFFF104FFFFFFFFD0E7
:10B04000002EFE300000EFFFFF102FFFFFFFFD007E
:10B050000DFFFF80000EFFFFF103FFFFFFFFC00A9F
:10B06000FFFFFFD400EFFFFF10AFFFFFFFFA07FF66
:10B07000FFFFFFFC5EFFFFF29FFFFFFFFF64FFFF8C
:10B08000FFFFFFFFFFFFFFFFFFFFFFFFF1AFFFFF2E
:10B09000FFFFFFFFFFFFFFFFFFFFFFF9009FFFFF25
:10B0A000FFFFFFFFFFFFFFFFFFFFFF10005FFFFF3E
:10B0B000FFFFFFFFFFFFFFFFFFFF4000001AFFFF42
:10B0C000FFFFFFFFFFFFFFFFFF5000000003CFFF68
:10B0D000FFFFFFFFFFFFFFFD30000000000039FF12
:10B0E000FFFFFFFFFFFFE700000000000000004837
:10B0F000BFFFFFFFC940000000000000000000008B
:10B10000EFFFFF1000000000000000000000000E34
:10B11000FFFFF1000000000000000000000000EF51
:10B12000FFFF1000000000000000000000000EFF04
:10B13000FFF100000000000000000000000000001F
:10B140000000000000005FFFFFFFFF40000007CF8E
:10B15000FFEA4000000000000001EFFFFFFFF800E1
:10B160000003EFFFFFFFFB1000000000000BFFFFDC
:10B17000FFFFD000004FFFFFFFFFFFD100000000E6
:10B18000006FFFFFFFFF200002FFFFFFFFFFFFFB3D
:10B190000000000002FFFFFFFFF700000AFFFFFFB3
:10B1A000FFFFFFFF500000000CFFFFFFFFB000009B
:10B1B0000FFFFFF912DFFFFFB00000008FFFFFFF5E
:10B1C000FE1000004FFFFFD0002FFFFFF000000334
:10B1D000FFFFFFFFF50000006FFFFF90000EFFFF75
:10B1E000F100000EFFFFFFFFA00000006FFFFF90C7
:10B1F000000EFFFFF00000AFFFFFFFFE00000000A9
:10B200004FFFFFD0003FFFFFF00005FFFFFFFFF300
:10B21000000000000FFFFFFA35DFFFFFB0001EFF48
:10B22000FFFFFF800000000009FFFFFFFFFFFFFF9F
:10B230004000BFFFFFFFFD000000000001EFFFFF27
:10B24000FFFFFFFB0007FFFFFFFFF2000000000011
:10B25000003FFFFFFFFFFFD1002FFFFFFFFF600058
:10B26000000000000002DFFFFFFFFA0000DFFFFF29
:10B27000FFFB000000000000000005AEFFD9300019
:10B2800009FFFFFFFFE100000000000000000000D8
:10B29000000000004FFFFFFFFF5000000000000013
:10B2A0000000000000000001EFFFFFFFFA000000B7
:10B2B00000000000000000000000000AFFFFFFFF88
:10B2C000D000000000000000000000000000006F3F
:10B2D000FFFFFFFF30000000000000000000000042
:10B2E000000002FFFFFFFFF8000000000000000068
:10B2F0000000000000000CFFFFFFFFC00000000086
:10B30000000000000000000000007FFFFFFFFF20A2
:10B310000000000000000000000000000003FFFF2C
:10B32000FFFFF6000005ADFFD9300000000000006F
:10B33000000DFFFFFFFFB00002CFFFFFFFFB10007B
:10B3400000000000009FFFFFFFFE10003EFFFFFF18
:10B35000FFFFD1000000000004FFFFFFFFF5000128
:10B36000EFFFFFFFFFFFFC00000000001EFFFFFFDC
:10B37000FF900008FFFFFFFFFFFFFF5000000000ED
:10B38000BFFFFFFFFD00000EFFFFFB33DFFFFFC02D
:10B3900000000006FFFFFFFFF300003FFFFFE0009B
:10B3A0002FFFFFF00000002FFFFFFFFF8000005F76
:10B3B000FFFFA0000DFFFFF1000000CFFFFFFFFC2B
:10B3C0000000005FFFFFA0000DFFFFF2000008FF7C
:10B3D000FFFFFFF20000003FFFFFE0002FFFFFF044
:10B3E00000003FFFFFFFFF600000000EFFFFFB3487
:10B3F000DFFFFFC00000DFFFFFFFFB0000000008D1
:10B40000FFFFFFFFFFFFFF600009FFFFFFFFE100FD
:10B4100000000001EFFFFFFFFFFFFC00005FFFFFE8
:10B42000FFFF4000000000003EFFFFFFFFFFD100D4
:10B4300001EFFFFFFFF900000000000002CFFFFF57
:10B44000FFFB10000BFFFFFFFFD00000000000001B
:10B450000005AEFFD940000000000000000059CEFA
:10B46000FFEC840000000000000000000000000766
:10B47000EFFFFFFFFFFE6000000000000000000083
:10B48000003DFFFFFFFFFFFFFFC2000000000000C4
:10B490000000004FFFFFFFFFFFFFFFFFE200000083
:10B4A00000000000001FFFFFFFFFFFFFFFFFFFD0B6
:10B4B000000000000000000AFFFFFFFFFFFFFFFF8A
:10B4C000FFFF7000000000000001FFFFFFFFFFCC46
:10B4D000FFFFFFFFFD000000000000006FFFFFFF07
:10B4E000FC1002DFFFFFFFF100000000000008FF7A
:10B4F000FFFFFF100002FFFFFFFF30000000000011
:10B50000009FFFFFFFD000000EFFFFFFF4000000D0
:10B5100000000009FFFFFFFD000000EFFFFFFF201C
:10B520000000000000008FFFFFFFF200006FFFFF30
:10B53000FFF000000000000005FFFFFFFFB0005F0C
:10B54000FFFFFFF9000000000000000FFFFFFFFFFA
:10B55000619FFFFFFFFF20000000000000008FFF41
:10B56000FFFFFFEFFFFFFFFF600000000000000093
:10B5700000EFFFFFFFFFFFFFFFFF90000000000054
:10B5800000000004FFFFFFFFFFFFFFFF900000002F
:10B5900000000000000008FFFFFFFFFFFFFF70003A
:10B5A000000000000000000002CFFFFFFFFFFFFDD2
:10B5B0003000000000000000000007FFFFFFFFFF59
:10B5C000FFFA000000000000000000000BFFFFFF7A
:10B5D000FFFFFFFFD100001C2000000000000CFF57
:10B5E000FFFFFFFFFFFFFFB00006FF50000000005D
:10B5F0000BFFFFFFFFFFFFFFFFFF8000BFFFA0006B
:10B60000000008FFFFFFFFFECFFFFFFFFF502FFFEF
:10B61000FFD3000002FFFFFFFFFC10DFFFFFFFFF73
:10B6200039FFFFFFF50000AFFFFFFFFB0001EFFF59
:10B63000FFFFFEFFFFFFFF50000FFFFFFFFE0000B8
:10B6400002FFFFFFFFFFFFFFFFE00003FFFFFFFF21
:10B6500050000004FFFFFFFFFFFFFFF800005FFF47
:10B66000FFFFF100000005FFFFFFFFFFFFFF1000DD
:10B6700005FFFFFFFF0000000007FFFFFFFFFFFFC8
:10B680008000003FFFFFFFF20000000008FFFFFF07
:10B69000FFFFE0000002FFFFFFFF90000000001E20
:10B6A000FFFFFFFFFC0000000DFFFFFFFF70000029
:10B6B000004EFFFFFFFFFFFB0000008FFFFFFFFFBB
:10B6C000C62125BFFFFFFFFFFFFFFB000001FFFFBB
:10B6D000FFFFFFFFFFFFFFFFFFFFFFFFFFFB00007C
:10B6E00007FFFFFFFFFFFFFFFFFFFFFFFFFFFFFF62
:10B6F000FB00000AFFFFFFFFFFFFFFFFFFFFFFFF51
:10B70000FFFFFFFB00000AFFFFFFFFFFFFFFFFFF40
:10B71000FE5EFFFFFFFF60000006FFFFFFFFFFFF71
:10B72000FFFFFA002EFFFFFF60000000018EFFFF09
:10B73000FFFFFFFF9200002EFFFF500000000000FF
:10B74000048BDEFFDC95100000002EFF500000008F
:10B75000000000000000000000000000003E40006B
:10B7600000000000000000000000000000000000D9
:10B7700000000000033333310FFFFFFA0FFFFFFA21
:10B780000FFFFFFA0FFFFFFA0FFFFFFA0FFFFFFA9D
:10B790000FFFFFFA0FFFFFFA0FFFFFFA0FFFFFFA8D
:10B7A0000FFFFFFA0FFFFFFA0FFFFFFA0FFFFFFA7D
:10B7B0000FFFFFFA00000007FFFFFFFF80000002FD
:10B7C000FFFFFFFFE1000000AFFFFFFFF5000000FB
:10B7D0003FFFFFFFFC0000000AFFFFFFFF400000EB
:10B7E00002FFFFFFFFC00000008FFFFFFFF500001A
:10B7F000000EFFFFFFFD00000005FFFFFFFF7000D0
:10B800000000AFFFFFFFF10000000FFFFFFFFB0094
:10B81000000005FFFFFFFF500000009FFFFFFFF04B
:10B820000000000EFFFFFFFB00000002FFFFFFFF14
:10B83000600000006FFFFFFFF200000009FFFFFF44
:10B84000FE00000000CFFFFFFFB00000000FFFFF71
:10B85000FFF700000001FFFFFFFF500000003FFF67
:10B86000FFFFF300000005FFFFFFFF000000006F77
:10B87000FFFFFFF000000006FFFFFFFE00000000DA
:10B880007FFFFFFFE000000007FFFFFFFE0000005A
:10B89000006FFFFFFFE000000006FFFFFFFF00005A
:10B8A00000005FFFFFFFF000000003FFFFFFFF301D
:10B8B0000000001FFFFFFFF500000000FFFFFFFF7B
:10B8C000700000000CFFFFFFFB000000009FFFFF67
:10B8D000FFE000000006FFFFFFFF200000002FFF39
:10B8E000FFFFF600000000EFFFFFFFB00000000ABE
:10B8F000FFFFFFFF000000005FFFFFFFF4000000FC
:10B9000001FFFFFFFFA00000000BFFFFFFFF100083
:10B9100000005FFFFFFFF600000000FFFFFFFFD009
:10B9200000000009FFFFFFFF400000002FFFFFFFA6
:10B93000FB00000000BFFFFFFFF300000003FFFF5C
:10B94000FFFFC00000000BFFFFFFFF400000002FC3
:10B95000FFFFFFFE000000008FFFFFFFF84FFFFF1B
:10B96000FFFB00000000BFFFFFFFF500000001FF2C
:10B97000FFFFFFE000000008FFFFFFFF7000000076
:10B980001EFFFFFFFE000000007FFFFFFFF600002C
:10B990000001FFFFFFFFC000000009FFFFFFFF30B5
:10B9A0000000002FFFFFFFF900000000CFFFFFFFA6
:10B9B000E000000007FFFFFFFF400000001FFFFF47
:10B9C000FFF900000000CFFFFFFFD000000007FFDD
:10B9D000FFFFFF200000002FFFFFFFF60000000028
:10B9E000EFFFFFFFA00000000AFFFFFFFD000000C7
:10B9F000007FFFFFFFF000000003FFFFFFFF3000AC
:10BA000000001FFFFFFFF500000000EFFFFFFF70C9
:10BA10000000000CFFFFFFF900000000BFFFFFFF68
:10BA2000A00000000AFFFFFFFA000000009FFFFFD8
:10BA3000FFB000000009FFFFFFFB00000000AFFFA8
:10BA4000FFFFB00000000BFFFFFFFA00000000CF77
:10BA5000FFFFFF900000000EFFFFFFF70000000057
:10BA6000FFFFFFFF500000003FFFFFFFF30000005B
:10BA700006FFFFFFFF10000000AFFFFFFFD0000038
:10BA8000000DFFFFFFFA00000002FFFFFFFF700044
:10BA900000007FFFFFFFF20000000BFFFFFFFE0032
:10BAA000000001FFFFFFFF900000006FFFFFFFF4A9
:10BAB0000000000CFFFFFFFE00000002FFFFFFFF81
:10BAC000900000009FFFFFFFF30000000FFFFFFF4B
:10BAD000FD00000007FFFFFFFF60000000EFFFFF19
:10BAE000FFE00000007FFFFFFFF70000001FFFFFE7
:10BAF000FFFE0000000AFFFFFFFF60000004FFFFE1
:10BB0000FFFFC00000000000000000000000000077
:10BB10000000005FFFFFD00000000000004FFFFFAB
:10BB2000C00000000049003FFFFFB004A00000DF9C
:10BB3000E41FFFFFA09FF60006FFFFAFFFFFCDFF52
:10BB4000FE001EFFFFFFFFFFFFFFFF809FFFFFFFC5
:10BB5000FFFFFFFFFFF24CFFFFFFFFFFFFFFFF9123
:10BB6000004CFFFFFFFFFFFF91000000AFFFFFFF52
:10BB7000FFF30000005DFFFFFFFFFFFF91004DFF9F
:10BB8000FFFFFFFFFFFFFF918FFFFFFFFFFFFFFFA3
:10BB9000FFF10EFFFFFFFFFFFFFFFF7006FFFF9F9C
:10BBA000FFFFCDFFFE0000DFE42FFFFFA09FF600A8
:10BBB000004A103FFFFFB004B0000000004FFFFF3D
:10BBC000C00000000000005FFFFFD0000000000088
:10BBD00000000036666666100000000000000000ED
:10BBE0000008FFFFFFF3000000000000000000005D
:10BBF0008FFFFFFF3000000000000000000008FF82
:10BC0000FFFFF3000000000000000000008FFFFFB6
:10BC1000FF3000000000000000000008FFFFFFF3FD
:10BC2000000000000000000000008FFFFFFF300058
:10BC3000000000000000000008FFFFFFF30000000C
:10BC4000000000000000008FFFFFFF300000000038
:10BC5000000000000008FFFFFFF3000000000000EC
:10BC6000000000008FFFFFFF300000000005FFFF15
:10BC7000FFFFFFFFFFFFFFFFFFFFFFF05FFFFFFF83
:10BC8000FFFFFFFFFFFFFFFFFFFF05FFFFFFFFFFBE
:10BC9000FFFFFFFFFFFFFFFFF05FFFFFFFFFFFFF63
:10BCA000FFFFFFFFFFFFFF05FFFFFFFFFFFFFFFF9E
:10BCB000FFFFFFFFFFF05FFFFFFFFFFFFFFFFFFF43
:10BCC000FFFFFFFF04FFFFFFFFFFFFFFFFFFFFFF7F
:10BCD000FFFFF000000000008FFFFFFF30000000BA
:10BCE00000000000000008FFFFFFF300000000005C
:10BCF00000000000008FFFFFFF3000000000000088
:10BD000000000008FFFFFFF300000000000000003B
:10BD100000008FFFFFFF3000000000000000000067
:10BD200008FFFFFFF3000000000000000000008F8C
:10BD3000FFFFFF3000000000000000000008FFFFD0
:10BD4000FFF3000000000000000000008FFFFFFF75
:10BD50003000000000000000000008FFFFFFF300BB
:10BD6000000000000000001000000005CFFFA1004F
:10BD7000007FFFFFFE3003FFFFFFFFD00AFFFFFF42
:10BD8000FFF50DFFFFFFFFF70CFFFFFFFFF609FFB9
:10BD9000FFFFFFF202FFFFFFFFB0003FFFFFFF309A
:10BDA000002FFFFFFA00008FFFFFF20000DFFFFF10
:10BDB000800003FFFFFE000008FFFFF600000DFFFC
:10BDC000FFC000002888888888888888888854FF71
:10BDD000FFFFFFFFFFFFFFFFFB4FFFFFFFFFFFFF27
:10BDE000FFFFFFB4FFFFFFFFFFFFFFFFFFFB4FFF62
:10BDF000FFFFFFFFFFFFFFFFB4FFFFFFFFFFFFFF9E
:10BE0000FFFFFB4FFFFFFFFFFFFFFFFFFFB4FFFF41
:10BE1000FFFFFFFFFFFFFFFB003BEEB40006FFFF4D
:10BE2000FF803FFFFFFFF4AFFFFFFFFBDFFFFFFFE0
:10BE3000FEDFFFFFFFFFAFFFFFFFFC3FFFFFFFF550
:10BE400007FFFFFF90004BFFC5000000000000004F
:10BE5000000000000004FFFFFFFB000000000000E6
:10BE600000000000000BFFFFFFF3000000000000D7
:10BE700000000000002FFFFFFFC0000000000000D6
:10BE800000000000009FFFFFFF50000000000000C6
:10BE90000000000001FFFFFFFD00000000000000A7
:10BEA0000000000008FFFFFFF60000000000000097
:10BEB000000000000EFFFFFFE00000000000000097
:10BEC000000000006FFFFFFF800000000000000086
:10BED00000000000DFFFFFFF100000000000000076
:10BEE00000000005FFFFFFFA000000000000000056
:10BEF0000000000CFFFFFFF2000000000000000047
:10BF00000000003FFFFFFFB0000000000000000045
:10BF1000000000AFFFFFFF40000000000000000035
:10BF2000000002FFFFFFFD00000000000000000015
:10BF3000000009FFFFFFF500000000000000000006
:10BF400000001FFFFFFFE0000000000000000000F5
:10BF500000007FFFFFFF70000000000000000000F5
:10BF60000000EFFFFFFF00000000000000000000E5
:10BF70000006FFFFFFF800000000000000000000C6
:10BF8000000DFFFFFFF100000000000000000000B6
:10BF9000004FFFFFFFA000000000000000000000B5
:10BFA00000BFFFFFFF3000000000000000000000A5
:10BFB00002FFFFFFFB000000000000000000000087
:10BFC0000AFFFFFFF4000000000000000000000076
:10BFD0001FFFFFFFD0000000000000000000000075
:10BFE0008FFFFFFF60000000000000000000000065
:10BFF000EFFFFFFE00000000000000000000000650
:10C00000FFFFFFF700000000000000000000000D2F
:10C01000FFFFFFF100000000000000000000005FD3
:10C02000FFFFFF900000000000000000000000CFB4
:10C03000FFFFFF200000000000000000000003FFE1
:10C04000FFFFFA00000000000000000000000BFFEE
:10C05000FFFFF300000000000000000000002FFFC1
:10C06000FFFFC000000000000000000000009FFF74
:10C07000FFFF500000000000000000000001FFFF73
:10C08000FFFD000000000000000000000007FFFFAF
:10C09000FFF600000000000000000000000EFFFF9F
:10C0A000FFE000000000000000000000006FFFFF44
:10C0B000FF800000000000000000000000DFFFFF24
:10C0C000FF100000000000000000000004FFFFFF60
:10C0D000F900000000000000000000000CFFFFFF5E
:10C0E000F200000000000000000000003FFFFFFF22
:10C0F000B00000000000000000000000AFFFFFFFE4
:10C10000300000000000000000000001FFFFFFFC05
:10C11000000000000000000000000008FFFFFFF525
:10C1200000000000000000000000000FFFFFFFE023
:10C1300000000000000000000000007FFFFFFF7013
:10C140000000000000000000000000EFFFFFFF0003
:10C150000000000000000000000005FFFFFFF800E5
:10C16000000000000000000000000CFFFFFFF100D5
:10C17000000000000000000000004FFFFFFFA000D3
:10C180000000000000000000000000000000001699
:10C19000ACEFFFDB8400000000000000000003BFE4
:10C1A000FFFFFFFFFFFE810000000000000009FF0D
:10C1B000FFFFFFFFFFFFFFE50000000000001DFF85
:10C1C000FFFFFFFFFFFFFFFFF800000000001DFF63
:10C1D000FFFFFFFFFFFFFFFFFFF8000000000BFF66
:10C1E000FFFFFFFFFFFFFFFFFFFFF500000005FF60
:10C1F000FFFFFFFFFFFFFFFFFFFFFFE1000000EF7A
:10C20000FFFFFFFFE9657BFFFFFFFFFF9000008F4F
:10C21000FFFFFFFF90000002DFFFFFFFFF20000E87
:10C22000FFFFFFFF8000000001DFFFFFFFF80004B9
:10C23000FFFFFFFFD00000000003FFFFFFFFE00053
:10C24000AFFFFFFFF500000000000BFFFFFFFF4006
:10C250000EFFFFFFFE0000000000004FFFFFFFF990
:10C2600001FFFFFFFF90000000000000FFFFFFFF45
:10C27000C04FFFFFFFF50000000000000BFFFFFFB5
:10C28000FF08FFFFFFFF100000000000007FFFFF1E
:10C29000FFF2AFFFFFFFF000000000000005FFFF0E
:10C2A000FFFF4BFFFFFFFD000000000000003FFF0D
:10C2B000FFFFF5BFFFFFFFC000000000000002FF0E
:10C2C000FFFFFF6CFFFFFFFB000000000000001FEE
:10C2D000FFFFFFF7DFFFFFFFB000000000000001DD
:10C2E000FFFFFFFF7CFFFFFFFB00000000000000DE
:10C2F0001FFFFFFFF7BFFFFFFFC0000000000000AF
:10C3000002FFFFFFFF6BFFFFFFFD000000000000CA
:10C31000003FFFFFFFF5AFFFFFFFF0000000000050
:10C320000005FFFFFFFF48FFFFFFFF1000000000B8
:10C3300000007FFFFFFFF24FFFFFFFF5000000004E
:10C3400000000AFFFFFFFF01FFFFFFFF900000005A
:10C35000000000EFFFFFFFC00EFFFFFFFD00000029
:10C360000000004FFFFFFFF900AFFFFFFFF40000E8
:10C370000000000AFFFFFFFF4004FFFFFFFFC000B7
:10C3800000000003FFFFFFFFE0000EFFFFFFFF7054
:10C3900000000000DFFFFFFFF800008FFFFFFFFF3E
:10C3A00080000001CFFFFFFFFF200000EFFFFFFF35
:10C3B000FFE8546AFFFFFFFFFF90000005FFFFFF4B
:10C3C000FFFFFFFFFFFFFFFFFFE10000000BFFFF8C
:10C3D000FFFFFFFFFFFFFFFFFFF6000000001DFF54
:10C3E000FFFFFFFFFFFFFFFFFFF900000000001D40
:10C3F000FFFFFFFFFFFFFFFFFFF90000000000004D
:10C400000AFFFFFFFFFFFFFFFFF500000000000035
:10C410000003BFFFFFFFFFFFFE81000000000000E0
:10C4200000000016ACEFFFEB8400000000000028C5
:10C430008888888888888854FFFFFFFFFFFFFFF9FE
:10C440004FFFFFFFFFFFFFFF94FFFFFFFFFFFFFF17
:10C45000F94FFFFFFFFFFFFFFF94FFFFFFFFFFFF0D
:10C46000FFF94FFFFFFFFFFFFFFF94FFFFFFFFFFFD
:10C47000FFFFF900000000DFFFFFFF900000000D4C
:10C48000FFFFFFF900000000DFFFFFFF900000004A
:10C490000DFFFFFFF900000000DFFFFFFF9000002D
:10C4A000000DFFFFFFF900000000DFFFFFFF90001D
:10C4B00000000DFFFFFFF900000000DFFFFFFF900D
:10C4C0000000000DFFFFFFF900000000DFFFFFFF8D
:10C4D000900000000DFFFFFFF900000000DFFFFFEC
:10C4E000FF900000000DFFFFFFF900000000DFFFDC
:10C4F000FFFF900000000DFFFFFFF900000000DFCC
:10C50000FFFFFF900000000DFFFFFFF9000000009B
:10C51000DFFFFFFF900000000DFFFFFFF9000000AC
:10C5200000DFFFFFFF900000000DFFFFFFF900009C
:10C530000000DFFFFFFF900000000DFFFFFFF9008C
:10C54000000000DFFFFFFF900000000DFFFFFFF97C
:10C5500000000000DFFFFFFF900000000DFFFFFF65
:10C56000F900000000DFFFFFFF900000000DFFFF5B
:10C57000FFF900000000DFFFFFFF900000000DFF4B
:10C58000FFFFF9000000000014689875100000001B
:10C59000000000000006CFFFFFFFFFD600000000F4
:10C5A0000000004DFFFFFFFFFFFFFE400000000006
:10C5B000008FFFFFFFFFFFFFFFFF9000000000AFB5
:10C5C000FFFFFFFFFFFFFFFFFF90000000AFFFFF37
:10C5D000FFFFFFFFFFFFFFFF8000008FFFFFFFFF58
:10C5E000FFFFFFFFFFFFFF20004FFFFFFFFFFFFFE9
:10C5F000FFFFFFFFFFFA001EFFFFFFFFFE72016E4D
:10C60000FFFFFFFFF001BFFFFFFFFB1000001EFF59
:10C61000FFFFFF50004DFFFFFB000000005FFFFF2A
:10C62000FFF7000007FFFD0000000000FFFFFFFF15
:10C6300090000002BF20000000000DFFFFFFFA0085
:10C64000000000200000000000EFFFFFFFA000003E
:10C65000000000000000002FFFFFFFF800000000B6
:10C66000000000000009FFFFFFFF40000000000085
:10C6700000000002FFFFFFFFF000000000000000CC
:10C680000000CFFFFFFFF9000000000000000000E5
:10C69000AFFFFFFFFF1000000000000000007FFF61
:10C6A000FFFFFF7000000000000000006FFFFFFFB1
:10C6B000FFC000000000000000005FFFFFFFFFE17F
:10C6C00000000000000000004FFFFFFFFFF300002C
:10C6D0000000000000004FFFFFFFFFF60000000019
:10C6E000000000003FFFFFFFFFF700000000000018
:10C6F00000003FFFFFFFFFF9000000000000000006
:10C700003EFFFFFFFFF900000000000000002EFFC9
:10C71000FFFFFFFA00000000000000002EFFFFFFF7
:10C72000FFFB00000000000000002EFFFFFFFFFBEA
:10C7300000000000000000001DFFFFFFFFFC0000E4
:10C740000000000000001DFFFFFFFFFD10000000C3
:10C75000000000001DFFFFFFFFFD100000000000B3
:10C7600000000CFFFFFFFFFFFFFFFFFFFFFFFFFCCD
:10C770000AFFFFFFFFFFFFFFFFFFFFFFFFFFD0CF1D
:10C78000FFFFFFFFFFFFFFFFFFFFFFFFFD0CFFFFAE
:10C79000FFFFFFFFFFFFFFFFFFFFFFD0CFFFFFFF08
:10C7A000FFFFFFFFFFFFFFFFFFFD0CFFFFFFFFFF8E
:10C7B000FFFFFFFFFFFFFFFFD0CFFFFFFFFFFFFFE8
:10C7C000FFFFFFFFFFFFFD0CFFFFFFFFFFFFFFFF6E
:10C7D000FFFFFFFFFFD000CFFFFFFFFFFFFFFFFFC7
:10C7E000FFFFFF20000CFFFFFFFFFFFFFFFFFFFF2A
:10C7F000FFF20000CFFFFFFFFFFFFFFFFFFFFFFF84
:10C8000020000CFFFFFFFFFFFFFFFFFFFFFFF20015
:10C8100000CFFFFFFFFFFFFFFFFFFFFFFF20000C28
:10C82000FFFFFFFFFFFFFFFFFFFFFFF20000CFFF53
:10C83000FFFFFFFFFFFFFFFFFFFC00000688888867
:10C8400088888DFFFFFFFFFE100000000000000041
:10C8500005FFFFFFFFFF200000000000000003FFB6
:10C86000FFFFFFFF400000000000000001EFFFFF9E
:10C87000FFFF500000000000000000DFFFFFFFFF8F
:10C88000700000000000000000BFFFFFFFFFA000DD
:10C89000000000000000008FFFFFFFFFB00000005D
:10C8A00000000000006FFFFFFFFFD000000000004D
:10C8B0000000004FFFFFFFFFFA51000000000000E2
:10C8C000000EFFFFFFFFFFFFF92000000000000047
:10C8D000FFFFFFFFFFFFFFFF7000000000000FFFE2
:10C8E000FFFFFFFFFFFFFF900000000000FFFFFFC2
:10C8F000FFFFFFFFFFFF80000000000FFFFFFFFFB3
:10C90000FFFFFFFFFF3000000000FFFFFEFFFFFF03
:10C91000FFFFFFFC000000000C84100015BFFFFFAC
:10C92000FFFFF30000000000000000004FFFFFFFCA
:10C93000FF800000000000000000004FFFFFFFFC30
:10C9400000000000000000000000CFFFFFFFE0003B
:10C95000000000000000000008FFFFFFFF000000D3
:10C96000000000000000007FFFFFFFF00005100046
:10C97000000000000009FFFFFFFE0000EF60000064
:10C9800000000000EFFFFFFFC0008FFFD500000098
:10C990000000AFFFFFFFF8001FFFFFFD7200000463
:10C9A000CFFFFFFFFF3008FFFFFFFFFEDBCEFFFFE3
:10C9B000FFFFFFD001FFFFFFFFFFFFFFFFFFFFFFB4
:10C9C000FFF5008FFFFFFFFFFFFFFFFFFFFFFFFAF5
:10C9D000000AFFFFFFFFFFFFFFFFFFFFFFFC00005C
:10C9E00005EFFFFFFFFFFFFFFFFFFFFB0000000061
:10C9F0007EFFFFFFFFFFFFFFFFF6000000000006C5
:10CA0000CFFFFFFFFFFFFE810000000000000016C7
:10CA10009CEFFEDB7400000000000000000000003E
:10CA2000018888888882000000000000000000AFB4
:10CA3000FFFFFFFD0000000000000000003FFFFFBF
:10CA4000FFFF4000000000000000000DFFFFFFFF9F
:10CA5000B0000000000000000006FFFFFFFFF20032
:10CA60000000000000000001EFFFFFFFF8000000E1
:10CA70000000000000009FFFFFFFFE00000000001C
:10CA8000000000003FFFFFFFFF500000000000001B
:10CA900000000CFFFFFFFFC00000000000000000CE
:10CAA00006FFFFFFFFF2000000000000000001EFA2
:10CAB000FFFFFFF90000000000000000009FFFFFE3
:10CAC000FFFE1000000000000000003FFFFFFFFF1E
:10CAD0006000000000000000000CFFFFFFFFC0002E
:10CAE0000000000000000006FFFFFFFFF300000051
:10CAF000000000000001EFFFFFFFFA00000000004F
:10CB0000000000009FFFFFFFFF14FFFFFFFF20005A
:10CB100000002FFFFFFFFF704FFFFFFFF20000003C
:10CB20000CFFFFFFFFD004FFFFFFFF20000005FF09
:10CB3000FFFFFFF4004FFFFFFFF2000000EFFFFFD9
:10CB4000FFFA0004FFFFFFFF2000008FFFFFFFFF41
:10CB500010004FFFFFFFF200002FFFFFFFFF7000EC
:10CB600004FFFFFFFF20000BFFFFFFFFFFFFFFFFA2
:10CB7000FFFFFFFFFFF9FFFFFFFFFFFFFFFFFFFFCB
:10CB8000FFFFFFFF9FFFFFFFFFFFFFFFFFFFFFFF15
:10CB9000FFFFF9FFFFFFFFFFFFFFFFFFFFFFFFFFAB
:10CBA000FF9FFFFFFFFFFFFFFFFFFFFFFFFFFFF9FB
:10CBB000FFFFFFFFFFFFFFFFFFFFFFFFFFFF9FFFE5
:10CBC000FFFFFFFFFFFFFFFFFFFFFFFFF9AAAAAA7A
:10CBD000AAAAAAAAABFFFFFFFFBAAA600000000042
:10CBE0000000004FFFFFFFF2000000000000000007
:10CBF0000004FFFFFFFF2000000000000000000015
:10CC00004FFFFFFFF200000000000000000004FFE3
:10CC1000FFFFFF200000000000000000004FFFFFAA
:10CC2000FFF200000000000000000004FFFFFFFF13
:10CC3000200000000000000000004FFFFFFFF20096
:10CC4000000000000000000004FFFFFFFF200000C4
:10CC5000000000000000004FFFFFFFF20000004F47
:10CC6000FFFFFFFFFFFFFFFFFFFFFF500004FFFF7D
:10CC7000FFFFFFFFFFFFFFFFFFF500004FFFFFFF7C
:10CC8000FFFFFFFFFFFFFFFF500004FFFFFFFFFF5D
:10CC9000FFFFFFFFFFFFF500004FFFFFFFFFFFFF5C
:10CCA000FFFFFFFFFF500004FFFFFFFFFFFFFFFF3D
:10CCB000FFFFFFF500004FFFFFFFFFFFFFFFFFFF3C
:10CCC000FFFF500004FFFFFFFFAAAAAAAAAAAAAA70
:10CCD000A300004FFFFFFFE0000000000000000085
:10CCE0000004FFFFFFFE0000000000000000000045
:10CCF0004FFFFFFFE000000000000000000004FF05
:10CD0000FFFFFE000000000000000000004FFFFFDA
:10CD1000FFE000000000000000000004FFFFFFFE35
:10CD2000024543200000000000004FFFFFFFFFFF0F
:10CD3000FFFFEA500000000004FFFFFFFFFFFFFFBE
:10CD4000FFFFD5000000004FFFFFFFFFFFFFFFFFC9
:10CD5000FFFA10000004FFFFFFFFFFFFFFFFFFFFD0
:10CD6000FD2000004FFFFFFFFFFFFFFFFFFFFFFE63
:10CD7000100001EFFFFFFFFFFFFFFFFFFFFFFB00C2
:10CD80000002EFFFFFFFFFFFFFFFFFFFFFF50000C7
:10CD900003FFFFB6310149FFFFFFFFFFC0000004A2
:10CDA000F92000000002CFFFFFFFFF20000000007D
:10CDB0000000000001EFFFFFFFF600000000000090
:10CDC00000000006FFFFFFFF8000000000000000E1
:10CDD00000002FFFFFFFFA0000000000000000002D
:10CDE00001FFFFFFFFA00000200000000000002F57
:10CDF000FFFFFFFA00005F50000000000005FFFF8A
:10CE0000FFFF80001EFF900000000000CFFFFFFF2B
:10CE1000F5000BFFFFE600000000AFFFFFFFFF1073
:10CE200007FFFFFFFD730026DFFFFFFFFFB002FFDC
:10CE3000FFFFFFFFFFFFFFFFFFFFFFF400DFFFFF2C
:10CE4000FFFFFFFFFFFFFFFFFFFB000CFFFFFFFFE8
:10CE5000FFFFFFFFFFFFFFFE10000BFFFFFFFFFFC5
:10CE6000FFFFFFFFFFFE30000009FFFFFFFFFFFF96
:10CE7000FFFFFFFD2000000004DFFFFFFFFFFFFFBB
:10CE8000FFFA0000000000006DFFFFFFFFFFFFA39F
:10CE900000000000000000027ADEFFECA510000098
:10CEA00000000000000000059CEFFEDA61000000B9
:10CEB000000000000018EFFFFFFFFFFFC6000000AA
:10CEC00000000005EFFFFFFFFFFFFFFFE500000090
:10CED00000009FFFFFFFFFFFFFFFFFFFA00000001C
:10CEE0000AFFFFFFFFFFFFFFFFFFFFFD0000008FB6
:10CEF000FFFFFFFFFFFFFFFFFFFFF9000004FFFF41
:10CF0000FFFFFFFFFFFFFFFFFFE100000EFFFFFF3E
:10CF1000FFFFEBAADFFFFFFF4000007FFFFFFFFFE7
:10CF2000D40000028FFFFA000000EFFFFFFFFB00BC
:10CF3000000000019FE1000004FFFFFFFFD00000A0
:10CF40000000000650000009FFFFFFFF4000000046
:10CF50000000000000000EFFFFFFFD0000000000C9
:10CF600000000000002FFFFFFFF70000000000009E
:10CF7000000000005FFFFFFFF20001467642000064
:10CF80000000007FFFFFFFF017DFFFFFFFD810005A
:10CF900000009FFFFFFFD8FFFFFFFFFFFFF800002B
:10CFA00000BFFFFFFFFFFFFFFFFFFFFFFFC100000C
:10CFB000CFFFFFFFFFFFFFFFFFFFFFFFFD1000DFC1
:10CFC000FFFFFFFFFFFFFFFFFFFFFFFFB000DFFFDF
:10CFD000FFFFFFFFFFFFFFFFFFFFFFF700DFFFFF88
:10CFE000FFFFFFFFFFFFFFFFFFFFFE00CFFFFFFF81
:10CFF000FFFFC51014BFFFFFFFFF60BFFFFFFFFF74
:10D00000F600000007FFFFFFFFB0AFFFFFFFFF705C
:10D0100000000000AFFFFFFFF08FFFFFFFFE0000EA
:10D020000000002FFFFFFFF26FFFFFFFFA0000007C
:10D0300000000DFFFFFFF33FFFFFFFF900000000BE
:10D04000000BFFFFFFF40FFFFFFFFA0000000000DE
:10D050000CFFFFFFF30BFFFFFFFD00000000000EC1
:10D06000FFFFFFF206FFFFFFFF40000000004FFF41
:10D07000FFFFF001FFFFFFFFE100000001DFFFFF06
:10D08000FFC000AFFFFFFFFD3000003DFFFFFFFFCF
:10D0900080002FFFFFFFFFFB878CFFFFFFFFFF20BC
:10D0A000000AFFFFFFFFFFFFFFFFFFFFFFF9000088
:10D0B00002FFFFFFFFFFFFFFFFFFFFFFE100000098
:10D0C0005FFFFFFFFFFFFFFFFFFFFF3000000006D5
:10D0D000FFFFFFFFFFFFFFFFFFE400000000004E27
:10D0E000FFFFFFFFFFFFFFFC100000000000008EAD
:10D0F000FFFFFFFFFFFC50000000000000000049A0
:10D10000CEFFEDB7300000000039999999999999AF
:10D110009999999999999986FFFFFFFFFFFFFFFF62
:10D12000FFFFFFFFFFFE6FFFFFFFFFFFFFFFFFFFA0
:10D13000FFFFFFFFE6FFFFFFFFFFFFFFFFFFFFFF18
:10D14000FFFFFE6FFFFFFFFFFFFFFFFFFFFFFFFF80
:10D15000FFE6FFFFFFFFFFFFFFFFFFFFFFFFFFFEF9
:10D160006FFFFFFFFFFFFFFFFFFFFFFFFFFFE6FF78
:10D17000FFFFFFFFFFFFFFFFFFFFFFFFFB6FFFFF53
:10D18000FFD0000000009FFFFFFFFF36FFFFFFFD05
:10D19000000000001FFFFFFFFFB06FFFFFFFD00088
:10D1A000000008FFFFFFFFF406FFFFFFFD00000087
:10D1B00000FFFFFFFFFC006FFFFFFFD00000007FBC
:10D1C000FFFFFFFF4000111111110000000EFFFFD3
:10D1D000FFFFD0000000000000000006FFFFFFFF7F
:10D1E000F5000000000000000000DFFFFFFFFD0071
:10D1F00000000000000000005FFFFFFFFF60000074
:10D200000000000000000DFFFFFFFFE00000000035
:10D210000000000004FFFFFFFFF600000000000018
:10D22000000000CFFFFFFFFE000000000000000034
:10D23000003FFFFFFFFF7000000000000000000B38
:10D24000FFFFFFFFE0000000000000000003FFFF01
:10D25000FFFFF7000000000000000000AFFFFFFF2D
:10D26000FF1000000000000000002FFFFFFFFF8004
:10D27000000000000000000009FFFFFFFFF10000B8
:10D2800000000000000001FFFFFFFFF800000000A9
:10D2900000000000008FFFFFFFFF100000000000F3
:10D2A0000000001FFFFFFFFF9000000000000000D3
:10D2B0000007FFFFFFFFF200000000000000000079
:10D2C000EFFFFFFFFA0000000000000000007FFFFA
:10D2D000FFFFFF2000000000000000000EFFFFFF26
:10D2E000FFA0000000000000000006FFFFFFFFF3AA
:10D2F000000000000000000000DFFFFFFFFB000057
:10D30000000000000000005FFFFFFFFF3000000092
:10D3100000000000000CFFFFFFFFB0000000000055
:10D3200000000004FFFFFFFFF40000000000000009
:10D330000000BFFFFFFFFC00000000000000000035
:10D340003FFFFFFFFF400000000000000000000062
:10D3500000026ADEFFEDA6200000000000000005CC
:10D36000BFFFFFFFFFFFFB40000000000001BFFF09
:10D37000FFFFFFFFFFFFFA10000000003EFFFFFF6E
:10D38000FFFFFFFFFFFFE200000003FFFFFFFFFFC3
:10D39000FFFFFFFFFFFE2000000EFFFFFFFFFFFF6C
:10D3A000FFFFFFFFFFD000009FFFFFFFFFFFEEFF2B
:10D3B000FFFFFFFFF70000FFFFFFFFFE610016EF1A
:10D3C000FFFFFFFE0005FFFFFFFFD10000002EFF63
:10D3D000FFFFFF3007FFFFFFFF3000000003FFFFEC
:10D3E000FFFF6009FFFFFFFC0000000000DFFFFF00
:10D3F000FF7008FFFFFFFA0000000000BFFFFFFF03
:10D400007007FFFFFFFC0000000000DFFFFFFF5080
:10D4100003FFFFFFFF2000000003FFFFFFFF1000DE
:10D42000EFFFFFFFD10000001DFFFFFFFC00006FBA
:10D43000FFFFFFFE500006EFFFFFFFF500000CFFAF
:10D44000FFFFFFFFDDFFFFFFFFFFC0000001EFFF59
:10D45000FFFFFFFFFFFFFFFFFD100000005FFFFF6A
:10D46000FFFFFFFFFFFFFFF400000003FFFFFFFFD0
:10D47000FFFFFFFFFFFFFE3000002FFFFFFFFFFF5A
:10D48000FFFFFFFFFFFFE20000DFFFFFFFFFFFFFE7
:10D49000FFFFFFFFFFFD0008FFFFFFFFFFFFFFFF94
:10D4A000FFFFFFFFFF700FFFFFFFFFFD620027DFA1
:10D4B000FFFFFFFFE05FFFFFFFFF8000000009FFAD
:10D4C000FFFFFFF4AFFFFFFFF90000000000AFFF18
:10D4D000FFFFF9CFFFFFFFF100000000002FFFFF6B
:10D4E000FFFCEFFFFFFFD000000000000EFFFFFF7A
:10D4F000FDFFFFFFFFC000000000000DFFFFFFFE6B
:10D50000EFFFFFFFE000000000000FFFFFFFFDCF77
:10D51000FFFFFFF300000000004FFFFFFFFC9FFF35
:10D52000FFFFFD1000000001DFFFFFFFF84FFFFFCE
:10D53000FFFFD40000004EFFFFFFFFF30DFFFFFFD2
:10D54000FFFFD8668DFFFFFFFFFFD005FFFFFFFF46
:10D55000FFFFFFFFFFFFFFFFFF4000AFFFFFFFFFE9
:10D56000FFFFFFFFFFFFFFF900000BFFFFFFFFFFC3
:10D57000FFFFFFFFFFFFB0000000AFFFFFFFFFFF57
:10D58000FFFFFFFFF90000000005EFFFFFFFFFFFB7
:10D59000FFFFFE40000000000017EFFFFFFFFFFF4E
:10D5A000FD7000000000000000037BDEFFEDB730DF
:10D5B0000000000000000000026ADEFFEC95100091
:10D5C000000000000000003BFFFFFFFFFFFF910095
:10D5D0000000000000009FFFFFFFFFFFFFFFF600BD
:10D5E0000000000001CFFFFFFFFFFFFFFFFFF9007A
:10D5F00000000001DFFFFFFFFFFFFFFFFFFFF9005B
:10D60000000000BFFFFFFFFFFFFFFFFFFFFFF50070
:10D6100000005FFFFFFFFFFFFFFFFFFFFFFFE000D6
:10D62000000EFFFFFFFFFD977BFFFFFFFFFF700076
:10D6300004FFFFFFFFF6000002CFFFFFFFFE000028
:10D640009FFFFFFFF400000000CFFFFFFFF5000D7C
:10D65000FFFFFFFA0000000002FFFFFFFFA000FF36
:10D66000FFFFFF40000000000AFFFFFFFF000FFF69
:10D67000FFFFF200000000006FFFFFFFF401FFFF5B
:10D68000FFFF100000000005FFFFFFFF700FFFFF0E
:10D69000FFF300000000006FFFFFFFF900EFFFFF46
:10D6A000FF80000000000BFFFFFFFFC00CFFFFFF2B
:10D6B000FE1000000003FFFFFFFFFE007FFFFFFFE3
:10D6C000FB00000003EFFFFFFFFFF003FFFFFFFF82
:10D6D000FD610149FFFFFFFFFFFF000CFFFFFFFFA0
:10D6E000FFFFFFFFFFFFFFFFFFF0003FFFFFFFFF18
:10D6F000FFFFFFFFFFFFFFFFFF10009FFFFFFFFF88
:10D70000FFFFFFFFFFFFFFFFF00000BFFFFFFFFF76
:10D71000FFFFFFFFFFFFFFFF000000AFFFFFFFFF66
:10D72000FFFFFFFFFFFFFFF00000006EFFFFFFFFA6
:10D73000FFFFABFFFFFFFD0000000008DFFFFFFF62
:10D74000F930CFFFFFFFB000000000002568763001
:10D75000000FFFFFFFF800000000000000000000C5
:10D7600003FFFFFFFF50000000000000000000006A
:10D770009FFFFFFFF1000000000000000000001FFD
:10D78000FFFFFFFD000000009100000000000BFF04
:10D79000FFFFFF700000009FD40000000008FFFFA3
:10D7A000FFFFF20000004FFFFB4000003BFFFFFFC8
:10D7B000FFFA0000001EFFFFFFEB9BDFFFFFFFFFF4
:10D7C000FF2000000AFFFFFFFFFFFFFFFFFFFFFF3B
:10D7D00080000005FFFFFFFFFFFFFFFFFFFFFFC00F
:10D7E000000000AFFFFFFFFFFFFFFFFFFFFFD100C3
:10D7F0000000008FFFFFFFFFFFFFFFFFFFC10000E2
:10D800000000003DFFFFFFFFFFFFFFFF8000000063
:10D8100000000005BFFFFFFFFFFFFA20000000002F
:10D8200000000000159CEFFECA610000000000002F
:10D830000007DFE920000CFFFFFE3009FFFFFFFEBD
:10D8400000FFFFFFFFF53FFFFFFFFF83FFFFFFFF2D
:10D85000F90FFFFFFFFF609FFFFFFFE000CFFFFF1B
:10D86000F300007DFEA200000000000000000000A8
:10D8700000000000000000000000000000000000A8
:10D88000000000007CFE910000CFFFFFE3009FFF3F
:10D89000FFFFE00FFFFFFFFF53FFFFFFFFF83FFF1A
:10D8A000FFFFFF90FFFFFFFFF609FFFFFFFE000CE9
:10D8B000FFFFFF300007DFEA20000007DFEA20005B
:10D8C00000CFFFFFF30009FFFFFFFE000FFFFFFF88
:10D8D000FF603FFFFFFFFF903FFFFFFFFF900FFF45
:10D8E000FFFFFF6009FFFFFFFE0000CFFFFFF30017
:10D8F0000007DFEA20000000000000000000000038
:10D900000000000000000000000000000000000017
:10D91000022000000019FFFE800001DFFFFFFC0075
:10D920000AFFFFFFFF900FFFFFFFFFF03FFFFFFF2A
:10D93000FFF23FFFFFFFFFF00EFFFFFFFFC006FFFC
:10D94000FFFFFF60008FFFFFFD00008FFFFFF5006E
:10D9500000DFFFFFC00003FFFFFF200008FFFFF90B
:10D9600000000EFFFFE000003FFFFF60000000002E
:10D9700000000000000000000000000000000000A7
:10D98000000000000000000004B8000000000000DB
:10D99000000000000004CFF80000000000000000BC
:10D9A000000005DFFFF80000000000000000000696
:10D9B000DFFFFFF8000000000000000007EFFFFF9E
:10D9C000FFF80000000000000017EFFFFFFFFFF866
:10D9D00000000000000018FFFFFFFFFFFFF800003D
:10D9E00000000029FFFFFFFFFFFFFFF8000000001D
:10D9F0002AFFFFFFFFFFFFFFFF910000003AFFFF3C
:10DA0000FFFFFFFFFFFE810000004BFFFFFFFFFF56
:10DA1000FFFFFE700000004CFFFFFFFFFFFFFFFD58
:10DA2000600000004DFFFFFFFFFFFFFFFC50000004
:10DA30000000BFFFFFFFFFFFFFFB400000000000F2
:10DA4000BFFFFFFFFFFFFA20000000000000BFFF44
:10DA5000FFFFFFF92000000000000000BFFFFFFFF4
:10DA6000FE200000000000000000BFFFFFFFFFF8E5
:10DA70001000000000000000BFFFFFFFFFFFF920C3
:10DA8000000000000000BFFFFFFFFFFFFFFA2000C3
:10DA9000000000007FFFFFFFFFFFFFFFFA300000E4
:10DAA0000000019FFFFFFFFFFFFFFFFB30000000B2
:10DAB00000018FFFFFFFFFFFFFFFFC4000000000A1
:10DAC000007EFFFFFFFFFFFFFFFC50000000000093
:10DAD0006EFFFFFFFFFFFFFFFD6000000000006D15
:10DAE000FFFFFFFFFFFFFFF80000000000005DFFE9
:10DAF000FFFFFFFFFFF8000000000000004CFFFFE9
:10DB0000FFFFFFF800000000000000003BFFFFFFE8
:10DB1000FFF80000000000000000003AFFFFFFF8DF
:10DB2000000000000000000000002AFFFFF80000D5
:10DB300000000000000000000029FFF800000000C5
:10DB4000000000000000000018F8000000000000C5
:10DB500000000000000000133FFFFFFFFFFFFFFF7A
:10DB6000FFFFFFFFFFFF13FFFFFFFFFFFFFFFFFFB1
:10DB7000FFFFFFFFF13FFFFFFFFFFFFFFFFFFFFF83
:10DB8000FFFFFF13FFFFFFFFFFFFFFFFFFFFFFFF91
:10DB9000FFF13FFFFFFFFFFFFFFFFFFFFFFFFFFF63
:10DBA00013FFFFFFFFFFFFFFFFFFFFFFFFFFF13F3F
:10DBB000FFFFFFFFFFFFFFFFFFFFFFFFFF10000062
:10DBC0000000000000000000000000000000000055
:10DBD0000000000000000000000000000000000045
:10DBE0000000000000000000000000000000000035
:10DBF0000000000000000000000000000000000025
:10DC00000000000000000000000000000000000014
:10DC10000000000000000000000000000000000004
:10DC20000000003FFFFFFFFFFFFFFFFFFFFFFFFFC1
:10DC3000FF13FFFFFFFFFFFFFFFFFFFFFFFFFFF1EE
:10DC40003FFFFFFFFFFFFFFFFFFFFFFFFFFF13FF90
:10DC5000FFFFFFFFFFFFFFFFFFFFFFFFF13FFFFFA2
:10DC6000FFFFFFFFFFFFFFFFFFFFFF13FFFFFFFFB0
:10DC7000FFFFFFFFFFFFFFFFFFF13FFFFFFFFFFF82
:10DC8000FFFFFFFFFFFFFFFF10000000000000008C
:10DC900000000000000000D910000000000000009B
:10DCA0000000000000DFF92000000000000000007C
:10DCB000000000DFFFFA300000000000000000005C
:10DCC00000DFFFFFFB30000000000000000000DF6D
:10DCD000FFFFFFFC400000000000000000DFFFFF2E
:10DCE000FFFFFC5000000000000000DFFFFFFFFF0F
:10DCF000FFFD60000000000000DFFFFFFFFFFFFFEF
:10DD0000FE6000000000004BFFFFFFFFFFFFFFFE73
:10DD10007000000000003AFFFFFFFFFFFFFFFE81E1
:10DD2000000000000029FFFFFFFFFFFFFFFF910041
:10DD30000000000018FFFFFFFFFFFFFFFF92000041
:10DD400000000017EFFFFFFFFFFFFFFFA100000033
:10DD5000000006DFFFFFFFFFFFFFF50000000000EF
:10DD60000005CFFFFFFFFFFFF500000000000000EF
:10DD700004BFFFFFFFFFF5000000000000000006E9
:10DD8000FFFFFFFFF50000000000000003BFFFFFE2
:10DD9000FFFFF500000000000004CFFFFFFFFFFFC2
:10DDA000F5000000000005CFFFFFFFFFFFFFF500BB
:10DDB00000000005DFFFFFFFFFFFFFFFE3000000A3
:10DDC00006DFFFFFFFFFFFFFFFD600000007EFFFAA
:10DDD000FFFFFFFFFFFFD500000017EFFFFFFFFF72
:10DDE000FFFFFFC500000018FFFFFFFFFFFFFFFF61
:10DDF000B400000000DFFFFFFFFFFFFFFFB30000E4
:10DE0000000000DFFFFFFFFFFFFFA2000000000097
:10DE100000DFFFFFFFFFFF9200000000000000DFB7
:10DE2000FFFFFFFF810000000000000000DFFFFF98
:10DE3000FE81000000000000000000DFFFFE700017
:10DE4000000000000000000000DFFE600000000095
:10DE500000000000000000DD600000000000000085
:10DE60000000000000400000000000000000000072
:10DE700000000000000000059CEFFDB8300000002D
:10DE800000000007EFFFFFFFFFFD50000000000251
:10DE9000DFFFFFFFFFFFFFFA000000003FFFFFFF73
:10DEA000FFFFFFFFFFC0000002EFFFFFFFFFFFFFCC
:10DEB000FFFFFA00000CFFFFFFFFFFFFFFFFFFFF68
:10DEC00040006FFFFFFFFFFFFFFFFFFFFFC000DF0E
:10DED000FFFFFFFFB8AFFFFFFFFFF103FFFFFFFFF3
:10DEE000F50004FFFFFFFFF508FFFFFFFFA00000A4
:10DEF000AFFFFFFFF60CFFFFFFFF3000005FFFFFEB
:10DF0000FFF80EFFFFFFFF0000004FFFFFFFF802CA
:10DF1000222222210000007FFFFFFFF70000000007
:10DF200000000000DFFFFFFFF40000000000000021
:10DF30000AFFFFFFFFD000000000000000AFFFFF5E
:10DF4000FFFF5000000000000009FFFFFFFFFC0082
:10DF50000000000000008FFFFFFFFFE10000000055
:10DF6000000007FFFFFFFFFE200000000000005F31
:10DF7000FFFFFFFFE300000000000001FFFFFFFFC5
:10DF8000FE3000000000000009FFFFFFFFF300006B
:10DF900000000000000DFFFFFFFF40000000000038
:10DFA00000000EFFFFFFFC00000000000000000F5B
:10DFB000FFFFFFF900000000000000000FFFFFFF5F
:10DFC000F800000000000000000FFFFFFFF8000055
:10DFD0000000000000000FFFFFFFF800000000003D
:10DFE0000000000BCCCCCCC60000000000000000FC
:10DFF0000000000000000000000000000000000021
:10E00000000000000000000000000019DFD7000041
:10E010000000000000000002EFFFFFC00000000051
:10E02000000000000DFFFFFFFA00000000000000EC
:10E03000004FFFFFFFFF10000000000000007FFF07
:10E04000FFFFFF40000000000000007FFFFFFFFF18
:10E0500040000000000000004FFFFFFFFF10000025
:10E0600000000000000DFFFFFFFA000000000000AC
:10E07000000003EFFFFFD1000000000000000000DF
:10E0800029EFD800000000000000000000000000A0
:10E09000048ADEFFFECA62000000000000000000EB
:10E0A0000000000000003AFFFFFFFFFFFFFFD81055
:10E0B0000000000000000000000000004CFFFFFF17
:10E0C000FFFFFFFFFFFFF91000000000000000004D
:10E0D00000001AFFFFFFFFFFFFFFFFFFFFFFF6003B
:10E0E000000000000000000003EFFFFFFFFB86447C
:10E0F000457AEFFFFFFFB100000000000000006F55
:10E10000FFFFFFB40000000000039FFFFFFD1000B1
:10E11000000000000007FFFFFFB200000000000049
:10E120000001AFFFFFD10000000000006FFFFFF60D
:10E1300000000000000000000005FFFFFD000000DF
:10E14000000004FFFFFE300000000000000000009F
:10E15000003EFFFFB0000000001EFFFFE2000000D5
:10E16000045752000000000003FFFFF6000000000B
:10E17000BFFFFF3000003AFFFFFFD501CCCCCCA0A1
:10E180005FFFFF10000005FFFFF5000009FFFFFF24
:10E19000FFFFB3FFFFFFD00AFFFFA000000EFFFF4D
:10E1A000A00000CFFFFFFFFFFFFDFFFFFFD001FF3B
:10E1B000FFF200005FFFFF10000CFFFFFFFFFFFFFB
:10E1C000FFFFFFFFD0008FFFF90000CFFFF7000037
:10E1D0007FFFFFFFFFFFFFFFFFFFFFD0002FFFFECE
:10E1E0000002FFFFF10002FFFFFFFFFFFFFFFFFF45
:10E1F000FFFFD0000BFFFF4007FFFFA00009FFFF5C
:10E20000FFFF72016EFFFFFFFFD00007FFFF800BD3
:10E21000FFFF50000FFFFFFFE2000001DFFFFFFFE5
:10E22000D00003FFFFB00EFFFF10004FFFFFFF50B5
:10E230000000003FFFFFFFD00000FFFFE00FFFFEE8
:10E2400000008FFFFFFD000000000BFFFFFFD0006C
:10E2500000DFFFF03FFFFC0000BFFFFFF800000001
:10E260000006FFFFFFD00000BFFFF14FFFFA0000E4
:10E27000CFFFFFF50000000003FFFFFFD00000BF4D
:10E28000FFF24FFFFA0000DFFFFFF4000000000183
:10E29000FFFFFFD00000AFFFF34FFFFA0000DFFFEA
:10E2A000FFF50000000002FFFFFFD00000BFFFF2FB
:10E2B0003FFFFA0000CFFFFFF70000000004FFFF60
:10E2C000FFD00000CFFFF12FFFFC0000BFFFFFFBDE
:10E2D0000000000007FFFFFFD00000EFFFF00FFF7E
:10E2E000FE00007FFFFFFF100000000DFFFFFFD0CA
:10E2F0000001FFFFD00EFFFF10003FFFFFFFA00057
:10E3000000006FFFFFFFD00006FFFFA00AFFFF50D5
:10E31000000DFFFFFFF7000005FFFFFFFFD0000C1F
:10E32000FFFF6006FFFFB00005FFFFFFFFC756BFFE
:10E33000FFFFFFFFF0005FFFFF1001FFFFF1000094
:10E34000CFFFFFFFFFFFFFFFFFFFFFF805FFFFFA13
:10E350000000CFFFF800002EFFFFFFFFFFFFFFFDD3
:10E36000FFFFFFFFFFFFF200005FFFFF200003FF42
:10E37000FFFFFFFFFFFFD1EFFFFFFFFFFF70000078
:10E380000DFFFFC000002EFFFFFFFFFFFD104FFF3E
:10E39000FFFFFFFA00000004FFFFF80000019FFFED
:10E3A000FFFFFFA00004EFFFFFFF8000000000AFB1
:10E3B000FFFF600000017BDFFD9300000018DFFD20
:10E3C0009300000000000DFFFFF6000000000000B9
:10E3D0000000000050000000000000000002EFFFFD
:10E3E000FF9000000000000000000AF300000000A1
:10E3F00000000000003FFFFFFD40000000000000A3
:10E4000003CFFC00000000000000000003EFFFFF4E
:10E41000FC5000000000029FFFFF500000000000C1
:10E42000000000002CFFFFFFFFB8644468DFFFFF1F
:10E43000FFB0000000000000000000008FFFFFFFA1
:10E44000FFFFFFFFFFFFFFFA0000000000000000D9
:10E4500000000002BFFFFFFFFFFFFFFFFFFC4000C7
:10E460000000000000000000000000029EFFFFFF0F
:10E47000FFFFFFFA40000000000000000000000065
:10E480000000000037ACEFFFEB840000000000004C
:10E490000000000000000000000000038888888859
:10E4A000100000000000000000000000000000005C
:10E4B00000CFFFFFFFF80000000000000000000098
:10E4C0000000000000003FFFFFFFFFE00000000031
:10E4D00000000000000000000000000AFFFFFFFF36
:10E4E000FF600000000000000000000000000000CD
:10E4F00001FFFFFFFFFFFC00000000000000000024
:10E500000000000000008FFFFFFFFFFFF30000008E
:10E5100000000000000000000000000EFFFFFFFFF1
:10E52000FFFFA0000000000000000000000000004D
:10E5300005FFFFFFFFFFFFFF1000000000000000CD
:10E54000000000000000CFFFFFFFFFFFFFF800000A
:10E5500000000000000000000000003FFFFFFFFF80
:10E56000FFFFFFE0000000000000000000000000CE
:10E570000AFFFFFFFFFFFFFFFF5000000000000049
:10E58000000000000001FFFFFFFFFFFFFFFFFC0096
:10E5900000000000000000000000008FFFFFFFFEF1
:10E5A000FFFFFFFFF300000000000000000000007C
:10E5B0000EFFFFFFFF7BFFFFFFFFA000000000003A
:10E5C000000000000005FFFFFFFFF14FFFFFFFFF0E
:10E5D0001000000000000000000000CFFFFFFFF966
:10E5E00000DFFFFFFFF80000000000000000000057
:10E5F0003FFFFFFFFF2006FFFFFFFFE000000000DE
:10E6000000000000000AFFFFFFFFB0000FFFFFFF48
:10E61000FF50000000000000000001FFFFFFFFF5B9
:10E6200000009FFFFFFFFC00000000000000000052
:10E630008FFFFFFFFD000002FFFFFFFFF300000060
:10E6400000000000000EFFFFFFFF7000000BFFFF47
:10E65000FFFFA00000000000000005FFFFFFFFF12A
:10E660000000004FFFFFFFFF10000000000000004F
:10E67000CFFFFFFFF900000000DFFFFFFFF8000001
:10E6800000000000003FFFFFFFFF2000000007FF29
:10E69000FFFFFFE00000000000000AFFFFFFFFFF98
:10E6A000FFFFFFFFFFFFFFFFFF5000000000000122
:10E6B000FFFFFFFFFFFFFFFFFFFFFFFFFFFFFC006C
:10E6C00000000000008FFFFFFFFFFFFFFFFFFFFFC5
:10E6D000FFFFFFFFF300000000000EFFFFFFFFFF42
:10E6E000FFFFFFFFFFFFFFFFFFFFA000000000058F
:10E6F000FFFFFFFFFFFFFFFFFFFFFFFFFFFFFFFF2A
:10E700001000000000CFFFFFFFFFFFFFFFFFFFFF34
:10E71000FFFFFFFFFFF8000000003FFFFFFFFFFFCC
:10E72000FFFFFFFFFFFFFFFFFFFFFFE00000000A0A
:10E73000FFFFFFFFECCCCCCCCCCCCCCCCFFFFFFF91
:10E74000FF50000001FFFFFFFFF500000000000088
:10E7500000009FFFFFFFFC0000008FFFFFFFFE0097
:10E760000000000000000002FFFFFFFFF300000EAA
:10E77000FFFFFFFF7000000000000000000BFFFF24
:10E78000FFFFA00005FFFFFFFFF0000000000000FA
:10E790000000004FFFFFFFFF1000CFFFFFFFF8005A
:10E7A000000000000000000000DFFFFFFFF8003F56
:10E7B000FFFFFFFF2000000000000000000006FF38
:10E7C000FFFFFFE00AFFFFFFFFA0000000000000C6
:10E7D000000000000EFFFFFFFF51FFFFFFFFF300EF
:10E7E000000000000000000000008FFFFFFFFC178A
:10E7F00077777777777777775410000000000003FA
:10E80000FFFFFFFFFFFFFFFFFFFFEA5000000000D8
:10E810003FFFFFFFFFFFFFFFFFFFFFFFE6000000DE
:10E8200003FFFFFFFFFFFFFFFFFFFFFFFFFA0000F7
:10E83000003FFFFFFFFFFFFFFFFFFFFFFFFFF900AC
:10E840000003FFFFFFFFFFFFFFFFFFFFFFFFFFF5DD
:10E8500000003FFFFFFFFFFFFFFFFFFFFFFFFFFF86
:10E86000D00003FFFFFFFFFFFFFFFFFFFFFFFFFFE2
:10E87000FF40003FFFFFFFF8000000248EFFFFFF76
:10E88000FFF90003FFFFFFFF80000000001DFFFFF6
:10E89000FFFFC0003FFFFFFFF800000000006FFF18
:10E8A000FFFFFD0003FFFFFFFF800000000003FFEC
:10E8B000FFFFFFC0003FFFFFFFF800000000002F38
:10E8C000FFFFFFFB0003FFFFFFFF800000000005CC
:10E8D000FFFFFFFF70003FFFFFFFF8000000000197
:10E8E000DFFFFFFFF20003FFFFFFFF800000014892
:10E8F000EFFFFFFFF900003FFFFFFFFFFFFFFFFFFC
:10E90000FFFFFFFFFC100003FFFFFFFFFFFFFFFF04
:10E91000FFFFFFFFFB0000003FFFFFFFFFFFFFFFC8
:10E92000FFFFFFFFD600000003FFFFFFFFFFFFFF19
:10E93000FFFFFFFFFD820000003FFFFFFFFFFFFF23
:10E94000FFFFFFFFFFFFF9000003FFFFFFFFFFFFD7
:10E95000FFFFFFFFFFFFFFFD10003FFFFFFFFFFF77
:10E96000FFFFFFFFFFFFFFFFFD1003FFFFFFFF8023
:10E97000000000236BFFFFFFFFFA003FFFFFFFF8DF
:10E98000000000000003FFFFFFFFF203FFFFFFFF97
:10E9900080000000000006FFFFFFFF903FFFFFFF29
:10E9A000F80000000000001FFFFFFFFC03FFFFFF57
:10E9B000FF80000000000000FFFFFFFFF03FFFFFAF
:10E9C000FFF80000000000000FFFFFFFFF03FFFF44
:10E9D000FFFF80000000000003FFFFFFFFF03FFF8C
:10E9E000FFFFF8000000000000BFFFFFFFFE03FF75
:10E9F000FFFFFF800000000002BFFFFFFFFFB03FEE
:10EA0000FFFFFFFC77777789BEFFFFFFFFFFF6036D
:10EA1000FFFFFFFFFFFFFFFFFFFFFFFFFFFFFF10F5
:10EA20003FFFFFFFFFFFFFFFFFFFFFFFFFFFFF8035
:10EA300003FFFFFFFFFFFFFFFFFFFFFFFFFFFFC021
:10EA4000003FFFFFFFFFFFFFFFFFFFFFFFFFFFE1B3
:10EA50000003FFFFFFFFFFFFFFFFFFFFFFFFFFC1FF
:10EA600000003FFFFFFFFFFFFFFFFFFFFFFFFC5026
:10EA7000000003FFFFFFFFFFFFFFFFFFFEC9620073
:10EA800000000000000000000000048BDEFFEDB875
:10EA90004000000000000000000000004AFFFFFFEF
:10EAA000FFFFFFFFA40000000000000000003CFF8B
:10EAB000FFFFFFFFFFFFFFFFC4000000000000009A
:10EAC00009FFFFFFFFFFFFFFFFFFFFFFA0000000A8
:10EAD000000002DFFFFFFFFFFFFFFFFFFFFFFFFE62
:10EAE00020000000003EFFFFFFFFFFFFFFFFFFFFD2
:10EAF000FFFFFFF400000002FFFFFFFFFFFFFFFF2B
:10EB0000FFFFFFFFFFFFFF4000001EFFFFFFFFFFB3
:10EB1000FFFFFFFFFFFFFFFFFFFFE00000CFFFFF52
:10EB2000FFFFFFFFC9878ADFFFFFFFFFFF300007FE
:10EB3000FFFFFFFFFFFE71000000018EFFFFFFF5EA
:10EB400000001FFFFFFFFFFF80000000000001AF7B
:10EB5000FFFF7000009FFFFFFFFFF50000000000B7
:10EB6000000006FFF9000000FFFFFFFFFF5000005C
:10EB70000000000000005FB0000006FFFFFFFFF78D
:10EB8000000000000000000000050000000BFFFF77
:10EB9000FFFFE00000000000000000000000000097
:10EBA0000FFFFFFFFF6000000000000000000000FA
:10EBB0000000002FFFFFFFFF10000000000000001A
:10EBC0000000000000005FFFFFFFFC0000000000ED
:10EBD0000000000000000000006FFFFFFFFA0000CF
:10EBE0000000000000000000000000007FFFFFFFA9
:10EBF000F900000000000000000000000000008F8D
:10EC0000FFFFFFF80000000000000000000000000F
:10EC100000007FFFFFFFF800000000000000000080
:10EC200000000000007FFFFFFFFA0000000000006E
:10EC300000000000000000005FFFFFFFFC0000007C
:10EC400000000000000000000000003FFFFFFFFF89
:10EC500000000000000000000000000000000FFFA6
:10EC6000FFFFFF5000000000000000000000000057
:10EC7000000CFFFFFFFFC0000000000000000000CC
:10EC80000000000007FFFFFFFFF50000000000008C
:10EC90000000000200000002FFFFFFFFFE20000056
:10ECA0000000000000008F30000000BFFFFFFFFFEA
:10ECB000D10000000000000008FFF30000003FFF4B
:10ECC000FFFFFFFE30000000000001BFFFFE30002C
:10ECD000000AFFFFFFFFFFFA20000000018FFFFF87
:10ECE000FFE2000001EFFFFFFFFFFFFC864568CF5A
:10ECF000FFFFFFFFFE2000003FFFFFFFFFFFFFFFC2
:10ED0000FFFFFFFFFFFFFFFFA0000005FFFFFFFF6A
:10ED1000FFFFFFFFFFFFFFFFFFFFFC100000006F82
:10ED2000FFFFFFFFFFFFFFFFFFFFFFFFFFC100002F
:10ED3000000004FFFFFFFFFFFFFFFFFFFFFFFFFAE1
:10ED40000000000000002CFFFFFFFFFFFFFFFFFFA0
:10ED5000FFFF60000000000000005EFFFFFFFFFFFC
:10ED6000FFFFFFFFA10000000000000000005BFFAC
:10ED7000FFFFFFFFFFFF9200000000000000000007
:10ED80000000158BDEFFEDB84000000000002BBB3B
:10ED9000BBBBBBBBBBBBA9863000000000000000B2
:10EDA00003FFFFFFFFFFFFFFFFFFFFFC83000000EB
:10EDB0000000003FFFFFFFFFFFFFFFFFFFFFFFFC23
:10EDC000500000000003FFFFFFFFFFFFFFFFFFFFFA
:10EDD000FFFFFFD3000000003FFFFFFFFFFFFFFF2B
:10EDE000FFFFFFFFFFFFF800000003FFFFFFFFFF33
:10EDF000FFFFFFFFFFFFFFFFFFFA0000003FFFFFE5
:10EE0000FFFFFFFFFFFFFFFFFFFFFFFFFA00000311
:10EE1000FFFFFFFFFFFFFFFFFFFFFFFFFFFFFFF809
:10EE200000003FFFFFFFF8000001236AEFFFFFFF34
:10EE3000FFFFF40003FFFFFFFF8000000000005C05
:10EE4000FFFFFFFFFFD0003FFFFFFFF800000000C3
:10EE5000000008FFFFFFFFFF5003FFFFFFFF8000E0
:10EE6000000000000006FFFFFFFFFD003FFFFFFF67
:10EE7000F80000000000000009FFFFFFFFF203FFA1
:10EE8000FFFFFF80000000000000000EFFFFFFFFFB
:10EE9000703FFFFFFFF800000000000000008FFF40
:10EEA000FFFFFB03FFFFFFFF8000000000000000EA
:10EEB00002FFFFFFFFE03FFFFFFFF8000000000040
:10EEC0000000000EFFFFFFFF13FFFFFFFF800000A9
:10EED000000000000000AFFFFFFFF33FFFFFFFF85F
:10EEE000000000000000000009FFFFFFFF43FFFFDC
:10EEF000FFFF8000000000000000008FFFFFFFF414
:10EF00003FFFFFFFF8000000000000000007FFFFC8
:10EF1000FFFF43FFFFFFFF80000000000000000034
:10EF20009FFFFFFFF43FFFFFFFF80000000000001D
:10EF300000000AFFFFFFFF33FFFFFFFF800000001C
:10EF40000000000000DFFFFFFFF13FFFFFFFF800C0
:10EF5000000000000000001FFFFFFFFE03FFFFFF97
:10EF6000FF800000000000000005FFFFFFFFB03F32
:10EF7000FFFFFFF80000000000000000DFFFFFFFC0
:10EF8000F703FFFFFFFF80000000000000006FFF9D
:10EF9000FFFFFF203FFFFFFFF80000000000000020
:10EFA0003FFFFFFFFFD003FFFFFFFF8000000000D7
:10EFB00000004EFFFFFFFFF6003FFFFFFFF80000DD
:10EFC000000000019FFFFFFFFFFD0003FFFFFFFFA9
:10EFD00080000000026AFFFFFFFFFFFF50003FFFBD
:10EFE000FFFFFEDDDDDDEFFFFFFFFFFFFFFFA00006
:10EFF00003FFFFFFFFFFFFFFFFFFFFFFFFFFFFFF1D
:10F00000C000003FFFFFFFFFFFFFFFFFFFFFFFFF0D
:10F01000FFFFD1000003FFFFFFFFFFFFFFFFFFFF28
:10F02000FFFFFFFFC10000003FFFFFFFFFFFFFFFEB
:10F03000FFFFFFFFFFFF7000000003FFFFFFFFFF68
:10F04000FFFFFFFFFFFFFFF920000000003FFFFF71
:10F05000FFFFFFFFFFFFFFFFFC7100000000000348
:10F06000FFFFFFFFFFFFFFFEDCA7410000000000E5
:10F0700000002EEEEEEEEEEEEEEEEEEEEEEEEEEE4C
:10F08000E03FFFFFFFFFFFFFFFFFFFFFFFFFFFF07E
:10F090003FFFFFFFFFFFFFFFFFFFFFFFFFFFF03F0F
:10F0A000FFFFFFFFFFFFFFFFFFFFFFFFFFF03FFF3F
:10F0B000FFFFFFFFFFFFFFFFFFFFFFFFF03FFFFF2F
:10F0C000FFFFFFFFFFFFFFFFFFFFFFF03FFFFFFF1F
:10F0D000FFFFFFFFFFFFFFFFFFFFF03FFFFFFFFF0F
:10F0E000FFFFFFFFFFFFFFFFFFF03FFFFFFFF80005
:10F0F0000000000000000000003FFFFFFFF80000DC
:10F1000000000000000000003FFFFFFFF8000000CB
:10F11000000000000000003FFFFFFFF800000000BB
:10F120000000000000003FFFFFFFF80000000000AB
:10F1300000000000003FFFFFFFF80000000000009B
:10F14000000000003FFFFFFFF8000000000000008B
:10F150000000003FFFFFFFF800000000000000007B
:10F1600000003FFFFFFFFC888888888888888880A7
:10F17000003FFFFFFFFFFFFFFFFFFFFFFFFFF1006B
:10F180003FFFFFFFFFFFFFFFFFFFFFFFFFF1003F1C
:10F19000FFFFFFFFFFFFFFFFFFFFFFFFF1003FFF4C
:10F1A000FFFFFFFFFFFFFFFFFFFFFFF1003FFFFF3C
:10F1B000FFFFFFFFFFFFFFFFFFFFF1003FFFFFFF2C
:10F1C000FFFFFFFFFFFFFFFFFFF1003FFFFFFFFF1C
:10F1D000FFFFFFFFFFFFFFFFF1003FFFFFFFF80012
:10F1E0000000000000000000003FFFFFFFF80000EB
:10F1F00000000000000000003FFFFFFFF8000000DB
:10F20000000000000000003FFFFFFFF800000000CA
:10F210000000000000003FFFFFFFF80000000000BA
:10F2200000000000003FFFFFFFF8000000000000AA
:10F23000000000003FFFFFFFF8000000000000009A
:10F240000000003FFFFFFFF800000000000000008A
:10F2500000003FFFFFFFFEDDDDDDDDDDDDDDDDDDAF
:10F26000D83FFFFFFFFFFFFFFFFFFFFFFFFFFFFA9A
:10F270003FFFFFFFFFFFFFFFFFFFFFFFFFFFFA3F23
:10F28000FFFFFFFFFFFFFFFFFFFFFFFFFFFA3FFF53
:10F29000FFFFFFFFFFFFFFFFFFFFFFFFFA3FFFFF43
:10F2A000FFFFFFFFFFFFFFFFFFFFFFFA3FFFFFFF33
:10F2B000FFFFFFFFFFFFFFFFFFFFFA3FFFFFFFFF23
:10F2C000FFFFFFFFFFFFFFFFFFFA2CCCCCCCCCCC25
:10F2D000CCCCCCCCCCCCCCC83FFFFFFFFFFFFFFF9A
:10F2E000FFFFFFFFFFFB3FFFFFFFFFFFFFFFFFFFF2
:10F2F000FFFFFFFB3FFFFFFFFFFFFFFFFFFFFFFFE2
:10F30000FFFB3FFFFFFFFFFFFFFFFFFFFFFFFFFBD5
:10F310003FFFFFFFFFFFFFFFFFFFFFFFFFFB3FFF81
:10F32000FFFFFFFFFFFFFFFFFFFFFFFB3FFFFFFFB1
:10F33000FFFFFFFFFFFFFFFFFFFB3FFFFFFFF800A7
:10F3400000000000000000003FFFFFFFF800000089
:10F350000000000000003FFFFFFFF8000000000079
:10F36000000000003FFFFFFFF80000000000000069
:10F3700000003FFFFFFFF800000000000000000059
:10F380003FFFFFFFF80000000000000000003FFF0B
:10F39000FFFFF80000000000000000003FFFFFFF3B
:10F3A000F80000000000000000003FFFFFFFF80031
:10F3B00000000000000000003FFFFFFFFFFFFFFF15
:10F3C000FFFFFFFFFFC03FFFFFFFFFFFFFFFFFFF4C
:10F3D000FFFFFFC03FFFFFFFFFFFFFFFFFFFFFFF3C
:10F3E000FFC03FFFFFFFFFFFFFFFFFFFFFFFFFC06B
:10F3F0003FFFFFFFFFFFFFFFFFFFFFFFFFC03FFFDC
:10F40000FFFFFFFFFFFFFFFFFFFFFFC03FFFFFFF0B
:10F41000FFFFFFFFFFFFFFFFFFC03FFFFFFFFECC2F
:10F42000CCCCCCCCCCCCCC903FFFFFFFF800000084
:10F430000000000000003FFFFFFFF8000000000098
:10F44000000000003FFFFFFFF80000000000000088
:10F4500000003FFFFFFFF800000000000000000078
:10F460003FFFFFFFF80000000000000000003FFF2A
:10F47000FFFFF80000000000000000003FFFFFFF5A
:10F48000F80000000000000000003FFFFFFFF80050
:10F4900000000000000000003FFFFFFFF800000038
:10F4A0000000000000003FFFFFFFF8000000000028
:10F4B000000000003FFFFFFFF80000000000000018
:10F4C00000003FFFFFFFF800000000000000000008
:10F4D0003FFFFFFFF80000000000000000003FFFBA
:10F4E000FFFFF80000000000000000003FFFFFFFEA
:10F4F000F800000000000000000000000000000014
:10F5000000048BDEFFEDB8400000000000000000AA
:10F510000000003AFFFFFFFFFFFFFFB40000000004
:10F5200000000000003CFFFFFFFFFFFFFFFFFFD4D4
:10F530000000000000000008FFFFFFFFFFFFFFFFCB
:10F54000FFFFFFB1000000000001CFFFFFFFFFFF42
:10F55000FFFFFFFFFFFFFE40000000002DFFFFFF49
:10F56000FFFFFFFFFFFFFFFFFFFFF400000001EFC1
:10F57000FFFFFFFFFFFFFFFFFFFFFFFFFFE10000B7
:10F58000000DFFFFFFFFFFFFFFFFFFFFFFFFFFFF7C
:10F5900040000000AFFFFFFFFFFFFD8532458DFFFC
:10F5A000FFFFF900000005FFFFFFFFFFFB30000039
:10F5B00000003BFFFFD00000000EFFFFFFFFFF50E9
:10F5C0000000000000004EFF300000007FFFFFFF42
:10F5D000FFE30000000000000001C800000000EF91
:10F5E000FFFFFFFF400000000000000000000000DF
:10F5F0000004FFFFFFFFF800000000000000000013
:10F600000000000009FFFFFFFFE000000000000015
:10F61000000000000000000DFFFFFFFF7000000071
:10F62000000000000000000000000FFFFFFFFF309F
:10F63000000000000000000000000000003FFFFF8D
:10F64000FFFE0000000000000000000000000000BD
:10F650005FFFFFFFFC000000000000000000000052
:10F660000000006FFFFFFFFA000000000000000034
:10F670000000000000006FFFFFFFF9000000000025
:10F68000000000008AAAAAAAA06FFFFFFFFA0000EC
:10F6900000000000000000CFFFFFFFF05FFFFFFF52
:10F6A000FB000000000000000000CFFFFFFFF03F64
:10F6B000FFFFFFFD000000000000000000CFFFFF83
:10F6C000FFF01FFFFFFFFF10000000000000000020
:10F6D000CFFFFFFFF00EFFFFFFFF50000000000014
:10F6E000000000CFFFFFFFF00AFFFFFFFFC0000098
:10F6F000000000000000CFFFFFFFF005FFFFFFFF4D
:10F70000F40000000000000000CFFFFFFFF000FF4A
:10F71000FFFFFFFE1000000000000000CFFFFFFF12
:10F72000F0009FFFFFFFFFB000000000000000CFCF
:10F73000FFFFFFF0002FFFFFFFFFFC1000000000A5
:10F740000000CFFFFFFFF00008FFFFFFFFFFE50015
:10F750000000000006EFFFFFFFF00000DFFFFFFFEB
:10F76000FFFFD83100136AEFFFFFFFFFF000002F0B
:10F77000FFFFFFFFFFFFFFFFFFFFFFFFFFFFFFF0A8
:10F78000000004FFFFFFFFFFFFFFFFFFFFFFFFFF82
:10F79000FFFFD00000004FFFFFFFFFFFFFFFFFFF55
:10F7A000FFFFFFFFFD1000000003EFFFFFFFFFFF63
:10F7B000FFFFFFFFFFFFFFC100000000001BFFFF76
:10F7C000FFFFFFFFFFFFFFFFFFF80000000000004A
:10F7D000005DFFFFFFFFFFFFFFFFFFFB20000000BA
:10F7E00000000000005BFFFFFFFFFFFFFFE82000BD
:10F7F000000000000000000000159BDFFFFEC96351
:10F8000000000000001AAAAAAAA50000000000003B
:10F810000008AAAAAAA83FFFFFFFF8000000000006
:10F8200000000EFFFFFFFD3FFFFFFFF8000000009C
:10F830000000000EFFFFFFFD3FFFFFFFF80000008C
:10F84000000000000EFFFFFFFD3FFFFFFFF800007C
:10F8500000000000000EFFFFFFFD3FFFFFFFF8006C
:10F860000000000000000EFFFFFFFD3FFFFFFFF85C
:10F87000000000000000000EFFFFFFFD3FFFFFFF44
:10F88000F8000000000000000EFFFFFFFD3FFFFF3B
:10F89000FFF8000000000000000EFFFFFFFD3FFF2B
:10F8A000FFFFF8000000000000000EFFFFFFFD3F1B
:10F8B000FFFFFFF8000000000000000EFFFFFFFD4B
:10F8C0003FFFFFFFF8000000000000000EFFFFFFF9
:10F8D000FD3FFFFFFFF8000000000000000EFFFFEB
:10F8E000FFFD3FFFFFFFF8000000000000000EFFDB
:10F8F000FFFFFD3FFFFFFFF8000000000000000ECB
:10F90000FFFFFFFD3FFFFFFFF800000000000000C9
:10F910000EFFFFFFFD3FFFFFFFF8000000000000AB
:10F92000000EFFFFFFFD3FFFFFFFFFFFFFFFFFFF99
:10F93000FFFFFFFFFFFFFD3FFFFFFFFFFFFFFFFF99
:10F94000FFFFFFFFFFFFFFFD3FFFFFFFFFFFFFFF89
:10F95000FFFFFFFFFFFFFFFFFD3FFFFFFFFFFFFF79
:10F96000FFFFFFFFFFFFFFFFFFFD3FFFFFFFFFFF69
:10F97000FFFFFFFFFFFFFFFFFFFFFD3FFFFFFFFF59
:10F98000FFFFFFFFFFFFFFFFFFFFFFFD3FFFFFFF49
:10F99000FFFFFFFFFFFFFFFFFFFFFFFFFD3FFFFF39
:10F9A000FFFC777777777777777EFFFFFFFD3FFF65
:10F9B000FFFFF8000000000000000EFFFFFFFD3F0A
:10F9C000FFFFFFF8000000000000000EFFFFFFFD3A
:10F9D0003FFFFFFFF8000000000000000EFFFFFFE8
:10F9E000FD3FFFFFFFF8000000000000000EFFFFDA
:10F9F000FFFD3FFFFFFFF8000000000000000EFFCA
:10FA0000FFFFFD3FFFFFFFF8000000000000000EB9
:10FA1000FFFFFFFD3FFFFFFFF800000000000000B8
:10FA20000EFFFFFFFD3FFFFFFFF80000000000009A
:10FA3000000EFFFFFFFD3FFFFFFFF800000000008A
:10FA400000000EFFFFFFFD3FFFFFFFF8000000007A
:10FA50000000000EFFFFFFFD3FFFFFFFF80000006A
:10FA6000000000000EFFFFFFFD3FFFFFFFF800005A
:10FA700000000000000EFFFFFFFD3FFFFFFFF8004A
:10FA80000000000000000EFFFFFFFD3FFFFFFFF83A
:10FA9000000000000000000EFFFFFFFD3FFFFFFF22
:10FAA000F8000000000000000EFFFFFFFD1AAAAAE8
:10FAB000AAA53FFFFFFFF83FFFFFFFF83FFFFFFF53
:10FAC000F83FFFFFFFF83FFFFFFFF83FFFFFFFF8A2
:10FAD0003FFFFFFFF83FFFFFFFF83FFFFFFFF83F4B
:10FAE000FFFFFFF83FFFFFFFF83FFFFFFFF83FFF7B
:10FAF000FFFFF83FFFFFFFF83FFFFFFFF83FFFFF6B
:10FB0000FFF83FFFFFFFF83FFFFFFFF83FFFFFFF5A
:10FB1000F83FFFFFFFF83FFFFFFFF83FFFFFFFF851
:10FB20003FFFFFFFF83FFFFFFFF83FFFFFFFF83FFA
:10FB3000FFFFFFF83FFFFFFFF83FFFFFFFF83FFF2A
:10FB4000FFFFF83FFFFFFFF83FFFFFFFF83FFFFF1A
:10FB5000FFF83FFFFFFFF83FFFFFFFF83FFFFFFF0A
:10FB6000F83FFFFFFFF83FFFFFFFF83FFFFFFFF801
:10FB70003FFFFFFFF800000BFFFFFFFFFFFFFFFF4E
:10FB8000FFFA00000BFFFFFFFFFFFFFFFFFFFA0080
:10FB9000000BFFFFFFFFFFFFFFFFFFFA00000BFF5F
:10FBA000FFFFFFFFFFFFFFFFFA00000BFFFFFFFF5C
:10FBB000FFFFFFFFFFFA00000BFFFFFFFFFFFFFF4C
:10FBC000FFFFFA00000BFFFFFFFFFFFFFFFFFFFA41
:10FBD0000000069999999999AFFFFFFFFA0000007C
:10FBE00000000000002FFFFFFFFA000000000000EF
:10FBF00000002FFFFFFFFA00000000000000002FB0
:10FC0000FFFFFFFA00000000000000002FFFFFFFD1
:10FC1000FA00000000000000002FFFFFFFFA0000C4
:10FC20000000000000002FFFFFFFFA0000000000AE
:10FC30000000002FFFFFFFFA00000000000000009E
:10FC40002FFFFFFFFA00000000000000002FFFFF61
:10FC5000FFFA00000000000000002FFFFFFFFA0085
:10FC6000000000000000002FFFFFFFFA000000006E
:10FC7000000000002FFFFFFFFA000000000000005E
:10FC8000002FFFFFFFFA00000000000000002FFF20
:10FC9000FFFFFA00000000000000002FFFFFFFFA46
:10FCA00000000000000000002FFFFFFFFA0000002E
:10FCB00000000000002FFFFFFFFA0000000000001E
:10FCC00000002FFFFFFFFA00000000000000002FDF
:10FCD000FFFFFFF900000000000000003FFFFFFFF2
:10FCE000F800004600000000006FFFFFFFF7000172
:10FCF000EF6000000000CFFFFFFFF5000BFFFA10E0
:10FD0000000007FFFFFFFFF1006FFFFFF941029FB7
:10FD1000FFFFFFFFE002FFFFFFFFFFFFFFFFFFFF0F
:10FD2000FF800CFFFFFFFFFFFFFFFFFFFFFF105FE4
:10FD3000FFFFFFFFFFFFFFFFFFFFF90008FFFFFFCF
:10FD4000FFFFFFFFFFFFFFC000005FFFFFFFFFFFA0
:10FD5000FFFFFFFD10000002BFFFFFFFFFFFFFFFDF
:10FD6000B10000000004CFFFFFFFFFFFD50000003F
:10FD7000000000026ADFFFDC83000000001AAAAA6C
:10FD8000AAA5000000000000008AAAAAAAAA803F33
:10FD9000FFFFFFF80000000000000AFFFFFFFFFF69
:10FDA000303FFFFFFFF80000000000009FFFFFFF53
:10FDB000FFF4003FFFFFFFF8000000000008FFFF16
:10FDC000FFFFFF50003FFFFFFFF800000000006F43
:10FDD000FFFFFFFFF700003FFFFFFFF800000000FC
:10FDE00005FFFFFFFFFF9000003FFFFFFFF800004F
:10FDF00000004FFFFFFFFFFB0000003FFFFFFFF889
:10FE000000000003FFFFFFFFFFC00000003FFFFFF7
:10FE1000FFF80000002EFFFFFFFFFD100000003F75
:10FE2000FFFFFFF8000001DFFFFFFFFFE20000001F
:10FE3000003FFFFFFFF800000CFFFFFFFFFF300057
:10FE40000000003FFFFFFFF80000BFFFFFFFFFF4CF
:10FE500000000000003FFFFFFFF8000AFFFFFFFF68
:10FE6000FF5000000000003FFFFFFFF8009FFFFF72
:10FE7000FFFFF70000000000003FFFFFFFF808FF52
:10FE8000FFFFFFFF900000000000003FFFFFFFF8B2
:10FE90006FFFFFFFFFFB000000000000003FFFFFBF
:10FEA000FFFDFFFFFFFFFFC0000000000000003F5C
:10FEB000FFFFFFFFFFFFFFFFFD100000000000003D
:10FEC000003FFFFFFFFFFFFFFFFFFE1000000000ED
:10FED0000000003FFFFFFFFFFFFFFFFFFFB000003C
:10FEE00000000000003FFFFFFFFFFFFFFFFFFFF6E6
:10FEF000000000000000003FFFFFFFFFFFFFFFFFCB
:10FF0000FFFF200000000000003FFFFFFFFFFFFF9A
:10FF1000FFFFFFFFC00000000000003FFFFFFFFFEA
:10FF2000FFFFFFFFFFFFF80000000000003FFFFFA2
:10FF3000FFFFFFFAFFFFFFFFFF3000000000003F60
:10FF4000FFFFFFFFFF70BFFFFFFFFFD000000000BB
:10FF5000003FFFFFFFFFF9001EFFFFFFFFFA000059
:10FF60000000003FFFFFFFFFA00003FFFFFFFFFFB8
:10FF700050000000003FFFFFFFFC0000007FFFFF7C
:10FF8000FFFFE1000000003FFFFFFFF80000000B53
:10FF9000FFFFFFFFFB000000003FFFFFFFF8000036
:10FFA0000001EFFFFFFFFF700000003FFFFFFFF8C1
:10FFB000000000004FFFFFFFFFF20000003FFFFFC7
:10FFC000FFF80000000008FFFFFFFFFD0000003FFA
:10FFD000FFFFFFF80000000000CFFFFFFFFF8000E1
:10FFE000003FFFFFFFF800000000002FFFFFFFFFB2
:10FFF000F400003FFFFFFFF8000000000005FFFFD6
:020000040804EE
:10000000FFFFFE10003FFFFFFFF8000000000000B0
:100010009FFFFFFFFFA0003FFFFFFFF80000000071
:1000200000000DFFFFFFFFF5003FFFFFFFF800009E
:100030000000000002FFFFFFFFFF203FFFFFFFF86F
:10004000000000000000006FFFFFFFFFC01888885D
:100050008884000000000000000003FFFFFFFF8015
:1000600000000000000000003FFFFFFFF80000005C
:10007000000000000003FFFFFFFF80000000000001
:100080000000003FFFFFFFF800000000000000003C
:1000900003FFFFFFFF8000000000000000003FFFA3
:1000A000FFFFF8000000000000000003FFFFFFFF5B
:1000B0008000000000000000003FFFFFFFF800008C
:1000C00000000000000003FFFFFFFF8000000000B1
:1000D000000000003FFFFFFFF800000000000000EC
:1000E0000003FFFFFFFF8000000000000000003F52
:1000F000FFFFFFF8000000000000000003FFFFFF0B
:10010000FF8000000000000000003FFFFFFFF8003C
:100110000000000000000003FFFFFFFF8000000060
:1001200000000000003FFFFFFFF80000000000009B
:10013000000003FFFFFFFF80000000000000000040
:100140003FFFFFFFF8000000000000000003FFFF7A
:10015000FFFF8000000000000000003FFFFFFFF8ED
:10016000000000000000000003FFFFFFFF80000010
:100170000000000000003FFFFFFFF800000000004B
:1001800000000003FFFFFFFF8000000000000000F0
:10019000003FFFFFFFF8000000000000000003FF29
:1001A000FFFFFF8000000000000000003FFFFFFF96
:1001B000F8000000000000000003FFFFFFFF8000C8
:1001C000000000000000003FFFFFFFF800000000FB
:1001D0000000000003FFFFFFFF80000000000000A0
:1001E00000003FFFFFFFF8000000000000000003D8
:1001F000FFFFFFFF8000000000000000003FFFFF46
:10020000FFFFEEEEEEEEEEEEEEEE33FFFFFFFFFF52
:10021000FFFFFFFFFFFFFFF33FFFFFFFFFFFFFFFBA
:10022000FFFFFFFFFF33FFFFFFFFFFFFFFFFFFFFAA
:10023000FFFFF33FFFFFFFFFFFFFFFFFFFFFFFFF9A
:1002400033FFFFFFFFFFFFFFFFFFFFFFFFF33FFF56
:10025000FFFFFFFFFFFFFFFFFFFFFF33FFFFFFFF7A
:10026000FFFFFFFFFFFFFFFFF31AAAAAAAAAAA70C7
:100270000000000000000000003AAAAAAAAAAA638F
:10028000FFFFFFFFFFFF2000000000000000000A4A
:10029000FFFFFFFFFFF93FFFFFFFFFFFF900000037
:1002A000000000000002FFFFFFFFFFFF93FFFFFFC2
:1002B000FFFFFFF100000000000000009FFFFFFFB4
:1002C000FFFFF93FFFFFFFFFFFFF8000000000007E
:1002D00000001FFFFFFFFFFFFF93FFFFFFFFFFFF78
:1002E000FF0000000000000008FFFFFFFFFFFFF914
:1002F0003FFFFFFFFFFFFFF700000000000000FFCF
:10030000FFFFFFFFFFFF93FFFFFFFFFFFFFFE00087
:1003100000000000007FFFFFFFFFFFFFF93FFFFF2E
:10032000FFFFFFFFFF6000000000000EFFFFFFFF68
:10033000FFFFFF93FFFFFFFFFFFFFFFD0000000037
:100340000006FFFFFFFFFFFFFFF93FFFFFFFFFFF7B
:10035000FFFFF50000000000DFFFFFFFFFFFFFFFD2
:1003600093FFFFFFFFFFFFFFFFC0000000005FFFE4
:10037000FFFFFFFFFFFFF93FFFFFFFFFFFFFFFFF53
:10038000300000000CFFFFFFFFFFFFFFFF93FFFFA8
:10039000FFFFFFFFFFFFFB00000004FFFFFFFFFF69
:1003A000FFFFFFF93FFFFFFFFFFFFFFFFFF200002E
:1003B00000BFFFFFFFFFFFFFFFFF93FFFFFFFFCF28
:1003C000FFFFFFFFA000003FFFFFFFFFCFFFFFFF8A
:1003D000F93FFFFFFFF8CFFFFFFFFF10000AFFFF0D
:1003E000FFFFF4FFFFFFFF93FFFFFFFF84FFFFFF0F
:1003F000FFF90002FFFFFFFFFA2FFFFFFFF93FFFAA
:10040000FFFFF80CFFFFFFFFF1009FFFFFFFFF3230
:10041000FFFFFFFF93FFFFFFFF804FFFFFFFFF7016
:100420001FFFFFFFFFB02FFFFFFFF93FFFFFFFF8A8
:1004300000CFFFFFFFFE08FFFFFFFFF302FFFFFFFC
:10044000FF93FFFFFFFF8005FFFFFFFFF7EFFFFFB9
:10045000FFFB002FFFFFFFF93FFFFFFFF8000DFF3D
:10046000FFFFFFFFFFFFFFFF3002FFFFFFFF93FFD4
:10047000FFFFFF80005FFFFFFFFFFFFFFFFFB000F8
:100480002FFFFFFFF93FFFFFFFF80000DFFFFFFF37
:10049000FFFFFFFFF40002FFFFFFFF93FFFFFFFFDF
:1004A000800006FFFFFFFFFFFFFFFC00002FFFFFA4
:1004B000FFF93FFFFFFFF800000DFFFFFFFFFFFF09
:1004C000FF400002FFFFFFFF93FFFFFFFF800000E0
:1004D0006FFFFFFFFFFFFFC000002FFFFFFFF93F8F
:1004E000FFFFFFF8000000EFFFFFFFFFFFF4000039
:1004F00002FFFFFFFF93FFFFFFFF80000006FFFFEB
:10050000FFFFFFFC0000002FFFFFFFF93FFFFFFF91
:10051000F80000000EFFFFFFFFFF50000002FFFF8A
:10052000FFFF93FFFFFFFF800000007FFFFFFFFF43
:10053000D00000002FFFFFFFF93FFFFFFFF8000092
:100540000000EFFFFFFFF500000002FFFFFFFF9339
:10055000FFFFFFFF8000000007FFFFFFFD0000001E
:10056000002FFFFFFFF93FFFFFFFF8000000000F23
:10057000FFFFFF5000000002FFFFFFFF93FFFFFFA0
:10058000FF80000000008FFFFFD0000000002FFF61
:10059000FFFFF93FFFFFFFF80000000001BBBBB504
:1005A0000000000002FFFFFFFF93FFFFFFFF80003E
:1005B00000000000000000000000002FFFFFFFF916
:1005C0003FFFFFFFF80000000000000000000000F7
:1005D0000002FFFFFFFF93FFFFFFFF80000000000E
:1005E00000000000000000002FFFFFFFF91AAAAA78
:1005F000AA920000000000000000007AAAAAAA93B4
:10060000FFFFFFFFC000000000000000000CFFFF24
:10061000FFFF3FFFFFFFFF90000000000000000011
:10062000CFFFFFFFF3FFFFFFFFFF500000000000C0
:1006300000000CFFFFFFFF3FFFFFFFFFFF20000058
:100640000000000000CFFFFFFFF3FFFFFFFFFFFCF4
:10065000000000000000000CFFFFFFFF3FFFFFFF56
:10066000FFFFF900000000000000CFFFFFFFF3FFD5
:10067000FFFFFFFFFFF50000000000000CFFFFFF81
:10068000FF3FFFFFFFFFFFFFF2000000000000CF71
:10069000FFFFFFF3FFFFFFFFFFFFFFD000000000A1
:1006A000000CFFFFFFFF3FFFFFFFFFFFFFFF90007A
:1006B00000000000CFFFFFFFF3FFFFFFFFFFFFFF82
:1006C000FF50000000000CFFFFFFFF3FFFFFFFFF98
:1006D000FFFFFFFF2000000000CFFFFFFFF3FFFF41
:1006E000FFFFFFFFFFFFFD000000000CFFFFFFFF0B
:1006F0003FFFFFFFFFFFFFFFFFF900000000CFFFFC
:10070000FFFFF3FFFFFFFFCFFFFFFFFFF60000003B
:100710000CFFFFFFFF3FFFFFFFF87FFFFFFFFFF230
:10072000000000CFFFFFFFF3FFFFFFFF80BFFFFFD1
:10073000FFFFD000000CFFFFFFFF3FFFFFFFF801AE
:10074000EFFFFFFFFFA00000CFFFFFFFF3FFFFFF62
:10075000FF8003FFFFFFFFFF60000CFFFFFFFF3F75
:10076000FFFFFFF80007FFFFFFFFFF2000CFFFFFA5
:10077000FFF3FFFFFFFF80000BFFFFFFFFFD000CFB
:10078000FFFFFFFF3FFFFFFFF800001EFFFFFFFF1F
:10079000FA00CFFFFFFFF3FFFFFFFF8000003FFFE6
:1007A000FFFFFFF60CFFFFFFFF3FFFFFFFF800001A
:1007B000007FFFFFFFFFF2CFFFFFFFF3FFFFFFFF11
:1007C00080000000BFFFFFFFFFDDFFFFFFFF3FFFD7
:1007D000FFFFF800000001DFFFFFFFFFFFFFFFFF4B
:1007E000F3FFFFFFFF8000000003FFFFFFFFFFFF9D
:1007F000FFFFFF3FFFFFFFF80000000007FFFFFFC4
:10080000FFFFFFFFFFF3FFFFFFFF80000000000A74
:10081000FFFFFFFFFFFFFFFF3FFFFFFFF8000000AC
:1008200000001DFFFFFFFFFFFFFFF3FFFFFFFF8043
:1008300000000000003FFFFFFFFFFFFFFF3FFFFF43
:10084000FFF80000000000006FFFFFFFFFFFFFF355
:10085000FFFFFFFF80000000000000AFFFFFFFFF71
:10086000FFFF3FFFFFFFF800000000000001DFFF77
:10087000FFFFFFFFF3FFFFFFFF800000000000000D
:1008800003FFFFFFFFFFFF3FFFFFFFF80000000037
:1008900000000006FFFFFFFFFFF3FFFFFFFF8000E8
:1008A0000000000000000AFFFFFFFFFF3FFFFFFF07
:1008B000F800000000000000000DFFFFFFFFF3FF45
:1008C000FFFFFF8000000000000000003FFFFFFF6F
:1008D000FF00000000000000048BDEFFFDB95100A6
:1008E0000000000000000000000000003AFFFFFFD1
:1008F000FFFFFFFFB5000000000000000000000047
:100900003CFFFFFFFFFFFFFFFFFFE50000000000CF
:100910000000000009FFFFFFFFFFFFFFFFFFFFFFD9
:10092000B10000000000000001CFFFFFFFFFFFFF4C
:10093000FFFFFFFFFFFE400000000000002EFFFF52
:10094000FFFFFFFFFFFFFFFFFFFFFFF500000000BD
:100950000002EFFFFFFFFFFFFFFFFFFFFFFFFFFFB3
:10096000FF50000000001DFFFFFFFFFFFFFDCBDF7A
:10097000FFFFFFFFFFFFF300000000BFFFFFFFFFCF
:10098000FFB500000049FFFFFFFFFFFE100000065B
:10099000FFFFFFFFFFE500000000002BFFFFFFFF50
:1009A000FFA000001EFFFFFFFFFD10000000000081
:1009B000009FFFFFFFFFF300007FFFFFFFFFD1005D
:1009C00000000000000009FFFFFFFFFB0000EFFF39
:1009D000FFFFFF200000000000000000CFFFFFFF2E
:1009E000FF3004FFFFFFFFF60000000000000000E2
:1009F000002FFFFFFFFF8009FFFFFFFFE000000067
:100A000000000000000009FFFFFFFFE00DFFFFFFF7
:100A1000FF6000000000000000000002FFFFFFFF79
:100A2000F11FFFFFFFFF200000000000000000009A
:100A300000DFFFFFFFF53FFFFFFFFD0000000000AC
:100A40000000000000008FFFFFFFF75FFFFFFFFBCC
:100A500000000000000000000000006FFFFFFFF931
:100A60006FFFFFFFF9000000000000000000000021
:100A70004FFFFFFFFA6FFFFFFFF8000000000000CC
:100A800000000000003FFFFFFFFA6FFFFFFFF900CB
:100A9000000000000000000000004FFFFFFFFA5FB1
:100AA000FFFFFFFB00000000000000000000006FDF
:100AB000FFFFFFF93FFFFFFFFD0000000000000007
:100AC000000000008FFFFFFFF71FFFFFFFFF100078
:100AD000000000000000000000CFFFFFFFF50DFF49
:100AE000FFFFFF6000000000000000000001FFFFAA
:100AF000FFFFF109FFFFFFFFD00000000000000032
:100B0000000009FFFFFFFFE004FFFFFFFFF600000A
:100B1000000000000000001FFFFFFFFF8000EFFF4C
:100B2000FFFFFF200000000000000000CFFFFFFFDC
:100B3000FF30007FFFFFFFFFC0000000000000004B
:100B400008FFFFFFFFFB00001EFFFFFFFFFC100080
:100B500000000000009FFFFFFFFFF4000006FFFF02
:100B6000FFFFFFD400000000002BFFFFFFFFFFA0EE
:100B7000000000BFFFFFFFFFFFB500000049FFFFBF
:100B8000FFFFFFFE100000001DFFFFFFFFFFFFFD46
:100B9000CBDFFFFFFFFFFFFFF30000000002EFFFCE
:100BA000FFFFFFFFFFFFFFFFFFFFFFFFFF50000002
:100BB0000000002EFFFFFFFFFFFFFFFFFFFFFFFF13
:100BC000FFF500000000000001DFFFFFFFFFFFFF57
:100BD000FFFFFFFFFFFE400000000000000009FFD4
:100BE000FFFFFFFFFFFFFFFFFFFFB100000000005E
:100BF000000000003CFFFFFFFFFFFFFFFFFFE500DD
:100C0000000000000000000000003AFFFFFFFFFFAF
:100C1000FFFFC50000000000000000000000000011
:100C2000048BDEFFFEB9510000000000000019999E
:100C300099999999999987641000000000003FFFE5
:100C4000FFFFFFFFFFFFFFFFFEA5000000003FFFCB
:100C5000FFFFFFFFFFFFFFFFFFFFF80000003FFF68
:100C6000FFFFFFFFFFFFFFFFFFFFFFE400003FFF6D
:100C7000FFFFFFFFFFFFFFFFFFFFFFFF50003FFFF2
:100C8000FFFFFFFFFFFFFFFFFFFFFFFFF3003FFF3F
:100C9000FFFFFFFFFFFFFFFFFFFFFFFFFD003FFF25
:100CA000FFFFFFFFFFFFFFFFFFFFFFFFFF603FFFB3
:100CB000FFFFF8000000137CFFFFFFFFFFD03FFFA6
:100CC000FFFFF800000000003EFFFFFFFFF33FFFC3
:100CD000FFFFF8000000000002FFFFFFFFF73FFFEB
:100CE000FFFFF80000000000009FFFFFFFFA3FFF3A
:100CF000FFFFF80000000000004FFFFFFFFC3FFF78
:100D0000FFFFF80000000000002FFFFFFFFD3FFF86
:100D1000FFFFF80000000000001FFFFFFFFE3FFF85
:100D2000FFFFF80000000000002FFFFFFFFD3FFF66
:100D3000FFFFF80000000000004FFFFFFFFD3FFF36
:100D4000FFFFF80000000000008FFFFFFFFB3FFFE8
:100D5000FFFFF8000000000000EFFFFFFFF93FFF7A
:100D6000FFFFF800000000000AFFFFFFFFF53FFF54
:100D7000FFFFF80000000004CFFFFFFFFFF13FFF7F
:100D8000FFFFFDAAAAAABCFFFFFFFFFFFFB03FFFC6
:100D9000FFFFFFFFFFFFFFFFFFFFFFFFFF303FFFF2
:100DA000FFFFFFFFFFFFFFFFFFFFFFFFF9003FFF18
:100DB000FFFFFFFFFFFFFFFFFFFFFFFFC0003FFF41
:100DC000FFFFFFFFFFFFFFFFFFFFFFFB00003FFFF5
:100DD000FFFFFFFFFFFFFFFFFFFFFE6000003FFF81
:100DE000FFFFFFFFFFFFFFFFFFFC600000003FFF72
:100DF000FFFFFFFFFFFFFEDB8510000000003FFF4D
:100E0000FFFFF800000000000000000000003FFFAE
:100E1000FFFFF800000000000000000000003FFF9E
:100E2000FFFFF800000000000000000000003FFF8E
:100E3000FFFFF800000000000000000000003FFF7E
:100E4000FFFFF800000000000000000000003FFF6E
:100E5000FFFFF800000000000000000000003FFF5E
:100E6000FFFFF800000000000000000000003FFF4E
:100E7000FFFFF800000000000000000000003FFF3E
:100E8000FFFFF800000000000000000000003FFF2E
:100E9000FFFFF800000000000000000000003FFF1E
:100EA000FFFFF8000000000000000000000000004C
:100EB0000000000000048BDEFFFDB95100000000BF
:100EC0000000000000000000000003AFFFFFFFFF74
:100ED000FFFFFB50000000000000000000000000C9
:100EE0003CFFFFFFFFFFFFFFFFFFD50000000000FA
:100EF0000000000000009FFFFFFFFFFFFFFFFFFF5C
:100F0000FFFB10000000000000000001CFFFFFFF0A
:100F1000FFFFFFFFFFFFFFFFFE400000000000009B
:100F20000002EFFFFFFFFFFFFFFFFFFFFFFFFFFFDD
:100F30005000000000000002EFFFFFFFFFFFFFFF77
:100F4000FFFFFFFFFFFFFF50000000000001DFFF79
:100F5000FFFFFFFFFFDCBDFFFFFFFFFFFFFF3000D4
:100F600000000000BFFFFFFFFFFFB500000049FFCA
:100F7000FFFFFFFFFE10000000006FFFFFFFFFFEFE
:100F8000500000000002BFFFFFFFFFFA000000005A
:100F90001EFFFFFFFFFD100000000000009FFFFF8D
:100FA000FFFFF300000007FFFFFFFFFD1000000040
:100FB000000000009FFFFFFFFFB0000000EFFFFFF9
:100FC000FFFF200000000000000000CFFFFFFFFF38
:100FD0003000004FFFFFFFFF600000000000000036
:100FE0000002FFFFFFFFF8000009FFFFFFFFE00026
:100FF000000000000000000009FFFFFFFFE000000C
:10100000DFFFFFFFF6000000000000000000002FDF
:10101000FFFFFFFF10001FFFFFFFFF200000000089
:10102000000000000000DFFFFFFFF50003FFFFFFEF
:10103000FFD00000000000000000000008FFFFFFDC
:10104000FF70005FFFFFFFFB0000000000000000DA
:101050000000006FFFFFFFF90006FFFFFFFF900099
:1010600000000000000000000004FFFFFFFFA000E0
:101070006FFFFFFFF800000000000000000000000C
:101080003FFFFFFFFA0006FFFFFFFF900000000098
:1010900000000000000004FFFFFFFF90005FFFFF63
:1010A000FFFB00000000000000000000006FFFFFD9
:1010B000FFF80003FFFFFFFFD0000000000000006A
:1010C00000000008FFFFFFFF70001FFFFFFFFF1081
:1010D00000000000000000000000CFFFFFFFF40050
:1010E00000DFFFFFFFF6000000000000000000002E
:1010F0001FFFFFFFFF100009FFFFFFFFD0000000F0
:1011000000000000000009FFFFFFFFD000004FFFBC
:10111000FFFFFF60000000000000000001FFFFFF74
:10112000FFF8000000EFFFFFFFFF200000000000BD
:10113000000000CFFFFFFFFF20000007FFFFFFFFC1
:10114000FC00000000000000008FFFFFFFFFB00068
:1011500000001EFFFFFFFFFC100000000000009FCA
:10116000FFFFFFFFF3000000006FFFFFFFFFFD40E8
:101170000000000002BFFFFFFFFFFA0000000000B8
:10118000BFFFFFFFFFFFB500000049FFFFFFFFFFAC
:10119000FE100000000001DFFFFFFFFFFFFFDCBDCE
:1011A000FFFFFFFFFFFFFF30000000000002EFFF26
:1011B000FFFFFFFFFFFFFFFFFFFFFFFFFF500000EC
:1011C0000000000002EFFFFFFFFFFFFFFFFFFFFF38
:1011D000FFFFFF600000000000000001DFFFFFFFD5
:1011E000FFFFFFFFFFFFFFFFFE40000000000000C9
:1011F0000000009FFFFFFFFFFFFFFFFFFFFFFB104F
:10120000000003000000000000003CFFFFFFFFFFA4
:10121000FFFFFFFFD400000008E200000000000014
:101220000003AFFFFFFFFFFFFFFFF900000008FF13
:10123000D00000000000000000048BDEFFFFFFFF75
:10124000FFFC41026DFFFFB0000000000000000045
:101250000000009FFFFFFFFFFFFFFFFFFFFF900069
:1012600000000000000000000000EFFFFFFFFFFF94
:10127000FFFFFFFFFF600000000000000000000013
:1012800003FFFFFFFFFFFFFFFFFFFFF30000000072
:101290000000000000000004FFFFFFFFFFFFFFFF52
:1012A000FFD300000000000000000000000002CF9B
:1012B000FFFFFFFFFFFFFFA1000000000000000094
:1012C0000000000000006EFFFFFFFFFFFB3000008A
:1012D0000000000000000000000000000005ADFF5D
:1012E000FFDB7100000000000000000000000000B3
:1012F0000000000000001000000000000019999993
:101300009999999999987652000000000000003F41
:10131000FFFFFFFFFFFFFFFFFFFFFC820000000059
:10132000003FFFFFFFFFFFFFFFFFFFFFFFFFC300C7
:101330000000003FFFFFFFFFFFFFFFFFFFFFFFFF7A
:10134000FF800000003FFFFFFFFFFFFFFFFFFFFFE9
:10135000FFFFFFF80000003FFFFFFFFFFFFFFFFF61
:10136000FFFFFFFFFFFF6000003FFFFFFFFFFFFFEA
:10137000FFFFFFFFFFFFFFFFE000003FFFFFFFFF5A
:10138000FFFFFFFFFFFFFFFFFFFFF700003FFFFF33
:10139000FFF800000000248EFFFFFFFFFC00003F6D
:1013A000FFFFFFF8000000000000BFFFFFFFFF107D
:1013B000003FFFFFFFF80000000000001EFFFFFFDE
:1013C000FF40003FFFFFFFF80000000000000AFFA1
:1013D000FFFFFF60003FFFFFFFF80000000000007C
:1013E00006FFFFFFFF70003FFFFFFFF80000000057
:1013F000000005FFFFFFFF80003FFFFFFFF8000038
:101400000000000006FFFFFFFF80003FFFFFFFF826
:1014100000000000000008FFFFFFFF70003FFFFF1B
:10142000FFF80000000000000CFFFFFFFF50003F2E
:10143000FFFFFFF80000000000003FFFFFFFFF304C
:10144000003FFFFFFFF8000000000002EFFFFFFF7A
:10145000FF00003FFFFFFFF80000000125AFFFFF86
:10146000FFFFFA00003FFFFFFFFFFFFFFFFFFFFF4F
:10147000FFFFFFFFF300003FFFFFFFFFFFFFFFFF46
:10148000FFFFFFFFFFFFB000003FFFFFFFFFFFFF79
:10149000FFFFFFFFFFFFFFFF1000003FFFFFFFFF09
:1014A000FFFFFFFFFFFFFFFFFFF40000003FFFFF14
:1014B000FFFFFFFFFFFFFFFFFFFFFD300000003FCA
:1014C000FFFFFFFFFFFFFFFFFFFFFFFE70000000B9
:1014D000003FFFFFFFFFFFFFFFFFFFFFFFF60000E2
:1014E0000000003FFFFFFFFDAAAAACFFFFFFFFFFC8
:1014F00020000000003FFFFFFFF8000000CFFFFFCB
:10150000FFFFC0000000003FFFFFFFF80000002FBA
:10151000FFFFFFFFF8000000003FFFFFFFF80000A3
:101520000006FFFFFFFFFF400000003FFFFFFFF846
:1015300000000000BFFFFFFFFFE10000003FFFFFD2
:10154000FFF8000000001EFFFFFFFFFA0000003F51
:10155000FFFFFFF80000000004FFFFFFFFFF600037
:10156000003FFFFFFFF800000000009FFFFFFFFFAC
:10157000F200003FFFFFFFF800000000000DFFFF3A
:10158000FFFFFC00003FFFFFFFF80000000000032A
:10159000FFFFFFFFFF80003FFFFFFFF8000000009C
:1015A00000007FFFFFFFFFF4003FFFFFFFF8000098
:1015B000000000000CFFFFFFFFFE103FFFFFFFF8E1
:1015C00000000000000002FFFFFFFFFFA00000007E
:1015D000000048BDEFFECA730000000000000000DC
:1015E000018EFFFFFFFFFFFFEA4000000000000048
:1015F0007FFFFFFFFFFFFFFFFFFD50000000000B1C
:10160000FFFFFFFFFFFFFFFFFFFFFC30000000BFF9
:10161000FFFFFFFFFFFFFFFFFFFFFFF7000008FFD7
:10162000FFFFFFFFFFFFFFFFFFFFFFFF20002FFF78
:10163000FFFFFFFFFFFFFFFFFFFFFFF700008FFF30
:10164000FFFFFFFFDCDFFFFFFFFFFFC00000DFFF4A
:10165000FFFFFF70000016AFFFFFFF200001FFFF3C
:10166000FFFFF500000000018FFFF6000002FFFF02
:10167000FFFFE0000000000001BFB0000004FFFF1A
:10168000FFFFB00000000000000610000003FFFF95
:10169000FFFFD00000000000000000000002FFFF7C
:1016A000FFFFF60000000000000000000001FFFF47
:1016B000FFFFFF8100000000000000000000DFFFCE
:1016C000FFFFFFFFA50000000000000000008FFFEB
:1016D000FFFFFFFFFFFB73000000000000001FFF83
:1016E000FFFFFFFFFFFFFFE940000000000008FFD1
:1016F000FFFFFFFFFFFFFFFFFD600000000000AFE6
:10170000FFFFFFFFFFFFFFFFFFFD300000000008AD
:10171000FFFFFFFFFFFFFFFFFFFFF70000000000DC
:101720003BFFFFFFFFFFFFFFFFFFFF800000000008
:10173000003AFFFFFFFFFFFFFFFFFFF50000000083
:10174000000006AFFFFFFFFFFFFFFFFD00000000EE
:101750000000000038CFFFFFFFFFFFFF5000000038
:101760000000000000016DFFFFFFFFFFA000000070
:10177000000000000000006FFFFFFFFFD00000022C
:101780000000000000000007FFFFFFFFF000008FD7
:101790005000000000000000FFFFFFFFF00005FF09
:1017A000F900000000000000FFFFFFFFF0003FFF16
:1017B000FFD3000000000002FFFFFFFFF001EFFF7A
:1017C000FFFFA2000000000AFFFFFFFFD00BFFFF9A
:1017D000FFFFFFB6100003CFFFFFFFFF809FFFFF5B
:1017E000FFFFFFFFFEDDFFFFFFFFFFFF306FFFFF8B
:1017F000FFFFFFFFFFFFFFFFFFFFFFFB0005FFFFF6
:10180000FFFFFFFFFFFFFFFFFFFFFFF200002CFFC6
:10181000FFFFFFFFFFFFFFFFFFFFFF400000007F14
:10182000FFFFFFFFFFFFFFFFFFFFF50000000001CC
:101830009FFFFFFFFFFFFFFFFFFC200000000000F5
:10184000017DFFFFFFFFFFFFFC50000000000000D4
:101850000000269CEFFFEDA620000000004AAAAA87
:10186000AAAAAAAAAAAAAAAAAAAAAAAAA57FFFFF5E
:10187000FFFFFFFFFFFFFFFFFFFFFFFFF77FFFFF00
:10188000FFFFFFFFFFFFFFFFFFFFFFFFF77FFFFFF0
:10189000FFFFFFFFFFFFFFFFFFFFFFFFF77FFFFFE0
:1018A000FFFFFFFFFFFFFFFFFFFFFFFFF77FFFFFD0
:1018B000FFFFFFFFFFFFFFFFFFFFFFFFF77FFFFFC0
:1018C000FFFFFFFFFFFFFFFFFFFFFFFFF77FFFFFB0
:1018D000FFFFFFFFFFFFFFFFFFFFFFFFF70000001D
:1018E000000005FFFFFFFF60000000000000000097
:1018F000000005FFFFFFFF60000000000000000087
:10190000000005FFFFFFFF60000000000000000076
:10191000000005FFFFFFFF60000000000000000066
:10192000000005FFFFFFFF60000000000000000056
:10193000000005FFFFFFFF60000000000000000046
:10194000000005FFFFFFFF60000000000000000036
:10195000000005FFFFFFFF60000000000000000026
:10196000000005FFFFFFFF60000000000000000016
:10197000000005FFFFFFFF60000000000000000006
:10198000000005FFFFFFFF600000000000000000F6
:10199000000005FFFFFFFF600000000000000000E6
:1019A000000005FFFFFFFF600000000000000000D6
:1019B000000005FFFFFFFF600000000000000000C6
:1019C000000005FFFFFFFF600000000000000000B6
:1019D000000005FFFFFFFF600000000000000000A6
:1019E000000005FFFFFFFF60000000000000000096
:1019F000000005FFFFFFFF60000000000000000086
:101A0000000005FFFFFFFF60000000000000000075
:101A1000000005FFFFFFFF60000000000000000065
:101A2000000005FFFFFFFF60000000000000000055
:101A3000000005FFFFFFFF60000000000000000045
:101A4000000005FFFFFFFF60000000000000000035
:101A5000000005FFFFFFFF60000000000000000025
:101A6000000005FFFFFFFF60000000000000000015
:101A7000000005FFFFFFFF60000000000000000005
:101A8000000005FFFFFFFF600000000000000000F5
:101A9000000005FFFFFFFF600000000000000000E5
:101AA000000005FFFFFFFF600000000000000000D5
:101AB000000005FFFFFFFF600000000000000000C5
:101AC000000005FFFFFFFF600000000000000000B5
:101AD000000005FFFFFFFF600000000000CFFFFFD8
:101AE000FFF0000000000000000FFFFFFFFCCFFF31
:101AF000FFFFF0000000000000000FFFFFFFFCCF21
:101B0000FFFFFFF0000000000000000FFFFFFFFCE0
:101B1000CFFFFFFFF0000000000000000FFFFFFFFD
:101B2000FCCFFFFFFFF0000000000000000FFFFFF0
:101B3000FFFCCFFFFFFFF0000000000000000FFFE0
:101B4000FFFFFCCFFFFFFFF0000000000000000FD0
:101B5000FFFFFFFCCFFFFFFFF000000000000000D0
:101B60000FFFFFFFFCCFFFFFFFF0000000000000B1
:101B7000000FFFFFFFFCCFFFFFFFF00000000000A1
:101B800000000FFFFFFFFCCFFFFFFFF00000000091
:101B90000000000FFFFFFFFCCFFFFFFFF000000081
:101BA000000000000FFFFFFFFCCFFFFFFFF0000071
:101BB00000000000000FFFFFFFFCCFFFFFFFF00061
:101BC0000000000000000FFFFFFFFCCFFFFFFFF051
:101BD000000000000000000FFFFFFFFCCFFFFFFF31
:101BE000F0000000000000000FFFFFFFFCCFFFFF30
:101BF000FFF0000000000000000FFFFFFFFCCFFF20
:101C0000FFFFF0000000000000000FFFFFFFFCCF0F
:101C1000FFFFFFF0000000000000000FFFFFFFFCCF
:101C2000CFFFFFFFF0000000000000000FFFFFFFEC
:101C3000FCCFFFFFFFF0000000000000000FFFFFDF
:101C4000FFFCCFFFFFFFF0000000000000000FFFCF
:101C5000FFFFFCBFFFFFFFF0000000000000000FCF
:101C6000FFFFFFFCBFFFFFFFF100000000000000CE
:101C70000FFFFFFFFBAFFFFFFFF3000000000000BE
:101C8000002FFFFFFFFB8FFFFFFFF60000000000AB
:101C900000005FFFFFFFF96FFFFFFFFA0000000089
:101CA0000000009FFFFFFFF73FFFFFFFFF10000056
:101CB00000000000FFFFFFFFF30EFFFFFFFF90009B
:101CC0000000000008FFFFFFFFF00AFFFFFFFFF525
:101CD00000000000004FFFFFFFFFB003FFFFFFFF0A
:101CE000FF5000000004FFFFFFFFFF5000CFFFFF89
:101CF000FFFFFB400004AFFFFFFFFFFD00004FFFB1
:101D0000FFFFFFFFFFEEFFFFFFFFFFFFF5000009F2
:101D1000FFFFFFFFFFFFFFFFFFFFFFFFFFA0000030
:101D200000CFFFFFFFFFFFFFFFFFFFFFFFFD1000E2
:101D300000001CFFFFFFFFFFFFFFFFFFFFFFD100C1
:101D400000000000AFFFFFFFFFFFFFFFFFFFFB10E2
:101D5000000000000005EFFFFFFFFFFFFFFFFF7027
:101D60000000000000000007DFFFFFFFFFFFFE8113
:101D7000000000000000000000037BDEFFFDB84013
:101D800000000000000788888888300000000000FC
:101D90000000000068888888840CFFFFFFFFB00007
:101DA0000000000000000002FFFFFFFFF406FFFF3D
:101DB000FFFFF1000000000000000008FFFFFFFF30
:101DC000E000FFFFFFFFF700000000000000000E32
:101DD000FFFFFFFF80009FFFFFFFFD0000000000EE
:101DE0000000005FFFFFFFFF10002FFFFFFFFF401D
:101DF00000000000000000BFFFFFFFFB00000CFF21
:101E0000FFFFFFA000000000000002FFFFFFFFF443
:101E1000000006FFFFFFFFF100000000000008FFC8
:101E2000FFFFFFE0000000FFFFFFFFF700000000E2
:101E300000000EFFFFFFFF800000009FFFFFFFFD7F
:101E40000000000000005FFFFFFFFF100000003FE8
:101E5000FFFFFFFF300000000000BFFFFFFFFB009F
:101E60000000000CFFFFFFFFA00000000001FFFFCB
:101E7000FFFFF50000000006FFFFFFFFF10000007C
:101E80000008FFFFFFFFE00000000000FFFFFFFF72
:101E9000F6000000000EFFFFFFFF800000000000C2
:101EA0009FFFFFFFFD000000004FFFFFFFFF20002E
:101EB000000000003FFFFFFFFF30000000BFFFFFFA
:101EC000FFFB0000000000000CFFFFFFFF90000080
:101ED00001FFFFFFFFF500000000000006FFFFFF0D
:101EE000FFF0000007FFFFFFFFE000000000000020
:101EF00000FFFFFFFFF600000DFFFFFFFF80000067
:101F000000000000009FFFFFFFFC00004FFFFFFFED
:101F1000FF20000000000000003FFFFFFFFF300037
:101F2000AFFFFFFFFB00000000000000000CFFFF00
:101F3000FFFF9001FFFFFFFFF50000000000000021
:101F40000006FFFFFFFFF007FFFFFFFFE0000000BC
:101F5000000000000000FFFFFFFFF60DFFFFFFFF86
:101F6000800000000000000000009FFFFFFFFC3F1A
:101F7000FFFFFFFF200000000000000000003FFF07
:101F8000FFFFFFCFFFFFFFFB00000000000000008D
:101F900000000DFFFFFFFFFFFFFFFFF50000000047
:101FA00000000000000006FFFFFFFFFFFFFFFFE053
:101FB0000000000000000000000000FFFFFFFFFF26
:101FC000FFFFFF8000000000000000000000009FF5
:101FD000FFFFFFFFFFFFFF200000000000000000E8
:101FE0000000003FFFFFFFFFFFFFFB0000000000BD
:101FF000000000000000000DFFFFFFFFFFFFF500E5
:10200000000000000000000000000006FFFFFFFFCE
:10201000FFFFE000000000000000000000000001E1
:10202000FFFFFFFFFFFF8000000000000000000036
:1020300000000000AFFFFFFFFFFF200000000000D6
:1020400000000000000000003FFFFFFFFFFB00005A
:102050000000000000000000000000000DFFFFFF76
:10206000FFF500000000000000000000000000007C
:1020700006FFFFFFFFE0000000000000000000007E
:102080000000000001FFFFFFFF80000000000000D3
:10209000000000000000000000AFFFFFFF20000074
:1020A00000000000000888888888300000000000D8
:1020B00000088888888810000000000000288888B0
:1020C000888810DFFFFFFFFA00000000000005FF16
:1020D000FFFFFFF600000000000009FFFFFFFFE028
:1020E00007FFFFFFFFF0000000000000AFFFFFFF51
:1020F000FFB0000000000000EFFFFFFFF8002FFF1F
:10210000FFFFFF5000000000000EFFFFFFFFFF0079
:1021100000000000004FFFFFFFFF3000CFFFFFFF78
:10212000FA000000000004FFFFFFFFFFF4000000C2
:10213000000009FFFFFFFFD00007FFFFFFFFF000D7
:10214000000000008FFFFFFFFFFF90000000000075
:10215000EFFFFFFFF800001FFFFFFFFF5000000030
:10216000000DFFFFFFFFFFFE00000000004FFFFF1C
:10217000FFFF200000CFFFFFFFFA0000000002FF7A
:10218000FFFFFFFFFFF3000000000AFFFFFFFFC09B
:10219000000006FFFFFFFFF0000000007FFFFFFFD1
:1021A000FFFFFF8000000000FFFFFFFFF7000000BF
:1021B0001FFFFFFFFF500000000CFFFFFFFFFFFFAE
:1021C000FD000000005FFFFFFFFF10000000BFFFE9
:1021D000FFFFFB00000001FFFFFFFFFFFFFFF2001A
:1021E00000000AFFFFFFFFC000000005FFFFFFFF28
:1021F000F00000006FFFFFFFFFFFFFFF6000000027
:10220000FFFFFFFFF6000000000FFFFFFFFF500081
:10221000000AFFFFFFFEFFFFFFFB0000005FFFFF64
:10222000FFFF1000000000AFFFFFFFFB000000FFFA
:10223000FFFFFF6FFFFFFFF000000BFFFFFFFFB08E
:102240000000000005FFFFFFFFF100004FFFFFFF50
:10225000E0EFFFFFFF500000FFFFFFFFF600000070
:1022600000000FFFFFFFFF600009FFFFFFF909FFFC
:10227000FFFFFA00006FFFFFFFFF100000000000EB
:10228000AFFFFFFFFB0000EFFFFFFF404FFFFFFF2F
:10229000E0000BFFFFFFFFB0000000000004FFFFA5
:1022A000FFFFF1003FFFFFFFE000EFFFFFFF300106
:1022B000FFFFFFFFF50000000000000EFFFFFFFF23
:1022C0006008FFFFFFFA000AFFFFFFF8006FFFFF43
:1022D000FFFF000000000000009FFFFFFFFB00DF8A
:1022E000FFFFFF50005FFFFFFFD00BFFFFFFFFA0CE
:1022F00000000000000004FFFFFFFFF11FFFFFFFD1
:10230000F00000FFFFFFFF21FFFFFFFFF4000000D0
:10231000000000000EFFFFFFFF66FFFFFFFB000055
:102320000BFFFFFFF76FFFFFFFFE00000000000044
:1023300000008FFFFFFFFCBFFFFFFF6000006FFF8B
:10234000FFFFCCFFFFFFFF90000000000000000334
:10235000FFFFFFFFFFFFFFFFF1000001FFFFFFFF97
:10236000FFFFFFFFF400000000000000000DFFFF72
:10237000FFFFFFFFFFFC0000000CFFFFFFFFFFFF60
:10238000FFFE0000000000000000008FFFFFFFFFC5
:10239000FFFFFF700000007FFFFFFFFFFFFFFF90C8
:1023A000000000000000000002FFFFFFFFFFFFFF32
:1023B000F200000002FFFFFFFFFFFFFFF30000003D
:1023C0000000000000000DFFFFFFFFFFFFFD000009
:1023D00000000DFFFFFFFFFFFFFE000000000000F8
:1023E000000000007FFFFFFFFFFFFF8000000000F4
:1023F0008FFFFFFFFFFFFF800000000000000000D4
:102400000002FFFFFFFFFFFFF30000000003FFFFDC
:10241000FFFFFFFFF3000000000000000000000CC1
:10242000FFFFFFFFFFFE00000000000EFFFFFFFFA9
:10243000FFFD00000000000000000000007FFFFF23
:10244000FFFFFF9000000000009FFFFFFFFFFF80E5
:102450000000000000000000000001FFFFFFFFFF80
:10246000F4000000000004FFFFFFFFFFF200000087
:1024700000000000000000000CFFFFFFFFFF000055
:10248000000000000EFFFFFFFFFC00000000000046
:102490000000000000006FFFFFFFFFB00000000021
:1024A0000000AFFFFFFFFF70000000000000000011
:1024B00000000001FFFFFFFFF60000000000000524
:1024C000FFFFFFFFF100000000000000000000001F
:1024D000000BFFFFFFFF100000000000000FFFFFD8
:1024E000FFFC000000000000000000000000005F92
:1024F000FFFFFFC000000000000000BFFFFFFF6003
:1025000000000000000000000000000000FFFFFFCE
:10251000F70000000000000006FFFFFFF1000000D0
:10252000000000000000000000000AFFFFFF200084
:102530000000000000001FFFFFFB00000000000083
:102540000003AAAAAAAAA9100000000000003AAA43
:10255000AAAAAA91000DFFFFFFFFFA0000000000E9
:10256000000DFFFFFFFFFA00003FFFFFFFFFF40039
:102570000000000008FFFFFFFFFE1000009FFFFFAC
:10258000FFFFD00000000002FFFFFFFFFF50000030
:1025900000EFFFFFFFFF8000000000CFFFFFFFFF05
:1025A000B000000004FFFFFFFFFF300000006FFFDE
:1025B000FFFFFFF2000000000AFFFFFFFFFC00002A
:1025C000001FFFFFFFFFF700000000001EFFFFFFDE
:1025D000FFF700000BFFFFFFFFFC00000000000002
:1025E0006FFFFFFFFFF20005FFFFFFFFFF2000006E
:1025F00000000000CFFFFFFFFFB001EFFFFFFFFF74
:102600008000000000000002FFFFFFFFFF509FFF5F
:10261000FFFFFFD00000000000000007FFFFFFFFEA
:10262000FE5FFFFFFFFFF300000000000000000D51
:10263000FFFFFFFFFFFFFFFFFFF9000000000000AA
:102640000000003FFFFFFFFFFFFFFFFFFE10000045
:10265000000000000000009FFFFFFFFFFFFFFFFFE3
:102660005000000000000000000000EFFFFFFFFF2F
:10267000FFFFFFB00000000000000000000005FFA9
:10268000FFFFFFFFFFFFF10000000000000000005F
:1026900000000AFFFFFFFFFFFFF600000000000040
:1026A0000000000000001FFFFFFFFFFFFC00000014
:1026B000000000000000000000007FFFFFFFFFFFA0
:1026C000400000000000000000000000000CFFFFC0
:1026D000FFFFFFFC00000000000000000000000001
:1026E00007FFFFFFFFFFFFF60000000000000000F3
:1026F00000000002FFFFFFFFFFFFFFF200000000ED
:1027000000000000000000BFFFFFFFFFFFFFFFB061
:10271000000000000000000000006FFFFFFFFFFF4F
:10272000FFFFFF500000000000000000001EFFFF40
:10273000FFFFFFFFFFFFFE10000000000000000091
:102740000AFFFFFFFFFFFFFFFFFFFA00000000008E
:1027500000000005FFFFFFFFFF6FFFFFFFFFF4001A
:1027600000000000000001EFFFFFFFFF60AFFFFF70
:10277000FFFFE000000000000000AFFFFFFFFFC010
:1027800001EFFFFFFFFF900000000000004FFFFF80
:10279000FFFFF20005FFFFFFFFFF30000000000019
:1027A0000EFFFFFFFFF700000BFFFFFFFFFD000024
:1027B00000000009FFFFFFFFFD0000002FFFFFFFEB
:1027C000FFF80000000003FFFFFFFFFF30000000E4
:1027D0007FFFFFFFFFF300000000DFFFFFFFFF9020
:1027E00000000000CFFFFFFFFFC00000008FFFFFD1
:1027F000FFFFE00000000002FFFFFFFFFF7000008E
:102800003FFFFFFFFFF5000000000008FFFFFFFF94
:10281000FF20000CFFFFFFFFFA0000000000000D8A
:10282000FFFFFFFFFB0007FFFFFFFFFF100000009F
:102830000000003FFFFFFFFFF602FFFFFFFFFF600A
:10284000000000000000009FFFFFFFFFE1388888C4
:102850008887000000000000000038888888870111
:10286000FFFFFFFFF6000000000000000CFFFFFF6D
:10287000FFA007FFFFFFFFE100000000000006FFD0
:10288000FFFFFFF1000EFFFFFFFF900000000000C0
:1028900000EFFFFFFFF800005FFFFFFFFF200000D9
:1028A0000000008FFFFFFFFE000000CFFFFFFFFBD7
:1028B00000000000002FFFFFFFFF60000003FFFF8C
:1028C000FFFFF4000000000BFFFFFFFFC00000004F
:1028D0000AFFFFFFFFD000000004FFFFFFFFF4002E
:1028E0000000001FFFFFFFFF70000000DFFFFFFF81
:1028F000FA00000000008FFFFFFFFF1000006FFFD5
:10290000FFFFFF200000000000EFFFFFFFF90000C5
:102910001EFFFFFFFF80000000000006FFFFFFFF1B
:10292000F20009FFFFFFFFE10000000000000CFFC4
:10293000FFFFFFB002FFFFFFFFF6000000000000F6
:10294000003FFFFFFFFF50BFFFFFFFFD0000000043
:1029500000000000AFFFFFFFFD5FFFFFFFFF400033
:1029600000000000000002FFFFFFFFFFFFFFFFFF6E
:10297000B0000000000000000008FFFFFFFFFFFFA5
:10298000FFFFF20000000000000000000EFFFFFF4C
:10299000FFFFFFFFF9000000000000000000006FD3
:1029A000FFFFFFFFFFFFFF1000000000000000001E
:1029B0000000DFFFFFFFFFFFFF70000000000000CE
:1029C0000000000004FFFFFFFFFFFFD00000000039
:1029D000000000000000000BFFFFFFFFFFF50000FC
:1029E000000000000000000000002FFFFFFFFFFCC0
:1029F000000000000000000000000000009FFFFF3A
:102A0000FFFF300000000000000000000000000197
:102A1000FFFFFFFFB000000000000000000000000A
:102A200000001FFFFFFFFA00000000000000000090
:102A30000000000001FFFFFFFFA0000000000000F9
:102A4000000000000000001FFFFFFFFA0000000070
:102A500000000000000000000001FFFFFFFFA000D9
:102A60000000000000000000000000001FFFFFFF4A
:102A7000FA0000000000000000000000000001FF5C
:102A8000FFFFFFA0000000000000000000000000A9
:102A9000001FFFFFFFFA0000000000000000000020
:102AA00000000001FFFFFFFFA00000000000000089
:102AB0000000000000001FFFFFFFFA000000000000
:102AC000000000000000000001FFFFFFFFA0000069
:102AD00000000000000000000000001FFFFFFFFAE0
:102AE0000000000000000000000000000001FFFFE7
:102AF000FFFFA00000000000000000000000000038
:102B00001FFFFFFFFA0000000000000000000000AF
:102B1000000001FFFFFFFFA0000000000000000018
:102B200000000000001FFFFFFFFA0000000000008F
:102B30000007AAAAAAAAAAAAAAAAAAAAAAAAAAAA42
:102B4000AAA00CFFFFFFFFFFFFFFFFFFFFFFFFFF3C
:102B5000FFFFF00CFFFFFFFFFFFFFFFFFFFFFFFF87
:102B6000FFFFFFF00CFFFFFFFFFFFFFFFFFFFFFF77
:102B7000FFFFFFFFF00CFFFFFFFFFFFFFFFFFFFF67
:102B8000FFFFFFFFFFF00CFFFFFFFFFFFFFFFFFF57
:102B9000FFFFFFFFFFFFF00CFFFFFFFFFFFFFFFF47
:102BA000FFFFFFFFFFFFFFE00CFFFFFFFFFFFFFF47
:102BB000FFFFFFFFFFFFFFFF3000000000000000ED
:102BC0000000005FFFFFFFFFF600000000000000B4
:102BD00000000002FFFFFFFFFF9000000000000068
:102BE000000000000DFFFFFFFFFC000000000000E0
:102BF0000000000000AFFFFFFFFFE1000000000049
:102C0000000000000007FFFFFFFFFF300000000092
:102C10000000000000004FFFFFFFFFF60000000073
:102C200000000000000002EFFFFFFFFFA000000017
:102C3000000000000000000CFFFFFFFFFD0000008F
:102C40000000000000000000AFFFFFFFFFE20000F7
:102C5000000000000000000006FFFFFFFFFF400033
:102C60000000000000000000003FFFFFFFFFF70032
:102C700000000000000000000001EFFFFFFFFFA0C8
:102C8000000000000000000000000CFFFFFFFFFD3F
:102C900000000000000000000000009FFFFFFFFF99
:102CA000F20000000000000000000006FFFFFFFF30
:102CB000FF50000000000000000000003FFFFFFF89
:102CC000FFF80000000000000000000001EFFFFF1F
:102CD000FFFFB0000000000000000000000BFFFF3D
:102CE000FFFFFD10000000000000000000008FFF4B
:102CF000FFFFFFF30000000000000000000005FFE0
:102D0000FFFFFFFF50000000000000000000002F48
:102D1000FFFFFFFFF90000000000000000000000BE
:102D2000DFFFFFFFFFC00000000000000000000008
:102D30000BFFFFFFFFFE100000000000000000007E
:102D4000007FFFFFFFFFF300000000000000000015
:102D50000004FFFFFFFFFFEBBBBBBBBBBBBBBBBBB1
:102D6000BBB32EFFFFFFFFFFFFFFFFFFFFFFFFFFD4
:102D7000FFFFF56FFFFFFFFFFFFFFFFFFFFFFFFFFD
:102D8000FFFFFFF56FFFFFFFFFFFFFFFFFFFFFFFED
:102D9000FFFFFFFFF56FFFFFFFFFFFFFFFFFFFFFDD
:102DA000FFFFFFFFFFF56FFFFFFFFFFFFFFFFFFFCD
:102DB000FFFFFFFFFFFFF56FFFFFFFFFFFFFFFFFBD
:102DC000FFFFFFFFFFFFFFF56FFFFFFFFFFFFFFFAD
:102DD000FFFFFFFFFFFFFFFFF5466666666666665C
:102DE0004BFFFFFFFFFFFFFBBFFFFFFFFFFFFFBB2F
:102DF000FFFFFFFFFFFFFBBFFFFFFFFFFFFFBBFF6B
:102E0000FFFFFFFFFFFBBFFFFFFFFFFFFFBBFFFF5A
:102E1000FF70000000BFFFFFF70000000BFFFFFF87
:102E200070000000BFFFFFF70000000BFFFFFF7006
:102E3000000000BFFFFFF70000000BFFFFFF700066
:102E40000000BFFFFFF70000000BFFFFFF70000056
:102E500000BFFFFFF70000000BFFFFFF7000000046
:102E6000BFFFFFF70000000BFFFFFF70000000BF77
:102E7000FFFFF70000000BFFFFFF70000000BFFF27
:102E8000FFF70000000BFFFFFF70000000BFFFFF17
:102E9000F70000000BFFFFFF70000000BFFFFFF70F
:102EA0000000000BFFFFFF70000000BFFFFFF700F6
:102EB00000000BFFFFFF70000000BFFFFFF70000E6
:102EC000000BFFFFFF70000000BFFFFFF7000000D6
:102ED0000BFFFFFF70000000BFFFFFF70000000BBB
:102EE000FFFFFF70000000BFFFFFF70000000BFFB7
:102EF000FFFF70000000BFFFFFF70000000BFFFFA7
:102F0000FF70000000BFFFFFF70000000BFFFFFF96
:102F100070000000BFFFFFF70000000BFFFFFF7015
:102F2000000000BFFFFFFB6666664BFFFFFFFFFF71
:102F3000FFFBBFFFFFFFFFFFFFBBFFFFFFFFFFFF29
:102F4000FBBFFFFFFFFFFFFFBBFFFFFFFFFFFFFB1D
:102F5000BFFFFFFFFFFFFFB03FFFFFFFF4000000D8
:102F6000000000000000000BFFFFFFFB000000005E
:102F700000000000000004FFFFFFFF300000000021
:102F8000000000000000CFFFFFFFB00000000000C5
:102F900000000000004FFFFFFFF2000000000000F3
:102FA000000000000DFFFFFFFA000000000000001D
:102FB00000000005FFFFFFFF2000000000000000F0
:102FC000000000DFFFFFFF90000000000000000095
:102FD00000006FFFFFFFF100000000000000000094
:102FE000000EFFFFFFF800000000000000000000DE
:102FF00007FFFFFFFF0000000000000000000000CE
:10300000EFFFFFFF70000000000000000000008FD5
:10301000FFFFFFE0000000000000000000001FFFB5
:10302000FFFFF60000000000000000000009FFFFA5
:10303000FFFE0000000000000000000001FFFFFF95
:10304000FF50000000000000000000009FFFFFFF95
:10305000D0000000000000000000002FFFFFFFF57F
:10306000000000000000000000000AFFFFFFFC005D
:1030700000000000000000000003FFFFFFFF400011
:10308000000000000000000000BFFFFFFFB00000D4
:1030900000000000000000003FFFFFFFF300000001
:1030A000000000000000000CFFFFFFFB000000001C
:1030B00000000000000004FFFFFFFF2000000000F0
:1030C000000000000000DFFFFFFFA0000000000084
:1030D00000000000005FFFFFFFF2000000000000A2
:1030E000000000000DFFFFFFF900000000000000DD
:1030F00000000006FFFFFFFF1000000000000000BE
:10310000000000EFFFFFFF80000000000000000053
:1031100000007FFFFFFFF100000000000000000042
:10312000000EFFFFFFF7000000000000000000009D
:1031300008FFFFFFFE00000000000000000000018B
:10314000FFFFFFFF60000000000000000000008F94
:10315000FFFFFFE0000000000000000000001FFF74
:10316000FFFFF60000000000000000000009FFFF64
:10317000FFFD0000000000000000000002FFFFFF54
:10318000FF5000000000000000000000AFFFFFFF44
:10319000C0000000000000000000002FFFFFFFF44F
:1031A000000000000000000000000BFFFFFFFB001C
:1031B00000000000000000000003FFFFFFFF3000E0
:1031C000000000000000000000CFFFFFFFB0000083
:1031D00000000000000000004FFFFFFFF24666669F
:1031E000666666664CFFFFFFFFFFFFFACFFFFFFF3B
:1031F000FFFFFFACFFFFFFFFFFFFFACFFFFFFFFF67
:10320000FFFFACFFFFFFFFFFFFFACFFFFFFFFFFF56
:10321000FFA00000008FFFFFFA00000008FFFFFF83
:10322000A00000008FFFFFFA00000008FFFFFFA0D2
:103230000000008FFFFFFA00000008FFFFFFA00062
:1032400000008FFFFFFA00000008FFFFFFA0000052
:10325000008FFFFFFA00000008FFFFFFA000000042
:103260008FFFFFFA00000008FFFFFFA00000008FA3
:10327000FFFFFA00000008FFFFFFA00000008FFF23
:10328000FFFA00000008FFFFFFA00000008FFFFF13
:10329000FA00000008FFFFFFA00000008FFFFFFA08
:1032A00000000008FFFFFFA00000008FFFFFFA00F2
:1032B000000008FFFFFFA00000008FFFFFFA0000E2
:1032C0000008FFFFFFA00000008FFFFFFA000000D2
:1032D00008FFFFFFA00000008FFFFFFA00000008BA
:1032E000FFFFFFA00000008FFFFFFA00000008FFB3
:1032F000FFFFA00000008FFFFFFA00000008FFFFA3
:10330000FFA00000008FFFFFFA00000008FFFFFF92
:10331000A00000008FFFFFFA00000008FFFFFFA0E1
:103320000000008FFFFFFA4666666BFFFFFFACFFF1
:10333000FFFFFFFFFFFACFFFFFFFFFFFFFACFFFF25
:10334000FFFFFFFFFACFFFFFFFFFFFFFACFFFFFF15
:10335000FFFFFFFACFFFFFFFFFFFFFA0000000000D
:103360000000000000000000000000008FFFFFFFD1
:10337000FF800000000000004FFFFFFFFFFF500034
:10338000000000001EFFFFFFFFFFFF200000000005
:103390000CFFFFFFFFFFFFFC0000000009FFFFFF25
:1033A000FFFFFFFFF900000005FFFFFFFF7FFFFFAA
:1033B000FFF5000002FFFFFFFF505FFFFFFFF2007D
:1033C00000DFFFFFFF70006FFFFFFFD0009FFFFFD8
:1033D000FF9000008FFFFFFFA06FFFFFFFA0000026
:1033E00000AFFFFFFF603FFFFFFFFFFFFFFFFFFF9B
:1033F000FFFFFFFFFFFFF84FFFFFFFFFFFFFFFFF94
:10340000FFFFFFFFFFFFFFF94FFFFFFFFFFFFFFF82
:10341000FFFFFFFFFFFFFFFFF94FFFFFFFFFFFFF72
:10342000FFFFFFFFFFFFFFFFFFF94FFFFFFFFFFF62
:10343000FFFFFFFFFFFFFFFFFFFFF900000000009D
:10344000000000000000004BC0000000000006DF8C
:10345000FF80000000018EFFFFFF4000000AFFFF19
:10346000FFFFFE1000004EFFFFFFFFFA0000002DDF
:10347000FFFFFFFFF60000000AFFFFFFFFF2000062
:103480000007FFFFFFFFC000000005FFFFFFFF80F8
:1034900000000002DFFFFFFF3000000000000356C5
:1034A00077652000000000000000039DFFFFFFFF84
:1034B000FEA3000000000007DFFFFFFFFFFFFFFF8C
:1034C000B100000006EFFFFFFFFFFFFFFFFFFF401F
:1034D0000001CFFFFFFFFFFFFFFFFFFFFFF3000132
:1034E000EFFFFFFFFFFFFFFFFFFFFFFE00004FFFAB
:1034F000FFFFFFFFFFFFFFFFFFFF700008FFFFFF61
:10350000D97556AFFFFFFFFFD00000CFFE8200004D
:103510000002EFFFFFFFF100002E7000000000002E
:103520005FFFFFFFF50000000000000000000FFF3C
:10353000FFFFF60000000000000000000DFFFFFF8D
:10354000F8000000058BDEFFFFFFFFFFFFFFF80024
:103550000019FFFFFFFFFFFFFFFFFFFFF90006FF5E
:10356000FFFFFFFFFFFFFFFFFFFFF9008FFFFFFFE0
:10357000FFFFFFFFFFFFFFFFF904FFFFFFFFFFFF5C
:10358000FFFFFFFFFFFFF90DFFFFFFFFFFFFFFFF43
:10359000FFFFFFFFF92FFFFFFFFFB52111111EFFF6
:1035A000FFFFF97FFFFFFFF7000000000EFFFFFFA6
:1035B000F98FFFFFFFE0000000000FFFFFFFF99F02
:1035C000FFFFFFD0000000003FFFFFFFF98FFFFF6C
:1035D000FFF000000000BFFFFFFFF97FFFFFFFF7D4
:1035E00000000009FFFFFFFFF93FFFFFFFFF93000F
:1035F00015CFFFFFFFFFF90EFFFFFFFFFFFFFFFFEC
:10360000FFFFFFFFF907FFFFFFFFFFFFFFFFFFFFC8
:10361000FFFFF900DFFFFFFFFFFFFFFFFFFFFFFFDF
:10362000F9001EFFFFFFFFFFFFFFF9FFFFFFF9009B
:1036300002CFFFFFFFFFFFFF45FFFFFFF90000077D
:10364000EFFFFFFFFFB105FFFFFFF9000000059D41
:10365000EFEC830005FFFFFFF901111111100000CD
:103660000000000000000000000FFFFFFFF6000058
:103670000000000000000000000FFFFFFFF6000048
:103680000000000000000000000FFFFFFFF6000038
:103690000000000000000000000FFFFFFFF6000028
:1036A0000000000000000000000FFFFFFFF6000018
:1036B0000000000000000000000FFFFFFFF6000008
:1036C0000000000000000000000FFFFFFFF60000F8
:1036D0000000000000000000000FFFFFFFF60000E8
:1036E0000000000000000000000FFFFFFFF60000D8
:1036F0000000000000000000000FFFFFFFF60000C8
:103700000000000000000000000FFFFFFFF60000B7
:103710000256764100000000000FFFFFFFF6001880
:10372000EFFFFFFFC6000000000FFFFFFFF607FFDF
:10373000FFFFFFFFFFD30000000FFFFFFFF69FFF1B
:10374000FFFFFFFFFFFF7000000FFFFFFFFEFFFF07
:10375000FFFFFFFFFFFFF800000FFFFFFFFFFFFF6E
:10376000FFFFFFFFFFFFFF70000FFFFFFFFFFFFFE7
:10377000FFFFFFFFFFFFFFF3000FFFFFFFFFFFFF54
:10378000EBACFFFFFFFFFFFD000FFFFFFFFFFFE5BB
:10379000000018FFFFFFFFFF600FFFFFFFFFFD109E
:1037A0000000004FFFFFFFFFD00FFFFFFFFFE10012
:1037B00000000005FFFFFFFFF30FFFFFFFFF6000AA
:1037C00000000000AFFFFFFFF70FFFFFFFFE00004C
:1037D000000000003FFFFFFFFA0FFFFFFFFA0000AD
:1037E000000000000DFFFFFFFD0FFFFFFFF60000D0
:1037F0000000000009FFFFFFFE0FFFFFFFF50000C4
:103800000000000008FFFFFFFF0FFFFFFFF40000B4
:103810000000000007FFFFFFFF0FFFFFFFF50000A4
:103820000000000008FFFFFFFE0FFFFFFFF7000092
:10383000000000000BFFFFFFFD0FFFFFFFFB00007C
:10384000000000000EFFFFFFFA0FFFFFFFFF200048
:10385000000000006FFFFFFFF70FFFFFFFFFA0005A
:1038600000000001EFFFFFFFF20FFFFFFFFFF70077
:103870000000000BFFFFFFFFD00FFFFFFFFFFF80E7
:10388000000002CFFFFFFFFF600FFFFFFFFFFFFE03
:103890008546AFFFFFFFFFFD000FFFFFFFFFFFFFAC
:1038A000FFFFFFFFFFFFFFF4000FFFFFFFFFFFFF22
:1038B000FFFFFFFFFFFFFF80000FFFFFFFFFFFFF86
:1038C000FFFFFFFFFFFFFA00000FFFFFFFF7DFFF23
:1038D000FFFFFFFFFFFFA000000FFFFFFFF61BFF32
:1038E000FFFFFFFFFFF70000000FFFFFFFF6007E66
:1038F000FFFFFFFFFB300000000FFFFFFFF600009F
:103900006ADFFEC820000000000000000000001474
:1039100067764200000000000000000018DFFFFF93
:10392000FFFE93000000000000019FFFFFFFFFFF6C
:10393000FFFC400000000005FFFFFFFFFFFFFFFF4F
:10394000FFB100000008FFFFFFFFFFFFFFFFFFFFC9
:10395000E3000009FFFFFFFFFFFFFFFFFFFFFFF492
:103960000008FFFFFFFFFFFFFFFFFFFFFFFF200437
:10397000FFFFFFFFFFFFFFFFFFFFFFFF6000DFFF15
:10398000FFFFFFF8310138EFFFFFA0005FFFFFFFEF
:10399000FFA1000000006FFFD0000CFFFFFFFF90B1
:1039A00000000000001DF20001FFFFFFFFC000004B
:1039B000000000001500005FFFFFFFF300000000A3
:1039C000000000000008FFFFFFFD000000000000F5
:1039D00000000000AFFFFFFF9000000000000000AB
:1039E00000000BFFFFFFF8000000000000000000D7
:1039F00000CFFFFFFF700000000000000000000B80
:103A0000FFFFFFF900000000000000000000AFFF12
:103A1000FFFFB000000000000000000007FFFFFFF4
:103A2000FF000000000000000000004FFFFFFFF754
:103A300000000000000004400000FFFFFFFFF20054
:103A40000000000003FF20000AFFFFFFFFE300006B
:103A5000000005FFFE10003FFFFFFFFFF810000011
:103A60002AFFFFFD0000AFFFFFFFFFFFC989DFFF57
:103A7000FFFFFB0001EFFFFFFFFFFFFFFFFFFFFF67
:103A8000FFF90003FFFFFFFFFFFFFFFFFFFFFFFF47
:103A9000500004FFFFFFFFFFFFFFFFFFFFFF50008D
:103AA0000003EFFFFFFFFFFFFFFFFFFD30000000FF
:103AB000019FFFFFFFFFFFFFFFF900000000000074
:103AC0003AFFFFFFFFFFFFA200000000000000011F
:103AD00059CEFFFDA610000000000000000000000D
:103AE0000000000001111111100000000000000092
:103AF000000000001FFFFFFFF500000000000000B5
:103B0000000000001FFFFFFFF500000000000000A4
:103B1000000000001FFFFFFFF50000000000000094
:103B2000000000001FFFFFFFF50000000000000084
:103B3000000000001FFFFFFFF50000000000000074
:103B4000000000001FFFFFFFF50000000000000064
:103B5000000000001FFFFFFFF50000000000000054
:103B6000000000001FFFFFFFF50000000000000044
:103B7000000000001FFFFFFFF50000000000000034
:103B8000000000001FFFFFFFF500000000000467B9
:103B9000753000001FFFFFFFF5000000003AFFFF37
:103BA000FFFFA3001FFFFFFFF50000001BFFFFFF4B
:103BB000FFFFFF911FFFFFFFF5000004EFFFFFFF76
:103BC000FFFFFFFD2FFFFFFFF500004FFFFFFFFF8F
:103BD000FFFFFFFFEFFFFFFFF50003FFFFFFFFFF0A
:103BE000FFFFFFFFFFFFFFFFF5000EFFFFFFFFFFDF
:103BF000FFFFFFFFFFFFFFFFF5009FFFFFFFFFFF3E
:103C0000DBBDFFFFFFFFFFFFF502FFFFFFFFFFB27E
:103C100000003CFFFFFFFFFFF508FFFFFFFFF8007C
:103C20000000009FFFFFFFFFF50EFFFFFFFF90006A
:103C30000000000BFFFFFFFFF52FFFFFFFFE00005E
:103C400000000002FFFFFFFFF56FFFFFFFF700001E
:103C500000000000AFFFFFFFF58FFFFFFFF2000045
:103C6000000000005FFFFFFFF5AFFFFFFFE0000077
:103C7000000000001FFFFFFFF5AFFFFFFFC00000C7
:103C8000000000000FFFFFFFF5BFFFFFFFC00000B7
:103C9000000000000FFFFFFFF5AFFFFFFFD00000A7
:103CA000000000000FFFFFFFF58FFFFFFFF0000097
:103CB000000000003FFFFFFFF56FFFFFFFF4000073
:103CC000000000007FFFFFFFF52FFFFFFFFA00005D
:103CD00000000000DFFFFFFFF50EFFFFFFFF4000C9
:103CE00000000006FFFFFFFFF508FFFFFFFFE200F7
:103CF0000000003FFFFFFFFFF502FFFFFFFFFE5048
:103D0000000005FFFFFFFFFFF5009FFFFFFFFFFC27
:103D10007447CFFFFFFFFFFFF5001EFFFFFFFFFF10
:103D2000FFFFFFFFFFFFFFFFF50004FFFFFFFFFFA7
:103D3000FFFFFFFFFFFFFFFFF500006FFFFFFFFF2B
:103D4000FFFFFFFFFFFFFFFFF5000006FFFFFFFF84
:103D5000FFFFFFFF5FFFFFFFF50000004EFFFFFFCB
:103D6000FFFFFFE31FFFFFFFF5000000019FFFFFC4
:103D7000FFFFF9101FFFFFFFF500000000017BEFC0
:103D8000FEB710001FFFFFFFF50000000000003528
:103D9000776540000000000000000000004AFFFFBF
:103DA000FFFFFC710000000000000003CFFFFFFFD9
:103DB000FFFFFFF910000000000009FFFFFFFFFFF9
:103DC000FFFFFFFE30000000001CFFFFFFFFFFFFB2
:103DD000FFFFFFFF600000000CFFFFFFFFFFFFFF82
:103DE000FFFFFFFF6000000BFFFFFFFFFFFFFFFF74
:103DF000FFFFFFFF300006FFFFFFFFFFDA89BFFF75
:103E0000FFFFFFFD0000EFFFFFFFFC40000019FF78
:103E1000FFFFFFF5007FFFFFFFF90000000007FF35
:103E2000FFFFFFB00DFFFFFFFC00000000000BFFD5
:103E3000FFFFFF01FFFFFFFF3000000000004FFF0A
:103E4000FFFFF35FFFFFFFE0000000000001FFFF46
:103E5000FFFF68FFFFFFFFFFFFFFFFFFFFFFFFFF09
:103E6000FFF7AFFFFFFFFFFFFFFFFFFFFFFFFFFFBA
:103E7000FF8AFFFFFFFFFFFFFFFFFFFFFFFFFFFFC7
:103E8000F8BFFFFFFFFFFFFFFFFFFFFFFFFFFFFF89
:103E90008AFFFFFFFFFFFFFFFFFFFFFFFFFFFFF8AE
:103EA0009FFFFFFFFFFFFFFFFFFFFFFFFFFFFF87FA
:103EB000FFFFFFFB11111111111111111111103F11
:103EC000FFFFFFE00000000000000000000000FF16
:103ED000FFFFFF70000000000000000000000AFF6C
:103EE000FFFFFF4000000000006D100000003FFFDA
:103EF000FFFFFF70000000019FFC00000000BFFFFB
:103F0000FFFFFFD7311259FFFFFB00000002FFFF48
:103F1000FFFFFFFFFFFFFFFFFFFA00000005FFFFAD
:103F2000FFFFFFFFFFFFFFFFFFF900000006FFFF9D
:103F3000FFFFFFFFFFFFFFFFFF9000000005FFFFF7
:103F4000FFFFFFFFFFFFFFFF600000000002CFFF49
:103F5000FFFFFFFFFFFFFC200000000000005CFFF0
:103F6000FFFFFFFFFFC50000000000000000027A15
:103F7000DEFFEDA6200000000000000000017BDE57
:103F8000EDA500000000000019FFFFFFFFFE60002C
:103F90000000003EFFFFFFFFFFFFC10000002EFFFB
:103FA000FFFFFFFFFFFFD000000DFFFFFFFFFFFF40
:103FB000FFF7000006FFFFFFFFFFFFFFFE0000000E
:103FC000DFFFFFFFFFFFFFFF6000001FFFFFFFFF9E
:103FD0006104BFD0000004FFFFFFFF600000640029
:103FE00000006FFFFFFFF100000000000007FFFF6F
:103FF000FFFF000000000000007FFFFFFFF0000057
:10400000000000FFFFFFFFFFFFFFFFFFF4000FFFB7
:10401000FFFFFFFFFFFFFFFF4000FFFFFFFFFFFF6E
:10402000FFFFFFF4000FFFFFFFFFFFFFFFFFFF4059
:1040300000FFFFFFFFFFFFFFFFFFF4000FFFFFFF89
:10404000FFFFFFFFFFFF40001228FFFFFFFF2222BC
:1040500022200000007FFFFFFFF0000000000000B2
:1040600007FFFFFFFF000000000000007FFFFFFFD1
:10407000F000000000000007FFFFFFFF000000004D
:104080000000007FFFFFFFF000000000000007FFBE
:10409000FFFFFF000000000000007FFFFFFFF000B7
:1040A000000000000007FFFFFFFF0000000000000D
:1040B000007FFFFFFFF000000000000007FFFFFF90
:1040C000FF000000000000007FFFFFFFF000000085
:1040D00000000007FFFFFFFF000000000000007F5E
:1040E000FFFFFFF000000000000007FFFFFFFF00E0
:1040F0000000000000007FFFFFFFF0000000000054
:104100000007FFFFFFFF000000000000007FFFFF2F
:10411000FFF000000000000007FFFFFFFF000000AD
:10412000000000007FFFFFFFF0000000000000071C
:10413000FFFFFFFF000000000000007FFFFFFFF017
:1041400000000000000007FFFFFFFF00000000006C
:1041500000007FFFFFFFF000000000000007FFFFEE
:10416000FFFF000000000000000000000003677671
:1041700030000000000000000000000029FFFFFFE9
:10418000FF91000FFFFFFFF600000009FFFFFFFF98
:10419000FFFF600FFFFFFFF6000002DFFFFFFFFFE2
:1041A000FFFFF90FFFFFFFF600002EFFFFFFFFFFED
:1041B000FFFFFF9FFFFFFFF60001EFFFFFFFFFFF85
:1041C000FFFFFFFFFFFFFFF6000CFFFFFFFFFFFFFA
:1041D000FFFFFFFFFFFFFFF6007FFFFFFFFFFFEC8A
:1041E000CEFFFFFFFFFFFFF601FFFFFFFFFFB30062
:1041F000002AFFFFFFFFFFF607FFFFFFFFF70000AA
:1042000000006FFFFFFFFFF60DFFFFFFFF700000D4
:10421000000007FFFFFFFFF61FFFFFFFFC0000008D
:10422000000000DFFFFFFFF65FFFFFFFF50000006B
:104230000000006FFFFFFFF67FFFFFFFF1000000AF
:104240000000002FFFFFFFF69FFFFFFFE0000000D0
:104250000000000FFFFFFFF69FFFFFFFD0000000F0
:104260000000000EFFFFFFF69FFFFFFFD0000000E1
:104270000000000FFFFFFFF68FFFFFFFF0000000C0
:104280000000001FFFFFFFF67FFFFFFFF3000000AD
:104290000000004FFFFFFFF65FFFFFFFF900000087
:1042A000000000AFFFFFFFF61FFFFFFFFF20000031
:1042B000000002FFFFFFFFF60CFFFFFFFFC0000042
:1042C00000000CFFFFFFFFF607FFFFFFFFFC2000D1
:1042D0000002CFFFFFFFFFF600EFFFFFFFFFFA53E3
:1042E000249FFFFFFFFFFFF6007FFFFFFFFFFFFFA1
:1042F000FFFFFFFFFFFFFFF6000BFFFFFFFFFFFFCA
:10430000FFFFFFFFFFFFFFF60001DFFFFFFFFFFFE3
:10431000FFFFFFFFEFFFFFF600002DFFFFFFFFFF96
:10432000FFFFFFF5CFFFFFF5000000AFFFFFFFFF2E
:10433000FFFFFD30EFFFFFF500000004CFFFFFFFA0
:10434000FFFF8001FFFFFFF400000000027BEFFF92
:10435000DA500005FFFFFFF200000000000000003F
:104360000000000CFFFFFFF0000000000000000054
:104370000000005FFFFFFFB000000B6000000000C6
:10438000000004FFFFFFFF7000004FFC5000000022
:1043900000008FFFFFFFFF100000DFFFFD942001F2
:1043A000259FFFFFFFFFF9000005FFFFFFFFFFFF55
:1043B000FFFFFFFFFFFFF100000DFFFFFFFFFFFF0B
:1043C000FFFFFFFFFFFF6000005FFFFFFFFFFFFF3A
:1043D000FFFFFFFFFFF80000005EFFFFFFFFFFFF92
:1043E000FFFFFFFFFF7000000001AFFFFFFFFFFFB7
:1043F000FFFFFFFFD30000000000039FFFFFFFFF50
:10440000FFFFFFE800000000000000016BFFFFFF5E
:10441000FFFFB60000000000000000000002467729
:1044200065300000000000000111111110000000B3
:10443000000000000000000FFFFFFFF6000000007A
:104440000000000000000FFFFFFFF600000000006A
:1044500000000000000FFFFFFFF60000000000005A
:10446000000000000FFFFFFFF6000000000000004A
:104470000000000FFFFFFFF600000000000000003A
:1044800000000FFFFFFFF60000000000000000002A
:10449000000FFFFFFFF6000000000000000000001A
:1044A0000FFFFFFFF6000000000000000000000FFB
:1044B000FFFFFFF6000000000000000000000FFFFB
:1044C000FFFFF6000000000000000000000FFFFFEB
:1044D000FFF6000003577520000000000FFFFFFFEC
:1044E000F60018EFFFFFFD700000000FFFFFFFF662
:1044F00006EFFFFFFFFFFE4000000FFFFFFFF69FEC
:10450000FFFFFFFFFFFFF600000FFFFFFFFEFFFFB3
:10451000FFFFFFFFFFFF40000FFFFFFFFFFFFFFF59
:10452000FFFFFFFFFFE2000FFFFFFFFFFFFFFFFFA7
:10453000FFFFFFFFFA000FFFFFFFFFFFFFEDEFFFA1
:10454000FFFFFFFF100FFFFFFFFFFFB30002AFFFF2
:10455000FFFFFF700FFFFFFFFFF70000000AFFFFE4
:10456000FFFFB00FFFFFFFFFA000000001FFFFFFF4
:10457000FFE00FFFFFFFFF1000000000AFFFFFFF95
:10458000F00FFFFFFFFB00000000007FFFFFFFF1C7
:104590000FFFFFFFF800000000005FFFFFFFF20FBA
:1045A000FFFFFFF600000000004FFFFFFFF20FFFCC
:1045B000FFFFF600000000004FFFFFFFF20FFFFFBC
:1045C000FFF600000000004FFFFFFFF20FFFFFFFAC
:1045D000F600000000004FFFFFFFF20FFFFFFFF6A5
:1045E00000000000004FFFFFFFF20FFFFFFFF6008B
:1045F000000000004FFFFFFFF20FFFFFFFF600007B
:104600000000004FFFFFFFF20FFFFFFFF60000006A
:1046100000004FFFFFFFF20FFFFFFFF6000000005A
:10462000004FFFFFFFF20FFFFFFFF600000000004A
:104630004FFFFFFFF20FFFFFFFF600000000004FEB
:10464000FFFFFFF20FFFFFFFF600000000004FFF2B
:10465000FFFFF20FFFFFFFF600000000004FFFFF1B
:10466000FFF20FFFFFFFF600000000004FFFFFFF0B
:10467000F20FFFFFFFF600000000004FFFFFFFF208
:104680000FFFFFFFF600000000004FFFFFFFF20FDB
:10469000FFFFFFF600000000004FFFFFFFF20FFFDB
:1046A000FFFFF600000000004FFFFFFFF2002AEEC0
:1046B000C600005FFFFFFA001FFFFFFFF608FFFFC5
:1046C000FFFFD0BFFFFFFFFF0BFFFFFFFFF18FFFDB
:1046D000FFFFFE02FFFFFFFF7005FFFFFFA00003CB
:1046E000BFFC600000000000000000000000000FA0
:1046F000FFFFFFF600FFFFFFFF600FFFFFFFF60069
:10470000FFFFFFFF600FFFFFFFF600FFFFFFFF60EF
:104710000FFFFFFFF600FFFFFFFF600FFFFFFFF639
:1047200000FFFFFFFF600FFFFFFFF600FFFFFFFF2F
:10473000600FFFFFFFF600FFFFFFFF600FFFFFFFAF
:10474000F600FFFFFFFF600FFFFFFFF600FFFFFF18
:10475000FF600FFFFFFFF600FFFFFFFF600FFFFF8F
:10476000FFF600FFFFFFFF600FFFFFFFF600FFFFF8
:10477000FFFF600FFFFFFFF600FFFFFFFF600FFF6F
:10478000FFFFF600FFFFFFFF600FFFFFFFF600FFD8
:10479000FFFFFF600FFFFFFFF600000000000000BA
:1047A0004BFFC500000000000007FFFFFF80000076
:1047B0000000003FFFFFFFF40000000000AFFFFF1C
:1047C000FFFB0000000000DFFFFFFFFE0000000015
:1047D00000DFFFFFFFFE0000000000AFFFFFFFFB58
:1047E00000000000003FFFFFFFF400000000000792
:1047F000FFFFFF800000000000004BEEB40000004F
:1048000000000000000000000000000000000000A8
:10481000000000000000002FFFFFFFF30000000079
:10482000002FFFFFFFF300000000002FFFFFFFF34A
:1048300000000000002FFFFFFFF300000000002F2A
:10484000FFFFFFF300000000002FFFFFFFF3000059
:104850000000002FFFFFFFF300000000002FFFFF0C
:10486000FFF300000000002FFFFFFFF30000000037
:10487000002FFFFFFFF300000000002FFFFFFFF3FA
:1048800000000000002FFFFFFFF300000000002FDA
:10489000FFFFFFF300000000002FFFFFFFF3000009
:1048A0000000002FFFFFFFF300000000002FFFFFBC
:1048B000FFF300000000002FFFFFFFF300000000E7
:1048C000002FFFFFFFF300000000002FFFFFFFF3AA
:1048D00000000000002FFFFFFFF300000000002F8A
:1048E000FFFFFFF300000000002FFFFFFFF30000B9
:1048F0000000002FFFFFFFF300000000002FFFFF6C
:10490000FFF300000000002FFFFFFFF30000000096
:10491000002FFFFFFFF300000000002FFFFFFFF359
:1049200000000000002FFFFFFFF300000000002F39
:10493000FFFFFFF300000000002FFFFFFFF3000068
:104940000000002FFFFFFFF300000000003FFFFF0B
:10495000FFF300000000004FFFFFFFF30000A10085
:10496000009FFFFFFFF10006FE6116FFFFFFFFF053
:10497000001FFFFFFFFFFFFFFFC000AFFFFFFFFFB4
:10498000FFFFFF7004FFFFFFFFFFFFFFFF100DFFA2
:10499000FFFFFFFFFFFFF7002EFFFFFFFFFFFFFFFF
:1049A000A00001CFFFFFFFFFFFF900000006EFFFAF
:1049B000FFFFFE5000000000049CEEC95000000004
:1049C0000111111110000000000000000000000F94
:1049D000FFFFFFF6000000000000000000000FFFD6
:1049E000FFFFF6000000000000000000000FFFFFC6
:1049F000FFF6000000000000000000000FFFFFFFB6
:104A0000F6000000000000000000000FFFFFFFF6AE
:104A1000000000000000000000000FFFFFFFF60094
:104A20000000000000000000000FFFFFFFF6000084
:104A300000000000000000000FFFFFFFF600000074
:104A4000000000000000000FFFFFFFF60000000064
:104A50000000000000000FFFFFFFF6000000000054
:104A600000000000000FFFFFFFF600000000000044
:104A7000000000000FFFFFFFF600000000BFFFFF77
:104A8000FFFFC00FFFFFFFF60000000AFFFFFFFF60
:104A9000FD100FFFFFFFF60000008FFFFFFFFFE19B
:104AA000000FFFFFFFF6000007FFFFFFFFFE2000E3
:104AB0000FFFFFFFF600006FFFFFFFFFF300000F87
:104AC000FFFFFFF60004FFFFFFFFFF4000000FFFA6
:104AD000FFFFF6003FFFFFFFFFF50000000FFFFFA5
:104AE000FFF602FFFFFFFFFF700000000FFFFFFF58
:104AF000F62EFFFFFFFFF8000000000FFFFFFFF79B
:104B0000DFFFFFFFFF90000000000FFFFFFFFFFF30
:104B1000FFFFFFFA00000000000FFFFFFFFFFFFF95
:104B2000FFFFB000000000000FFFFFFFFFFFFFFFCF
:104B3000FF1000000000000FFFFFFFFFFFFFFFFF5F
:104B40007000000000000FFFFFFFFFFFFFFFFFF2FC
:104B500000000000000FFFFFFFFFFFFFFFFFFB0053
:104B6000000000000FFFFFFFFFFFFFFFFFFF6000DF
:104B70000000000FFFFFFFFFFFFFFFFFFFE100004E
:104B800000000FFFFFFFFFFFFFFFFFFFFA00000025
:104B9000000FFFFFFFFFFCAFFFFFFFFF5000000013
:104BA0000FFFFFFFFFC01EFFFFFFFFE10000000F30
:104BB000FFFFFFFD1005FFFFFFFFF90000000FFFE3
:104BC000FFFFF60000BFFFFFFFFF4000000FFFFFE9
:104BD000FFF600001FFFFFFFFFD000000FFFFFFFE9
:104BE000F6000006FFFFFFFFF900000FFFFFFFF6D2
:104BF000000000CFFFFFFFFF30000FFFFFFFF600B8
:104C000000002FFFFFFFFFD0000FFFFFFFF60000A7
:104C10000007FFFFFFFFF8000FFFFFFFF600000097
:104C200000CFFFFFFFFF200FFFFFFFF60000000097
:104C30003FFFFFFFFFC00FFFFFFFF600000000086F
:104C4000FFFFFFFFF701111111100FFFFFFFF60F1C
:104C5000FFFFFFF60FFFFFFFF60FFFFFFFF60FFF4F
:104C6000FFFFF60FFFFFFFF60FFFFFFFF60FFFFF3F
:104C7000FFF60FFFFFFFF60FFFFFFFF60FFFFFFF2F
:104C8000F60FFFFFFFF60FFFFFFFF60FFFFFFFF628
:104C90000FFFFFFFF60FFFFFFFF60FFFFFFFF60FFF
:104CA000FFFFFFF60FFFFFFFF60FFFFFFFF60FFFFF
:104CB000FFFFF60FFFFFFFF60FFFFFFFF60FFFFFEF
:104CC000FFF60FFFFFFFF60FFFFFFFF60FFFFFFFDF
:104CD000F60FFFFFFFF60FFFFFFFF60FFFFFFFF6D8
:104CE0000FFFFFFFF60FFFFFFFF60FFFFFFFF60FAF
:104CF000FFFFFFF60FFFFFFFF60FFFFFFFF60FFFAF
:104D0000FFFFF60FFFFFFFF60FFFFFFFF60FFFFF9E
:104D1000FFF60FFFFFFFF60FFFFFFFF6000000009A
:104D200000000004676300000000000001467653A5
:104D30000000000000FFFFFFFF6002AFFFFFFD600B
:104D4000000000005BFFFFFFFE920000000FFFFF6E
:104D5000FFF607FFFFFFFFFFC1000003DFFFFFFFBC
:104D6000FFFFF9000000FFFFFFFF69FFFFFFFFFFEC
:104D7000FFD10007FFFFFFFFFFFFFFFC10000FFF49
:104D8000FFFFFEFFFFFFFFFFFFFFD008FFFFFFFF5A
:104D9000FFFFFFFFFB0000FFFFFFFFFFFFFFFFFF25
:104DA000FFFFFF86FFFFFFFFFFFFFFFFFFF7000F83
:104DB000FFFFFFFFFFFFFFFFFFFFFFFFFFFFFFFF03
:104DC000FFFFFFFFFFFFF100FFFFFFFFFFFFFEDE22
:104DD000FFFFFFFFFFFFFFFFFDEFFFFFFFFFFF7084
:104DE0000FFFFFFFFFFFB30003CFFFFFFFFFFFFD3C
:104DF000500018FFFFFFFFFC00FFFFFFFFFF7000E8
:104E00000001EFFFFFFFFFFB00000007FFFFFFFFB8
:104E1000F00FFFFFFFFFA000000007FFFFFFFFFDF7
:104E2000000000000DFFFFFFFF30FFFFFFFFF1005C
:104E30000000002FFFFFFFFF50000000007FFFFF7A
:104E4000FFF40FFFFFFFFB0000000000FFFFFFFF6C
:104E5000F00000000004FFFFFFFF50FFFFFFFF8096
:104E6000000000000EFFFFFFFC00000000002FFF0D
:104E7000FFFFF60FFFFFFFF60000000000DFFFFF5F
:104E8000FFA00000000001FFFFFFFF60FFFFFFFF2A
:104E900060000000000DFFFFFFFA00000000000F9F
:104EA000FFFFFFF60FFFFFFFF60000000000DFFF2F
:104EB000FFFFA00000000000FFFFFFFF60FFFFFFFB
:104EC000FF60000000000DFFFFFFFA00000000007F
:104ED0000FFFFFFFF60FFFFFFFF60000000000DFEF
:104EE000FFFFFFA00000000000FFFFFFFF60FFFFCB
:104EF000FFFF60000000000DFFFFFFFA0000000050
:104F0000000FFFFFFFF60FFFFFFFF600000000009D
:104F1000DFFFFFFFA00000000000FFFFFFFF60FFBA
:104F2000FFFFFF60000000000DFFFFFFFA00000020
:104F300000000FFFFFFFF60FFFFFFFF6000000006D
:104F400000DFFFFFFFA00000000000FFFFFFFF6089
:104F5000FFFFFFFF60000000000DFFFFFFFA0000F1
:104F60000000000FFFFFFFF60FFFFFFFF60000003D
:104F70000000DFFFFFFFA00000000000FFFFFFFFB9
:104F800060FFFFFFFF60000000000DFFFFFFFA0061
:104F9000000000000FFFFFFFF60FFFFFFFF600000D
:104FA000000000DFFFFFFFA00000000000FFFFFF88
:104FB000FF60FFFFFFFF60000000000DFFFFFFFA32
:104FC00000000000000FFFFFFFF60FFFFFFFF600DD
:104FD00000000000DFFFFFFFA00000000000FFFF57
:104FE000FFFF60FFFFFFFF60000000000DFFFFFFFD
:104FF000FA00000000000FFFFFFFF60FFFFFFFF6B3
:105000000000000000DFFFFFFFA00000000000FF25
:10501000FFFFFF60FFFFFFFF60000000000DFFFFCC
:10502000FFFA00000000000FFFFFFFF60000000085
:1050300000000003577530000000000FFFFFFFF66F
:105040000018EFFFFFFE800000000FFFFFFFF606D5
:10505000EFFFFFFFFFFE4000000FFFFFFFF69FFF87
:10506000FFFFFFFFFFF600000FFFFFFFFEFFFFFF48
:10507000FFFFFFFFFF50000FFFFFFFFFFFFFFFFFDE
:10508000FFFFFFFFF2000FFFFFFFFFFFFFFFFFFF2C
:10509000FFFFFFFA000FFFFFFFFFFFFA5459FFFF6A
:1050A000FFFFFF200FFFFFFFFFFD2000002EFFFF8F
:1050B000FFFF700FFFFFFFFFE100000004FFFFFF95
:1050C000FFB00FFFFFFFFF4000000000DFFFFFFF0A
:1050D000E00FFFFFFFFD00000000008FFFFFFFF06B
:1050E0000FFFFFFFF900000000005FFFFFFFF10F5F
:1050F000FFFFFFF700000000004FFFFFFFF20FFF70
:10510000FFFFF600000000004FFFFFFFF20FFFFF60
:10511000FFF600000000004FFFFFFFF20FFFFFFF50
:10512000F600000000004FFFFFFFF20FFFFFFFF649
:1051300000000000004FFFFFFFF20FFFFFFFF6002F
:10514000000000004FFFFFFFF20FFFFFFFF600001F
:105150000000004FFFFFFFF20FFFFFFFF60000000F
:1051600000004FFFFFFFF20FFFFFFFF600000000FF
:10517000004FFFFFFFF20FFFFFFFF60000000000EF
:105180004FFFFFFFF20FFFFFFFF600000000004F90
:10519000FFFFFFF20FFFFFFFF600000000004FFFD0
:1051A000FFFFF20FFFFFFFF600000000004FFFFFC0
:1051B000FFF20FFFFFFFF600000000004FFFFFFFB0
:1051C000F20FFFFFFFF600000000004FFFFFFFF2AD
:1051D0000FFFFFFFF600000000004FFFFFFFF20F80
:1051E000FFFFFFF600000000004FFFFFFFF20FFF80
:1051F000FFFFF600000000004FFFFFFFF20FFFFF70
:10520000FFF600000000004FFFFFFFF2000000006B
:105210000000146777530000000000000000000049
:105220000028EFFFFFFFFFA50000000000000000C6
:1052300002BFFFFFFFFFFFFFFD4000000000000076
:1052400006FFFFFFFFFFFFFFFFFFA00000000000C1
:1052500009FFFFFFFFFFFFFFFFFFFFD1000000007E
:1052600009FFFFFFFFFFFFFFFFFFFFFFD10000006F
:1052700007FFFFFFFFFFFFFFFFFFFFFFFFC0000073
:1052800003FFFFFFFFFFFFDCEFFFFFFFFFFF8000DB
:1052900000CFFFFFFFFFC4000028FFFFFFFFFF203C
:1052A000005FFFFFFFFF7000000003EFFFFFFFFA4A
:1052B000000BFFFFFFFF800000000003FFFFFFFF68
:1052C000F101FFFFFFFFD0000000000008FFFFFF1B
:1052D000FF605FFFFFFFF60000000000001FFFFF00
:1052E000FFFA08FFFFFFFF10000000000000BFFFF3
:1052F000FFFFE0AFFFFFFFD000000000000008FF4D
:10530000FFFFFF0BFFFFFFFC000000000000006F2D
:10531000FFFFFFF1CFFFFFFFB0000000000000061D
:10532000FFFFFFFF1BFFFFFFFC000000000000006D
:105330007FFFFFFFF09FFFFFFFE000000000000085
:1053400009FFFFFFFF07FFFFFFFF30000000000025
:1053500000DFFFFFFFC03FFFFFFFF900000000007C
:10536000004FFFFFFFF900EFFFFFFFF2000000001A
:10537000000CFFFFFFFF4009FFFFFFFFD10000000F
:105380000009FFFFFFFFE0002FFFFFFFFFD300003A
:10539000001AFFFFFFFFF700008FFFFFFFFFFB7406
:1053A00046AFFFFFFFFFFD000000DFFFFFFFFFFF35
:1053B000FFFFFFFFFFFFFF30000002FFFFFFFFFFC7
:1053C000FFFFFFFFFFFFFF6000000003FFFFFFFF85
:1053D000FFFFFFFFFFFFFF800000000003EFFFFF64
:1053E000FFFFFFFFFFFFFF60000000000001AFFFB5
:1053F000FFFFFFFFFFFFFD30000000000000003B4B
:10540000FFFFFFFFFFFFD6000000000000000000CC
:10541000016ACEFFFDB73000000000000000000070
:105420000000000146774100000000000FFFFFFF71
:10543000F60007CFFFFFFFC5000000000FFFFFFFD2
:10544000F605EFFFFFFFFFFFC20000000FFFFFFFA9
:10545000F68FFFFFFFFFFFFFFF5000000FFFFFFF72
:10546000FEFFFFFFFFFFFFFFFFF600000FFFFFFF44
:10547000FFFFFFFFFFFFFFFFFFFF50000FFFFFFFDA
:10548000FFFFFFFFFFFFFFFFFFFFF2000FFFFFFF28
:10549000FFFFFFEBACFFFFFFFFFFFC000FFFFFFF75
:1054A000FFFFE5000018FFFFFFFFFF400FFFFFFFBA
:1054B000FFFD100000004FFFFFFFFFC00FFFFFFFC9
:1054C000FFE10000000005FFFFFFFFF20FFFFFFFFD
:1054D000FF600000000000AFFFFFFFF60FFFFFFFBF
:1054E000FE0000000000003FFFFFFFFA0FFFFFFF7C
:1054F000FA0000000000000DFFFFFFFC0FFFFFFFA0
:10550000F600000000000009FFFFFFFE0FFFFFFF95
:10551000F500000000000008FFFFFFFF0FFFFFFF86
:10552000F400000000000007FFFFFFFF0FFFFFFF78
:10553000F500000000000008FFFFFFFF0FFFFFFF66
:10554000F70000000000000BFFFFFFFD0FFFFFFF53
:10555000FB0000000000000EFFFFFFFB0FFFFFFF3E
:10556000FF2000000000006FFFFFFFF80FFFFFFFAC
:10557000FFA00000000001EFFFFFFFF30FFFFFFFA0
:10558000FFF7000000000BFFFFFFFFE00FFFFFFF32
:10559000FFFF80000002CFFFFFFFFF700FFFFFFF44
:1055A000FFFFFE8546AFFFFFFFFFFE000FFFFFFF7F
:1055B000FFFFFFFFFFFFFFFFFFFFF6000FFFFFFFF3
:1055C000FFFFFFFFFFFFFFFFFFFFA0000FFFFFFF39
:1055D000FEFFFFFFFFFFFFFFFFFC00000FFFFFFFCD
:1055E000F6CFFFFFFFFFFFFFFFC000000FFFFFFF31
:1055F000F60BFFFFFFFFFFFFF90000000FFFFFFFAB
:10560000F6006EFFFFFFFFFC400000000FFFFFFFF2
:10561000F600006ADFFEC830000000000FFFFFFF49
:10562000F600000000000000000000000FFFFFFF78
:10563000F600000000000000000000000FFFFFFF68
:10564000F600000000000000000000000FFFFFFF58
:10565000F600000000000000000000000FFFFFFF48
:10566000F600000000000000000000000FFFFFFF38
:10567000F600000000000000000000000FFFFFFF28
:10568000F600000000000000000000000FFFFFFF18
:10569000F600000000000000000000000FFFFFFF08
:1056A000F600000000000000000000000FFFFFFFF8
:1056B000F600000000000000000000000888888854
:1056C0008300000000000000000000000000000057
:1056D00000036765300000000000000000000000CB
:1056E00029FFFFFFFE91002FFFFFFFF500000008DC
:1056F000FFFFFFFFFFFF702FFFFFFFF5000001DF3F
:10570000FFFFFFFFFFFFFB3FFFFFFFF500002EFF46
:10571000FFFFFFFFFFFFFFEFFFFFFFF50001EFFFC0
:10572000FFFFFFFFFFFFFFFFFFFFFFF5000CFFFF85
:10573000FFFFFFFFFFFFFFFFFFFFFFF5006FFFFF12
:10574000FFFFFFDBBDFFFFFFFFFFFFF500EFFFFFE8
:10575000FFFFB200003CFFFFFFFFFFF506FFFFFF6A
:10576000FFF800000000AFFFFFFFFFF50CFFFFFF99
:10577000FF90000000000CFFFFFFFFF51FFFFFFF81
:10578000FE000000000002FFFFFFFFF55FFFFFFFCC
:10579000F7000000000000BFFFFFFFF58FFFFFFFD5
:1057A000F20000000000006FFFFFFFF59FFFFFFF0A
:1057B000E00000000000002FFFFFFFF5AFFFFFFF3C
:1057C000C00000000000001FFFFFFFF5BFFFFFFF4C
:1057D000C00000000000000FFFFFFFF5AFFFFFFF5C
:1057E000D00000000000001FFFFFFFF59FFFFFFF3C
:1057F000F00000000000004FFFFFFFF57FFFFFFFFC
:10580000F40000000000008FFFFFFFF53FFFFFFFE7
:10581000FA000000000000EFFFFFFFF50FFFFFFFA1
:10582000FF400000000006FFFFFFFFF50AFFFFFF3B
:10583000FFE2000000003FFFFFFFFFF503FFFFFF57
:10584000FFFE50000005FFFFFFFFFFF500BFFFFF59
:10585000FFFFFC7447CFFFFFFFFFFFF5002FFFFFA7
:10586000FFFFFFFFFFFFFFFFFFFFFFF50005FFFF4B
:10587000FFFFFFFFFFFFFFFFFFFFFFF500007FFFC0
:10588000FFFFFFFFFFFFFFFFFFFFFFF5000007FF28
:10589000FFFFFFFFFFFFFFFFFFFFFFF50000004ED0
:1058A000FFFFFFFFFFFFFE7FFFFFFFF5000000008F
:1058B0008FFFFFFFFFFF912FFFFFFFF500000000AC
:1058C000005ADFFEDA61002FFFFFFFF50000000045
:1058D000000000000000002FFFFFFFF500000000A7
:1058E000000000000000002FFFFFFFF50000000097
:1058F000000000000000002FFFFFFFF50000000087
:10590000000000000000002FFFFFFFF50000000076
:10591000000000000000002FFFFFFFF50000000066
:10592000000000000000002FFFFFFFF50000000056
:10593000000000000000002FFFFFFFF50000000046
:10594000000000000000002FFFFFFFF50000000036
:10595000000000000000002FFFFFFFF50000000026
:10596000000000000000002FFFFFFFF50000000016
:1059700000000000000000188888888200000000F5
:10598000000000014730FFFFFFFF60003AFFF60F05
:10599000FFFFFFF6009FFFFF60FFFFFFFF62DFFFDB
:1059A000FFF60FFFFFFFF8EFFFFFFF60FFFFFFFFB6
:1059B000FFFFFFFFF60FFFFFFFFFFFFFFFFF70FF7F
:1059C000FFFFFFFFFFFFFFF70FFFFFFFFFFFFFC915
:1059D0007730FFFFFFFFFFFD3000000FFFFFFFFFED
:1059E000FC00000000FFFFFFFFFF100000000FFFA2
:1059F000FFFFFF8000000000FFFFFFFFF20000003C
:105A0000000FFFFFFFFD0000000000FFFFFFFFA0F1
:105A1000000000000FFFFFFFF70000000000FFFF85
:105A2000FFFF60000000000FFFFFFFF60000000016
:105A300000FFFFFFFF60000000000FFFFFFFF60008
:105A400000000000FFFFFFFF60000000000FFFFFED
:105A5000FFF60000000000FFFFFFFF6000000000F5
:105A60000FFFFFFFF60000000000FFFFFFFF6000D8
:105A70000000000FFFFFFFF60000000000FFFFFF27
:105A8000FF60000000000FFFFFFFF60000000000B5
:105A9000FFFFFFFF60000000000FFFFFFFF60000A8
:105AA000000000FFFFFFFF6000000000000000009A
:105AB000000356765200000000000000005CFFFF6B
:105AC000FFFFEA4000000000004EFFFFFFFFFFFF66
:105AD000FD6000000008FFFFFFFFFFFFFFFFFC303D
:105AE00000008FFFFFFFFFFFFFFFFFFFD00004FF5D
:105AF000FFFFFFFFFFFFFFFFFF50000DFFFFFFFF56
:105B0000FFFFFFFFFFFC00002FFFFFFFF8311259DE
:105B1000EFFFF300006FFFFFFF7000000006DFA043
:105B200000008FFFFFFF4000000000082000008FF2
:105B3000FFFFFFB000000000000000006FFFFFFF4C
:105B4000FE60000000000000003FFFFFFFFFFFA518
:105B50000000000000000DFFFFFFFFFFFFFA5000F4
:105B600000000003FFFFFFFFFFFFFFFE81000000BA
:105B7000005FFFFFFFFFFFFFFFFE6000000003DF8D
:105B8000FFFFFFFFFFFFFFF90000000006EFFFFF30
:105B9000FFFFFFFFFF600000000005BFFFFFFFFFEA
:105BA000FFFFF00000000000016CFFFFFFFFFFF4AB
:105BB0000000000000000029FFFFFFFFF8000000C8
:105BC00000000000003EFFFFFFF90004E4000000B9
:105BD000000006FFFFFFF9000EFF92000000000525
:105BE000FFFFFFF800AFFFFFA40000000CFFFFFF66
:105BF000F505FFFFFFFFFB9889EFFFFFFFF01EFF9A
:105C0000FFFFFFFFFFFFFFFFFFFF902DFFFFFFFFE5
:105C1000FFFFFFFFFFFFFE10009FFFFFFFFFFFFFE3
:105C2000FFFFFFE3000003BFFFFFFFFFFFFFFFFDDC
:105C300030000000029EFFFFFFFFFFFE800000001B
:105C400000000037ADEFFEC9500000000007FFFF65
:105C5000FFFF000000000000007FFFFFFFF00000DA
:105C60000000000007FFFFFFFF0000000000000031
:105C70007FFFFFFFF000000000000007FFFFFFFFB5
:105C8000000000000000007FFFFFFFF000000000A8
:105C9000000007FFFFFFFF000000000000007FFF83
:105CA000FFFFF000000000000007FFFFFFFF000003
:105CB0000000000FFFFFFFFFFFFFFFFFFF4000FF9F
:105CC000FFFFFFFFFFFFFFFFF4000FFFFFFFFFFFDE
:105CD000FFFFFFFF4000FFFFFFFFFFFFFFFFFFF49D
:105CE000000FFFFFFFFFFFFFFFFFFF4000FFFFFF71
:105CF000FFFFFFFFFFFFF40001228FFFFFFFF222F3
:105D0000222200000007FFFFFFFF0000000000004C
:105D1000007FFFFFFFF000000000000007FFFFFF13
:105D2000FF000000000000007FFFFFFFF000000008
:105D300000000007FFFFFFFF000000000000007FE1
:105D4000FFFFFFF000000000000007FFFFFFFF0063
:105D50000000000000007FFFFFFFF00000000000D7
:105D60000007FFFFFFFF000000000000007FFFFFB3
:105D7000FFF000000000000007FFFFFFFF00000031
:105D8000000000007FFFFFFFF000000000000007A0
:105D9000FFFFFFFF000000000000006FFFFFFFF1AA
:105DA00000000000000005FFFFFFFF400000210091
:105DB00000004FFFFFFFFD10003E90000000FFFFBE
:105DC000FFFFFE87BFFF1000000BFFFFFFFFFFFF7D
:105DD000FFF90000004FFFFFFFFFFFFFFFF2000091
:105DE00000CFFFFFFFFFFFFFFFA0000001EFFFFF5D
:105DF000FFFFFFFFFD00000002DFFFFFFFFFFFFAD4
:105E000000000000009FFFFFFFFFD5000000000022
:105E10000017BEFED94000005FFFFFFFF100000049
:105E200000009FFFFFFFD5FFFFFFFF1000000000F5
:105E300009FFFFFFFD5FFFFFFFF100000000009F73
:105E4000FFFFFFD5FFFFFFFF100000000009FFFF6D
:105E5000FFFD5FFFFFFFF100000000009FFFFFFF5D
:105E6000D5FFFFFFFF100000000009FFFFFFFD5FEF
:105E7000FFFFFFF100000000009FFFFFFFD5FFFFC5
:105E8000FFFF100000000009FFFFFFFD5FFFFFFFA5
:105E9000F100000000009FFFFFFFD5FFFFFFFF1094
:105EA0000000000009FFFFFFFD5FFFFFFFF10000A2
:105EB0000000009FFFFFFFD5FFFFFFFF1000000065
:105EC0000009FFFFFFFD5FFFFFFFF1000000000082
:105ED0009FFFFFFFD5FFFFFFFF100000000009FF3D
:105EE000FFFFFD5FFFFFFFF100000000009FFFFFCD
:105EF000FFD5FFFFFFFF100000000009FFFFFFFDBF
:105F00005FFFFFFFF100000000009FFFFFFFD5FFD4
:105F1000FFFFFF20000000000AFFFFFFFD5FFFFF03
:105F2000FFF30000000000CFFFFFFFD4FFFFFFFFE3
:105F300060000000001FFFFFFFFD3FFFFFFFFA00B2
:105F400000000007FFFFFFFFD1FFFFFFFFF200008F
:105F50000003FFFFFFFFFD0EFFFFFFFFD100000565
:105F6000FFFFFFFFFFD0AFFFFFFFFFF9557CFFFFF3
:105F7000FFFFFFFD03FFFFFFFFFFFFFFFFFFFFFF2F
:105F8000FFFFD00CFFFFFFFFFFFFFFFFFFFFFFFF43
:105F9000FD002FFFFFFFFFFFFFFFFFFFFFFFFFD011
:105FA000004FFFFFFFFFFFFFFFB9FFFFFFFD0000F6
:105FB0004EFFFFFFFFFFFFB09FFFFFFFD000001964
:105FC000FFFFFFFFFF8009FFFFFFFD000000016AE8
:105FD000DEFEC710009FFFFFFFD0AFFFFFFFF10005
:105FE000000000000004FFFFFFFF74FFFFFFFF70D1
:105FF000000000000000AFFFFFFFF10DFFFFFFFDFD
:106000000000000000001FFFFFFFFA007FFFFFFFFE
:10601000F4000000000007FFFFFFFF4001FFFFFF4B
:10602000FFA00000000000DFFFFFFFE0000BFFFF0C
:10603000FFFF00000000003FFFFFFFF800005FFFD0
:10604000FFFFF60000000009FFFFFFFF200000EF48
:10605000FFFFFFC000000000FFFFFFFFC0000008BF
:10606000FFFFFFFF200000005FFFFFFFF5000000C3
:106070002FFFFFFFF80000000CFFFFFFFF000000F4
:1060800000CFFFFFFFE0000002FFFFFFFF900000D6
:106090000006FFFFFFFF5000008FFFFFFFF300002F
:1060A00000000FFFFFFFFB00000EFFFFFFFD0000E1
:1060B000000000AFFFFFFFF10004FFFFFFFF7000D3
:1060C00000000004FFFFFFFF7000AFFFFFFFF100C3
:1060D000000000000DFFFFFFFD001FFFFFFFFA00A3
:1060E00000000000007FFFFFFFF407FFFFFFFF40FD
:1060F000000000000001FFFFFFFFA0DFFFFFFFE047
:106100000000000000000BFFFFFFFF4FFFFFFFF844
:10611000000000000000005FFFFFFFFEFFFFFFFF29
:106120002000000000000000EFFFFFFFFFFFFFFF67
:10613000C00000000000000009FFFFFFFFFFFFFF9D
:10614000F500000000000000002FFFFFFFFFFFFF31
:10615000FF000000000000000000CFFFFFFFFFFF76
:10616000FF90000000000000000006FFFFFFFFFF9F
:10617000FFF30000000000000000000FFFFFFFFF22
:10618000FFFD00000000000000000000AFFFFFFF67
:10619000FFFF7000000000000000000004FFFFFF90
:1061A000FFFFF1000000000000000000000DFFFFF5
:1061B000FFFFFA00000000000000000000007FFF69
:1061C000FFFFFF400000000000000000000001FF92
:1061D000FFFFFFE00000000000001FFFFFFFF800CE
:1061E000000000000FFFFFFFF600000000001FFF8F
:1061F000FFFFF90CFFFFFFFD00000000004FFFFF55
:10620000FFFC00000000006FFFFFFFF407FFFFFF2F
:10621000FF30000000009FFFFFFFFF1000000000A4
:10622000BFFFFFFFE001FFFFFFFF8000000000EF66
:10623000FFFFFFFF6000000001FFFFFFFF9000CFA6
:10624000FFFFFFD000000003FFFFFFFFFFB00000D3
:106250000005FFFFFFFF40007FFFFFFFF20000008F
:1062600008FFFFFFFFFFF00000000AFFFFFFFF0035
:10627000001FFFFFFFF70000000DFFFFFFFFFFF50E
:106280000000000FFFFFFFFA00000CFFFFFFFC0003
:1062900000003FFFFFFFFFFFFA0000004FFFFFFF7E
:1062A000F4000007FFFFFFFF1000008FFFFFFFFF5C
:1062B000FFFE0000009FFFFFFFF0000002FFFFFF56
:1062C000FF600000DFFFFFFFFFFFFF400000EFFF68
:1062D000FFFFA0000000CFFFFFFFB00002FFFFFFA5
:1062E000FFFFFFFF900003FFFFFFFF400000007F64
:1062F000FFFFFFF00007FFFFFFFFFFFFFFE00009C8
:10630000FFFFFFFF000000002FFFFFFFF5000CFF65
:10631000FFFFFFFFFFFFF3000DFFFFFFFA0000008C
:10632000000CFFFFFFFA001FFFFFFFFFFFFFFFF85A
:10633000003FFFFFFFF50000000007FFFFFFFE002A
:106340006FFFFFFFFBFFFFFFFD008FFFFFFFF00070
:1063500000000002FFFFFFFF40BFFFFFFFC4FFFF81
:10636000FFFF20DFFFFFFFA00000000000DFFFFFB6
:10637000FF90FFFFFFFF70FFFFFFFF72FFFFFFFFB8
:106380005000000000007FFFFFFFE5FFFFFFFF2040
:10639000AFFFFFFFC7FFFFFFFF0000000000002F5F
:1063A000FFFFFFFDFFFFFFFC004FFFFFFFFDFFFFB3
:1063B000FFFA0000000000000DFFFFFFFFFFFFFFDE
:1063C000F7000FFFFFFFFFFFFFFFF50000000000D9
:1063D0000008FFFFFFFFFFFFFFF2000AFFFFFFFFC4
:1063E000FFFFFFF000000000000002FFFFFFFFFFC3
:1063F000FFFFC00005FFFFFFFFFFFFFFA000000041
:1064000000000000DFFFFFFFFFFFFF700000FFFF45
:10641000FFFFFFFFFF50000000000000008FFFFFA4
:10642000FFFFFFFF200000AFFFFFFFFFFFFF0000A7
:106430000000000000002FFFFFFFFFFFFC00000036
:106440005FFFFFFFFFFFFA00000000000000000DEB
:10645000FFFFFFFFFFF70000000FFFFFFFFFFFF54B
:10646000000000000000000008FFFFFFFFFFF20037
:1064700000000AFFFFFFFFFFF00000000000000027
:106480000003FFFFFFFFFFD000000005FFFFFFFF3D
:10649000FFA0000000000000000000DFFFFFFFFF82
:1064A0007000000000FFFFFFFFFF50000000000031
:1064B000000000008FFFFFFFFF2000000000BFFF73
:1064C000FFFFFF000000000000000000003FFFFF92
:1064D000FFFD00000000005FFFFFFFFB0000000069
:1064E0000006FFFFFFFFF90000000008FFFFFFFFAD
:1064F000F4000BFFFFFFFFF300000003FFFFFFFFAF
:10650000F900002FFFFFFFFFD0000000CFFFFFFFCB
:10651000FE0000006FFFFFFFFF7000007FFFFFFF26
:10652000FF40000000CFFFFFFFFF20002FFFFFFF15
:10653000FF9000000002FFFFFFFFFB000BFFFFFFCB
:10654000FFD00000000007FFFFFFFFF506FFFFFF81
:10655000FFF300000000000CFFFFFFFFE2EFFFFF72
:10656000FFF80000000000002FFFFFFFFFFFFFFF0C
:10657000FFFC000000000000007FFFFFFFFFFFFFA7
:10658000FFFF2000000000000000DFFFFFFFFFFF13
:10659000FFFF700000000000000003FFFFFFFFFF8F
:1065A000FFFFC0000000000000000008FFFFFFFF29
:1065B000FFFFF20000000000000000000DFFFFFFE1
:1065C000FFFFF6000000000000000000003FFFFF9A
:1065D000FFFFFB0000000000000000000000EFFFD4
:1065E000FFFFFF80000000000000000000009FFF90
:1065F000FFFFFFFF300000000000000000004FFF21
:10660000FFFFFFFFFD0000000000000000000EFF84
:10661000FFFFFFFFFFF8000000000000000009FF7F
:10662000FFFFFFFFFFFFF30000000000000004FF7A
:10663000FFFFFFFFFFFFFFD000000000000000EFA2
:10664000FFFFFFFFFFFFFFFF900000000000009F23
:10665000FFFFFFFFDFFFFFFFFF4000000000004FD4
:10666000FFFFFFFF63FFFFFFFFFE00000000000EC3
:10667000FFFFFFFFC007FFFFFFFFF9000000000959
:10668000FFFFFFFFF2000CFFFFFFFFF4000000041C
:10669000FFFFFFFFF600002FFFFFFFFFE1000000FC
:1066A000EFFFFFFFFC0000006FFFFFFFFFA00000F7
:1066B0009FFFFFFFFF20000000BFFFFFFFFF500014
:1066C0004FFFFFFFFF6000000001EFFFFFFFFE1024
:1066D0000EFFFFFFFFC00000000005FFFFFFFFFBF4
:1066E000009FFFFFFFF600000000000005FFFFFF16
:1066F000FF93FFFFFFFFC0000000000000BFFFFF8F
:10670000FFF30DFFFFFFFF2000000000001FFFFF51
:10671000FFFD006FFFFFFFF8000000000007FFFF14
:10672000FFFF7001FFFFFFFFE00000000000DFFF40
:10673000FFFFF1000AFFFFFFFF40000000004FFFD6
:10674000FFFFFA00004FFFFFFFFA000000000AFF02
:10675000FFFFFF400000EFFFFFFFF100000000FF20
:10676000FFFFFFE0000008FFFFFFFF700000006F69
:10677000FFFFFFF80000001FFFFFFFFD0000000CFF
:10678000FFFFFFFF20000000BFFFFFFFF30000023C
:10679000FFFFFFFFC000000005FFFFFFFF900000AC
:1067A0008FFFFFFFF5000000000EFFFFFFFE00005F
:1067B0000EFFFFFFFF00000000009FFFFFFFF5003E
:1067C00005FFFFFFFF900000000003FFFFFFFFB089
:1067D00000BFFFFFFFF300000000000DFFFFFFFF01
:1067E000101FFFFFFFFD0000000000006FFFFFFF14
:1067F000F707FFFFFFFF60000000000001FFFFFF41
:10680000FFD0DFFFFFFFF10000000000000AFFFFE4
:10681000FFFF7FFFFFFFFA000000000000004FFFB6
:10682000FFFFFFFFFFFFFF4000000000000000EF40
:10683000FFFFFFFFFFFFFFE0000000000000000877
:10684000FFFFFFFFFFFFFFF7000000000000000058
:106850002FFFFFFFFFFFFFFF100000000000000000
:1068600000CFFFFFFFFFFFFFB000000000000000AF
:106870000006FFFFFFFFFFFFF50000000000000023
:1068800000001FFFFFFFFFFFFE00000000000000F0
:10689000000000BFFFFFFFFFFF90000000000000AE
:1068A00000000005FFFFFFFFFFF2000000000000F6
:1068B000000000000FFFFFFFFFFC000000000000D1
:1068C0000000000000AFFFFFFFFF600000000000BD
:1068D000000000000005FFFFFFFFF00000000000C7
:1068E0000000000000002FFFFFFFFA000000000082
:1068F00000000000000005FFFFFFFF300000000067
:106900000000000B600000CFFFFFFFD00000000080
:1069100000000005FFB4019FFFFFFFF7000000002B
:1069200000000000EFFFFFFFFFFFFFFF100000006F
:10693000000000008FFFFFFFFFFFFFFFA00000002F
:10694000000000002FFFFFFFFFFFFFFFF30000002C
:10695000000000000BFFFFFFFFFFFFFFF90000003A
:106960000000000000BFFFFFFFFFFFFFFB00000073
:106970000000000000008FFFFFFFFFFFFA00000093
:10698000000000000000002BFFFFFFFFE5000000FB
:106990000000000000000000017ACCB840000000B8
:1069A0000000000000000009FFFFFFFFFFFFFFFFE6
:1069B000FFFFFFFB009FFFFFFFFFFFFFFFFFFFFF4A
:1069C000FFB009FFFFFFFFFFFFFFFFFFFFFFFB001F
:1069D0009FFFFFFFFFFFFFFFFFFFFFFFB009FFFF6C
:1069E000FFFFFFFFFFFFFFFFFFFB009FFFFFFFFF1A
:1069F000FFFFFFFFFFFFFFB009FFFFFFFFFFFFFFEC
:106A0000FFFFFFFFFA000000000000001CFFFFFF77
:106A1000FFFE100000000000000AFFFFFFFFFF3034
:106A200000000000000007FFFFFFFFFF4000000024
:106A300000000005FFFFFFFFFF70000000000000E6
:106A400003FFFFFFFFFF9000000000000001EFFFC9
:106A5000FFFFFFB000000000000000CFFFFFFFFFBE
:106A6000D100000000000000AFFFFFFFFFE20000C8
:106A700000000000008FFFFFFFFFF4000000000097
:106A800000005FFFFFFFFFF6000000000000003F76
:106A9000FFFFFFFFF8000000000000002EFFFFFFD7
:106AA000FFFA000000000000000DFFFFFFFFFC00E8
:106AB0000000000000000BFFFFFFFFFE10000000C1
:106AC00000000008FFFFFFFFFF3000000000000093
:106AD00006FFFFFFFFFF5000000000000004FFFF63
:106AE000FFFFFF8111111111111110AFFFFFFFFF07
:106AF000FFFFFFFFFFFFFFFF9AFFFFFFFFFFFFFF0B
:106B0000FFFFFFFFFFF9AFFFFFFFFFFFFFFFFFFFEB
:106B1000FFFFFF9AFFFFFFFFFFFFFFFFFFFFFFFFEA
:106B2000F9AFFFFFFFFFFFFFFFFFFFFFFFFF9AFF30
:106B3000FFFFFFFFFFFFFFFFFFFFFFF9AFFFFFFFBB
:106B4000FFFFFFFFFFFFFFFFFF900000000059CD98
:106B5000EEE60000003DFFFFFFF6000004FFFFFF30
:106B6000FFF600000EFFFFFFFFF600007FFFFFFFB4
:106B7000FFF60000BFFFFFFFFFF60000FFFFFFFF73
:106B8000FFF60000FFFFFFFF81000000FFFFFFFE98
:106B900000000001FFFFFFFC00000001FFFFFFFC01
:106BA00000000001FFFFFFFC00000001FFFFFFFCF1
:106BB00000000001FFFFFFFC00000001FFFFFFFCE1
:106BC00000000001FFFFFFFC00000001FFFFFFFCD1
:106BD00000000001FFFFFFFC00000001FFFFFFFCC1
:106BE00000000001FFFFFFFC00000002FFFFFFFCB0
:106BF00000000008FFFFFFFB0000EFFFFFFFFFF9B1
:106C00000000EFFFFFFFFFF40000EFFFFFFFFFA01A
:106C10000000EFFFFFFFFE100000EFFFFFFFFFC0CF
:106C20000000EFFFFFFFFFF50000DEFFFFFFFFFAB0
:106C300000000007FFFFFFFB00000002FFFFFFFC5A
:106C400000000001FFFFFFFC00000001FFFFFFFC50
:106C500000000001FFFFFFFC00000001FFFFFFFC40
:106C600000000001FFFFFFFC00000001FFFFFFFC30
:106C700000000001FFFFFFFC00000001FFFFFFFC20
:106C800000000001FFFFFFFC00000001FFFFFFFC10
:106C900000000001FFFFFFFC00000000FFFFFFFD00
:106CA00000000000FFFFFFFF92000000FFFFFFFF5A
:106CB000FFF60000CFFFFFFFFFF600007FFFFFFFA2
:106CC000FFF600001FFFFFFFFFF6000005FFFFFFBC
:106CD000FFF60000005EFFFFFFF6000000006ADF25
:106CE000FFF635555551CFFFFFF3CFFFFFF3CFFF31
:106CF000FFF3CFFFFFF3CFFFFFF3CFFFFFF3CFFF94
:106D0000FFF3CFFFFFF3CFFFFFF3CFFFFFF3CFFF83
:106D1000FFF3CFFFFFF3CFFFFFF3CFFFFFF3CFFF73
:106D2000FFF3CFFFFFF3CFFFFFF3CFFFFFF3CFFF63
:106D3000FFF3CFFFFFF3CFFFFFF3CFFFFFF3CFFF53
:106D4000FFF3CFFFFFF3CFFFFFF3CFFFFFF3CFFF43
:106D5000FFF3CFFFFFF3CFFFFFF3CFFFFFF3CFFF33
:106D6000FFF3CFFFFFF3CFFFFFF3CFFFFFF3CFFF23
:106D7000FFF3CFFFFFF3CFFFFFF3CFFFFFF3CFFF13
:106D8000FFF3CFFFFFF3CFFFFFF3CFFFFFF3CFFF03
:106D9000FFF3CFFFFFF3CFFFFFF3CFFFFFF3CFFFF3
:106DA000FFF3CFFFFFF3CFFFFFF3CFFFFFF3CFFFE3
:106DB000FFF3CFFFFFF33EEEDC950000000004FF81
:106DC000FFFFFE500000004FFFFFFFFF60000004C8
:106DD000FFFFFFFFFF2000004FFFFFFFFFF9000054
:106DE00004FFFFFFFFFFE000004FFFFFFFFFFF106A
:106DF0000000028FFFFFFFF200000000BFFFFFFF57
:106E00003000000009FFFFFFF3000000009FFFFFBC
:106E1000FF3000000009FFFFFFF3000000009FFFAC
:106E2000FFFF3000000009FFFFFFF3000000009F9C
:106E3000FFFFFF3000000009FFFFFFF3000000002C
:106E40009FFFFFFF3000000009FFFFFFF30000007D
:106E5000009FFFFFFF3000000009FFFFFFF300006D
:106E600000009FFFFFFF4000000009FFFFFFF90047
:106E70000000007FFFFFFFFFEE100002FFFFFFFF9B
:106E8000FFF1000009FFFFFFFFFF1000000DFFFFF3
:106E9000FFFFF1000008FFFFFFFFFF100002FFFFF0
:106EA000FFFFFFF100006FFFFFFFFFFF100009FF72
:106EB000FFFFFA000000009FFFFFFF4000000009F5
:106EC000FFFFFFF3000000009FFFFFFF3000000006
:106ED00009FFFFFFF3000000009FFFFFFF300000ED
:106EE0000009FFFFFFF3000000009FFFFFFF3000DD
:106EF000000009FFFFFFF3000000009FFFFFFF30CD
:106F000000000009FFFFFFF3000000009FFFFFFFEC
:106F10003000000009FFFFFFF300000000BFFFFF8B
:106F2000FF300000004FFFFFFFF200003DEFFFFFCA
:106F3000FFFF100004FFFFFFFFFFE000004FFFFF17
:106F4000FFFFFA000004FFFFFFFFFF2000004FFFDC
:106F5000FFFFFF70000004FFFFFFFF600000004F15
:106F6000FFFEB7100000000000000000000000005D
:106F7000000000000000000005AEFEB500000000AB
:106F80004D8300000002CFFFFFFFE70000003FFF3E
:106F9000EA51002EFFFFFFFFFFE600005FFFFFF555
:106FA00000DFFFFFFFFFFFFFE723DFFFFFF306FF29
:106FB000FFFFFFFFFFFFFFFFFFFFFFF00CFFFFFFE3
:106FC000FFFFFFFFFFFFFFFFFFB01FFFFFFFFFFF00
:106FD000FFFFFFFFFFFFFF605FFFFFFF614AFFFF53
:106FE000FFFFFFFFFD007FFFFFF900002AFFFFFF0B
:106FF000FFFFF3003AFFFFF40000003BFFFFFFFE3E
:1070000030000004AEF20000000029DFEC70000048
:107010000000004000000000000000000000000030
:1070200000000000000000000000D00E0000000082
:107030000000A0110B280300DC00401812100318F8
:107040006C01D02926290200770490231F2F02FC0F
:107050005007E02D28280300700A3027252B02FE58
:107060008C0DA00E08100318CC0D4014113202F93B
:10707000750F4014113201F91E11901914140315E3
:10708000E611B0201D1C02067C13A0100C1002FAA1
:10709000DC13701B1508030D301420100A0A0300BE
:1070A00062146022203401FAA217A02621290300CD
:1070B000471A9016112801009B1BE0211D29020090
:1070C000EE1D20211D2802003220F0201D28020084
:1070D000762260211D280200BA2440231E290300C5
:1070E000212770201D2802006529F0231E29030096
:1070F000CC2B40231F290200482E60110B190300DE
:10710000D22EA0110C1E03FA862FA0211C230205EB
:107110007031E0201D15020AA132A0211C230405B4
:107120008B34601D1A290100A036E0312E2D02F9A2
:10713000AB3AC0292B28FF00073E902621280400E7
:107140009B40002926290200A643102B2528040075
:107150008A46A0241E280400E24840221C2804007D
:10716000124B002A262902001D4EB02A22280400B4
:10717000C55060120A2804008D51201F1A280100F2
:107180009553C027242804006556D01F1B280400EF
:10719000815870352D280400055CC02D2528040079
:1071A000E95E402E2A2902004662F02520280400CC
:1071B000C664502E2D3102F81569B0282428040029
:1071C000E56BC02320290200756E102220280100E3
:1071D000F570102A222804009D7380262828FF00BD
:1071E000BD7610393B28FF00597BF0262728000088
:1071F000657EA0222528FF00498120262228020042
:10720000F183F0140F3304F8708510201E2B010059
:10721000F587F0140F3302F87489101B190B012C39
:10722000FE895028220503F9538A6015110B022CA0
:10723000B18A40211C200200718C5025202B0300B4
:10724000218F90201D200200F1905025202B02005C
:10725000A193A0221F20020091958016172B0200F7
:1072600080976025202C02F4409AD0231E2B030027
:10727000C59C60100B2B0300B29D30131437FCF437
:10728000D89F50211E2B03005DA260100A2B030023
:1072900034A310373120030044A6D0231E2003005E
:1072A00024A860242120020034AA5025202B03F5B5
:1072B000E4AC5025202B02F594AF001713200300F7
:1072C000C4B0201D1A20010064B2A01817280200C3
:1072D00030B4D0231D1F0300F2B5D020211F0000C1
:1072E000F2B78032321F0000F9BAC020211F00001F
:1072F000F9BC1021212B00F4BFBFF01E1B1F0200A0
:1073000062C13014103302F8FAC2700F083504F865
:10731000CEC33014113302F880C5F01D1C0D010FCF
:10732000200000005F0001000000000000000000DD
:107330000000020007080722073507370738073A19
:107340000807080F081008150822082B0845090926
:107350000911091509170919091A093009340942CF
:1073600009450947094B094F095009520954095564
:10737000095609570958095C0A0A0B220B2B0B45C1
:107380000B500B5A0E120E130E140E180E220E2B4B
:107390000E350E370E380E390E3A0E3B0E590E5B77
:1073A0000F080F120F180F300F350F360F370F3829
:1073B0000F3A0F470F550F570F580F5A1010101153
:1073C000101510171019101A1022102B103010342D
:1073D000104210451047104F1050105210541056C4
:1073E0001059105B1B351B371B381B3A1B5A2135B4
:1073F00021372138213A2208220B220E2212222084
:10740000223022342235223622372238223A223DB7
:1074100022422245224722502252225522562257EA
:107420002258225A230A23102322232B23352337C1
:1074300023382339233A233B233D233E2345234747
:107440002350235423552356235723582359235A73
:10745000235B240B240E2422243024422445244779
:10746000244F24502452245424552456250A250FF1
:1074700025102522252B2534253525372538253976
:10748000253A253B253D253E254225472549254AC8
:10749000254D254F2554255525562559255B263044
:1074A000264226452647264F265026522654265544
:1074B0002656270F27102722272B27342742274518
:1074C0002747274F275027522754275527562759F4
:1074D000275B280A28222835283728382839283ACF
:1074E000284728542855285728582859285A285BAF
:1074F0002A422A452A472A492A4A2A4D2A4F2A50EF
:107500002A522A542A552A562A5B2B102B222B2B1F
:107510002B422B452B472B492B4A2B4D2B4F2B50C6
:107520002B522B542B552B562B592B5B2C0E2C30BE
:107530002C342C422C452C472C4F2C502C522C54A4
:107540002C552C562C572C582C5A2D082D0B2D0E03
:107550002D122D202D302D352D362D372D382D3A4D
:107560002D3D2D452D472D502D522D552D562D5746
:107570002D582D5A300A300F30103022302B303435
:107580003035303730383039303A303B303D303EAE
:10759000304230473049304A304D304F305430550A
:1075A0003059305B310A310F31103122312B3139F2
:1075B000313A313B313E3142314531503152315413
:1075C000315B3210323E324B332B3330333533376D
:1075D0003338333A333D3342334533473349334A03
:1075E000334D334F3350335233553356335733586B
:1075F000335A34103422343534373439343A34453C
:107600003447344F3450345234543455345634574C
:1076100034583459345A345B3507350E350F35102C
:107620003515351B35213522352B3530353435426E
:10763000354535473549354A354D354F3550355245
:1076400035543556355735583559355A355B360F1B
:1076500036103622362B3642364536473649364ABC
:10766000364D364F365036523654365536563659D4
:10767000365B3707370E370F371037123715371B82
:1076800037213722372B37303734374237453747A2
:10769000374F375037523754375537563759375B8E
:1076A000380E380F38103815381B38213822382B4F
:1076B00038303834384238453847384F38503852E7
:1076C000385438563859385B390E393039343942E4
:1076D00039453947394F3950395239553956395763
:1076E0003958395A3A073A0E3A0F3A103A123A15BF
:1076F0003A1B3A213A223A2B3A303A343A3E3A424D
:107700003A453A473A4F3A503A523A543A553A562D
:107710003A573A583A593A5A3A5B3B0E3B303B4259
:107720003B453B473B4F3B503B523B553B563B5702
:107730003B583B5A3C113C153C173C193C303C34FF
:107740003C3A3C423C453C4B3C503C523C543C5601
:107750003D083D123D223D303D353D363D373D38FB
:107760003D3A3D553D573D583D5A420A422A422B2B
:107770004230423442354236423742384239423A48
:10778000423B423D4247425542574258425A4308C3
:10779000430A430B43104322432A432B43344335CC
:1077A0004336433743384339433A433B433D433EF3
:1077B000434743544355435743584359435A435B04
:1077C000435E440A440E443044344435443644371E
:1077D00044384439443A443D443E4445445044527C
:1077E000452A452B453045354536453B460A46102A
:1077F0004622462A462B46344635463646374638D4
:107800004639463A463B463D463E4647465546572C
:1078100046584659465A465B465E470A470B470E4E
:10782000470F47104722472B4735473747384739D7
:10783000473A473D473E47424745475047524754DE
:10784000475E484B4A2A4A2B4A304A354A364A3B19
:107850004B4B4C0B4C0E4C304C344C354C374C3A5B
:107860004C424C454C504C524C544D2A4D2B4D30B3
:107870004D354D364D3B4F0A4F2A4F2B4F304F342D
:107880004F354F364F374F384F394F3A4F3B4F3DBB
:107890004F474F554F574F584F5A500A500B5010A3
:1078A0005022502A502B50345035503650375038D3
:1078B0005039503A503B503D503E5047505450552F
:1078C000505750585059505A505B505E510A511001
:1078D0005122512A512B513451355136513751389B
:1078E0005139513A513B513D513E514751545155F7
:1078F000515751585159515A515B515E524B530790
:10790000530A530F53105322532A532B53355339D1
:10791000533A533B533E534253455350535253549F
:10792000540A54105422542A542B5430543554368B
:10793000543754385439543A543B543D543E5455BA
:1079400054575459545A553055355536553755387E
:10795000553A553D554555505552560A562A562BBF
:107960005630563456355636563756385639563AB6
:10797000563B563D570A570F57105722572B57352E
:107980005739573A57425745575057525754580A44
:10799000580F58105822582B58355839583A583BD8
:1079A00058425845585058525854590E5930593524
:1079B00059365937593A59425945595059525954DB
:1079C0005A0A5A0B5A0F5A105A225A2B5A355A39F8
:1079D0005A3A5A425A455A505A525A545B0E5B2AE6
:1079E0005B305B355B365B375B385B3A5B3D5B45F9
:1079F0005B505B525C305C455C4B5C505C525D4B59
:107A00005E0AF503F7F7F9F6F9D0E4F9EFF9FBFCB4
:107A1000F8F7F8FAFCF7FBF8F5FB2BFAF5F5F9FBAC
:107A2000F8FBFBFCFCEFF8FBFD05F6FAF9FBFBF6B7
:107A3000EAF6F8F5F0FAF7FCD0F4FAFAE9FBE9ED2A
:107A4000E9FDFAF2F5F289F8EFF7F8FBE7FBF6F952
:107A5000F1EEFBF5EEEEEFF6FBF6EBF6F8F2FDF8E5
:107A6000FAFCF7EFEFFBF8F8F7FEEAF8EEF0EBE9D7
:107A7000FEFBFBFBFBF4FCF3F4F3F9FBFDFCF8FA73
:107A8000FCFBF8FDFAF9FEFCFEFCFBFEFCFCFAFC3C
:107A9000FD06FDFEFAFDF7FEFDF7F8FBFEFDF7FB28
:107AA000F5F8F8FEF8F9FBF5F6FBF8F7FDFEFDFD3D
:107AB000FDFDFCFEFEFAFDFBFDFBFDFEFBFBFEFDFE
:107AC000FDEFF0F0F8FEFAFBFEFCFBFBF9FEFDFD1E
:107AD000FBFBFDFBFCFDFDFBFDFEFCFDFCFCFCFEE1
:107AE000FDFCFDFEFEFEFEFCFCFDFCFEFDF8FCFDCB
:107AF000FCFCFDFDFDFDFEFCFCFBFDFDFDFCF5F1D0
:107B0000F8F9EDFBFDECEDFDFAF6F5F4F5DEDDEB55
:107B1000F8F7F8E6FAE7EBE6E5FDFAFDFDF5FDEB33
:107B2000EFECF7FAF5F7F7FDF8F9FBF5F5FAF8F7EA
:107B3000FDFEFDFDFDFDFDFDF9FCF8EAEDEFF4F7BE
:107B4000FEFDFBFCFDFDFDFDFEFA0123FDFDFAFB44
:107B5000FCF8F9FBF8FDFEFEFEFEF8F8FCFBFDFD6F
:107B6000FDFBFDFDFEFEFEFEFAFDFEFEFCFAFDFC49
:107B7000FBFBFBFCFBEAE9EBF4EBF7EAFAF8FDE5CB
:107B8000E8FDFEFEFEF7E7E8E5EBE5E6E5E4E4FB0D
:107B9000F5F8FBFBFCFDFDFDFDFDFCFCFAFDFDFD2C
:107BA000FBFBF6E9E903F8F6FAEEFAF9FCEFEDFD76
:107BB000F4EDEDECFDF6FDF6F8EDEDFBF8FCF0FB79
:107BC000FBFEF2F0FDF6EEEFEEF8FDF8F5F4FDFB4E
:107BD000F1FAFDF1F1F8F6F5F4F5FAF0E9EB07F456
:107BE000F2F6EBFCF5FB03EDEAFBEFEAEAECFDEF66
:107BF000FDFCFAFDF0FBFAFDFAFBFDFAFAFBFBFDDA
:107C0000FCFDF9F6F9FCF7FC03F9F528F5F5FBF9AD
:107C1000EBF805FBF0FBF0F3F0FBF6F8F6FAFEFDEF
:107C2000FDFDEBFBF0F4FDEFFBF2FEFDFDFDFDFBCA
:107C3000F5FBF8FBFCF9FBE8FCEDF0F1EAF6F1F5F9
:107C4000FDFEFCFBFCF7FBFDFAFAFCFCFDEAFDF592
:107C5000F7FEEEF7FCFDFCFDFEFCFDFEFDFDF6F97A
:107C6000FCFDFBFDE3FDECF0F6EBF9F3F7FEFDFDAB
:107C7000FEFAFDFEFC0503FAF4F5EFFD0C19160DF6
:107C80001C0508FDFBFBFBFD0403FEFCFDFEFDFDEA
:107C90000D05F5F7FDE4FEFBFAF5F4F5FBFEFCFD42
:107CA000FEFDFDFAFEFDFDFDEBFBF0F4FDEFFBF14B
:107CB000FEFDFCFCFCF5FDF8FBFCF9FBE7FCEDEF41
:107CC000F1EAF6F1F5FCFEFCFBFCF7FBFDFAF5F83A
:107CD000FBFCF9FBE8FCEDF0F2EAF6F1F5FDFEFC49
:107CE000FBFCF7FBFDFA1DFCF9EFF0EDFEF1E5F30F
:107CF000FDFBFBFEFDFDFDFEF8FBFDFDFEFDE9FCD1
:107D0000F2F5FBECFDF5F9FEFEFDFEFDF6FCF7F8E5
:107D1000F2F8FEFDFEFAFEFCFDFEF7FDF4F6FDEFC7
:107D2000FDF8FBF2F0F3F7E5F5FDFDFBFBFBFCFADC
:107D3000F5F2F4F5E6F4FCFDFDFCFCFCFDF7F9E5DD
:107D4000FDFDFAFCF6F5F6FDFB07F2F1F3F6E4F5BE
:107D5000FDFDFBFBFBFCFCFDFDE2FCF7F8F1F8FD93
:107D6000FDFDFCFA26FAFA1BFC000000347304083F
:107D7000027A040867030000E8A9030820700408D9
:107D8000207304086C7D0408220001080000000034
:107D9000ABB9010851B60108000000004300000023
:107DA0000C00000000FC0300787D040800000000C7
:107DB0000000000000400400E00E0970DB1CE3E05E
:107DC0007F07F0FF8DF8DF84F86701E00100802075
:107DD000180E0783C1FFFF83C1E070180401008003
:107DE00001C007001C00000F807F23FFCDDC2700AF
:107DF0003F00FC3B387C60618006000001804BE95D
:107E00007D2025F4BC9012FBC07BEF7DE07E0FC18E
:107E1000F81E00000000000000000000000000103C
:107E20000C1002FE180000100A1003FE2C000010B7
:107E30000E1001FE480000100B1003FE000067004A
:107E4000E900A60102E60000A70101003C7E04084B
:107E50000000000004000300B47D0408147E040840
:107E6000447E040800000000000001020000000041
:107E7000ABB9010851B60108000000001000000075
:107E80000200000000000000587E0408000000000E
:107E9000000000005DDDDDDDDD60006DDDDDDDDDD0
:107EA0005FFFFFFFFFFF000FFFFFFFFFFEFFFFE38E
:107EB000CFFFF101FFFFFFFFFFFFFFFD0BFFFF10F3
:107EC0001FFFFFFFFFFFFFFFD0BFFFF101FFFFFF1D
:107ED000FFFFFFF1000000FF101FF0000001FFFF97
:107EE000DCB09CCFF101FFCCCCCCDFFFFFFD0BFF62
:107EF000FF101FFFFFFFFFFFFFFFD0CFFFF101FFCC
:107F0000FFFFFFFFFFFFFFFFFFFF100FFFFFFFFF60
:107F1000FE7FFFFFFFFF90008FFFFFFFFF7000005D
:107F20000000000000000000000000000000000051
:107F30000000000000000000000000000000000041
:107F40000000006FFFFFFFFF80007FFFFFFFFF6F5C
:107F5000FFFFFFFFFF100FFFFFFFFFFEFFFDFFFD15
:107F6000FFF101FFFFFFFFFFFFFD08F90CFF101FEE
:107F7000FD77777EFFFFF80506FFF101FFB11111D4
:107F8000CFFFFFF403FFFF101FFFFFFFFFFFFFF90D
:107F90000307FFF101FFC33333DFFFFD06F80BFFDB
:107FA000101FFC55555DFFFFFCFFFCFFF101FFFFBB
:107FB000FFFFFFFFFFFFFFFFFF100FFFFFFFFFFFB0
:107FC0008FFFFFFFFFA0009FFFFFFFFF8001111148
:107FD000111000000111111100000000000100004B
:107FE0000000000000000000AD10000000000000D4
:107FF000000009FFD100009B00000000007FEEFCA4
:108000000006FF9000000004FE22EFB02FFFF500F5
:1080100000002EF3002ED0CFFFFE100000CF600036
:108020000346FFFFFF800008FA0000000EFFFFFF7D
:10803000F1002FE10000004FFFFFFFF700CF5000DD
:1080400000009FFFFFFFFB05FC00000000BFFFFFDB
:10805000FFFD0CF408EFD400AFFFFFFFFC3FD09E04
:1080600042AF305FFFFFFFF78F81F4000EB00BFFD0
:10807000FFFFD0BF44F0000AE0439FFFFB10DF3456
:10808000F0000AF45731552000DF41F4000DC0081C
:1080900010681000AF60BD329F618100FF10006F5B
:1080A000C01CFFF806AA25FC00001FF300231000E7
:1080B000000DF6000007FD10000000009FD000003A
:1080C00000BFE30000001BFE200000000AFFC755B0
:1080D0006AFFE300000000006EFFFFFFFA100000DF
:1080E0000000000059BCA7200000000000000000B4
:1080F0000000000000000019191A00FC45010019D9
:10810000161902FD0000B00030E60000B1000100C9
:10811000048104080000000002000300947E0408AB
:10812000EC80040808810408000000000000010839
:1081300000000000ABB9010851B6010800000000C2
:108140001A00000004000000000000001C81040868
:1081500000000000000000000000000000122100EC
:108160000000000000000005AEFFFFEA5000000024
:10817000000004DFC853358CFD40000000008FC3B1
:10818000000000003CF80000000AF80000000000B9
:10819000008FA000008F5000000000000005F800D4
:1081A00003F900000000000000009F300BD0000029
:1081B00000009C3000000DB02F5000000003FFA015
:1081C000000005F28E0000000000DF50000000E813
:1081D000BB00000000000000000000BBE800000041
:1081E000000397000000008EE7000000009FFB00E6
:1081F0000000007EE8000000053CF7000000008D54
:10820000CA000000000FF100000000AC9D0000005B
:10821000003FE000000000E84F300000005FF22067
:10822000000003F40DA00000007FF80000000BD058
:1082300005F500000039400000005F5000BF20003D
:10824000000000000002FA00001DE4000000000031
:10825000001ED0000001CF7000000000001ED10001
:10826000000008FE830000000002EE20000000294C
:10827000EFFFEEFFFFFFFFE00000000003677777EE
:10828000766666400000000000000000000000006C
:1082900000200000000000000000000000003BA0E3
:1082A00000000000000000000000005CFF30000043
:1082B00000000000000000006DFFFB000000000057
:1082C00000000000018EFFFFF4000000000000002D
:1082D00000029FFFFFFFD00000000000000003AF7E
:1082E000FFFFFFFF6000000000000005CFFFFFFF61
:1082F000FFFE00000000000006DFFFFFFFFFFFF7AA
:108300000000000000004FFFFFFFFFFFFFF1000033
:1083100000000000BFCFFFFFFFFFFF900000000044
:108320000002FF24FFFFFFFFFF2000000000000A03
:10833000FA004FFFFFFFFA0000000000001FF200EC
:1083400004FFFFFFF30000000000008FA000004FBB
:10835000FFFFC0000000000000FF20000004FFFF3E
:1083600040000000000007FA000000004FFD000080
:10837000000000000EF200000002AFF60000000056
:1083800000005FA0000002AFFFC00000000000007E
:10839000DF200002AFFFB300000000000004FA007D
:1083A00002AFFF92000000000000000BF202AFFEDF
:1083B0008100000000000000002F92AFFD6000006F
:1083C00000000000000000AFDFFC500000000000D3
:1083D0000000000001FFFA30000000000000000073
:1083E000000008F92000000000000000000000006C
:1083F0000710000000000000000000000000000066
:10840000003800000000000082000000000000AF03
:10841000300000000002F90000000018BBEFCBBBE9
:10842000BBBBBBBCFEBB810002EFFFFFFFFFFFFF3A
:10843000FFFFFFFFFE200BF932BF5222222222252E
:10844000FA239FB00FE0007F100000000001F6004B
:108450000EF01FC0000000000000000000000CF142
:108460001FC0000000000000000000000CF11FFD14
:10847000DDDDDDDDDDDDDDDDDDDDDFF11FFFFFFF6E
:10848000FFFFFFFFFFFFFFFFFFF11FC00000000025
:108490000000000000000CF11FC0000001000000FF
:1084A000000000000CF11FC00000AF204EFFFFE4F1
:1084B00000000CF11FC00000CF40CFDDDDFB00004D
:1084C0000CF11FC00000CF40DF0001FC00000CF1E8
:1084D0001FC00000CF40DF0001FC00000CF11FC0F6
:1084E0000000CF40DF0001FC00000CF11FC00000C5
:1084F000CF40DF0001FC00000CF11FC00000CF40A6
:10850000DF0001FC00000CF11FC00000CF40DF00C5
:1085100001FC00000CF11FC00000CF40DF0001FC97
:1085200000000CF11FC00000CF40CFDDDDFB0000DC
:108530000CF11FC00000AF204EFFFFE400000CF163
:108540000FD0000001000000000000000DF00CF74B
:10855000000000000000000000007FC003FFFFFFDC
:10856000FFFFFFFFFFFFFFFFFF30002ADDDDDDDD46
:10857000DDDDDDDDDDDDA20000000000FFFFFFFF2F
:10858000FF0000000000000000FFFFFFFFFF0000F1
:10859000000000000000777AFFA7770000000000CD
:1085A0000000000004FF4000000000000001B200D5
:1085B0000004FF4000001A1000001DFD1016BEFF51
:1085C000EB6101DFD10003EFFA08FFFFFFFFFF803F
:1085D000AFFE300CFF82DFFFEA88AEFFFD28FFD040
:1085E00002E63FFFC30000003CFFE36E200001EF06
:1085F000F800000000008FFE1100000AFF7000006C
:1086000000000007FFA000002FFB000003BB3000AC
:1086100000BFF200009FF1000004FF4000002FF9AE
:108620000000EFB0000004FF4000000BFE0001FF5F
:1086300060000004FF40000006FF1003FF40000040
:1086400004FF40000004FF3003FF40000004FFB3BC
:10865000000004FF3002FF50000003FFFFC10005CF
:10866000FF2000FF8000000029FFD00008FF00006D
:10867000CFE0000000001850000EFC00006FF60074
:108680000000000000006FF600000EFF2000000058
:10869000000002FFE0000004FFD100000000001D08
:1086A000FF400000007FFE4000000004EFF70000E4
:1086B000000008FFFC620026CFFF900000000000D1
:1086C0005EFFFFFFFFFFE5000000000000018EFFDE
:1086D000FFFFE81000000000000000003677630094
:1086E0000000000000000110000010000000060063
:1086F000000000002F400008E10000008D00000095
:108700000002BFF0002FF9000004F2000000001486
:10871000FFFD209FFF00001E60000000001FFFFF04
:10872000718FFF0000CA0000000002AFFFFFF01AC7
:10873000C40008D00000000000FFFFFFFB20000085
:108740004F20000000003BFFFFFFFF100001E65933
:10875000600000000FDEFFFFFF91000CA7FFFA0092
:1087600000004DFFFEFFDDF2008D0DFFFF00000059
:108770004EFFFFFFFFF204F20EFFFF10CFFA2DFFB6
:10878000FFFFFFC21E500EFFFF1000002EFFFFFF75
:10879000FD30C9000EFEFF10232000EFFFFFEA2886
:1087A000D0000EF3EF10AC90000DDDCE624F200034
:1087B0000EF2EF1000000002021211E500000EF2AE
:1087C000EF10CFFA000000000C9000000EF2EF1046
:1087D0000000000000008D0000000EF2EF1000000D
:1087E00000000004F20000004FF2EF600000000003
:1087F000001E50000000EFF2EFF20000000000C980
:1088000000000004FF804FF80000000008D00000C6
:108810000005FF400FF8000000004F20000000019D
:10882000FFD5AFF5000000002300000000008FFF1F
:10883000FFC00000000000000000000007EFF9008A
:108840000000000000000000000000010000000027
:108850000000000000000000000000000000005EBA
:10886000FFFFFFFFFF900009FFFFFFFFFFE4EFFFA7
:10887000FFFFFFFFF3003FFFFFFFFFFFFEFFFFFED5
:108880006BFFFFF5005FFFFFFFFFFFFFFFFFFD072F
:10889000FFFFF5005FFFFFFFFFFFFFFFFFFD07FF8B
:1088A000FFF5005FFFFFFFFFFFFFFFECCA06CCDF15
:1088B000F5005FFDCCCCCCCEFFFF700000002FF5A3
:1088C000005FF200000008FFFFECCA06CCDFF500F5
:1088D0005FFDCCCCCCCEFFFFFFFD07FFFFF5005FB7
:1088E000FFFFFFFFFFFFFFFFFD07FFFFF5005FFF3B
:1088F000FFFFFFFFFFFFFFFE6BFFFFF5005FFFFFC6
:10890000FFFFFFFFEFFFFFFFFFFFF3003FFFFFFF52
:10891000FFFFFE5EFFFFFFFFFF900009FFFFFFFF6D
:10892000FFE4000000000000000000000000000064
:108930000000000000000000000000000000000037
:108940000000000000000000000000000000000324
:1089500055555555550000005555555555309FFFF7
:10896000FFFFFFFFD0000DFFFFFFFFFFF8FFFFFF3E
:10897000FFFFFFF4004FFFFFFFFFFFFEFFFFFFFFC2
:10898000FFFFF5005FFFFFFFFFFFFFFFF81DFF4444
:10899000FFF5005FFFCCCCCCDFFFFFFA01D405FF71
:1089A000F5005FFF0000005FFFFFFFA0005FFFF525
:1089B000005FFF888888BFFFFFFFF300DFFFF5003F
:1089C0005FFFFFFFFFFFFFFFFF40401DFFF5005F60
:1089D000FF1111116FFFFFF606FA01FFF5005FFFAF
:1089E0003333337FFFFFFD7FFFAAFFF5005FFFFFFB
:1089F000FFFFFFFFFFFFFFFFFFFFF5005FFFFFFF30
:108A0000FFFFFFEFFFFFFFFFFFF3003FFFFFFFFF51
:108A1000FFFD4DEEEEEEEEEE700007EEEEEEEEEE4A
:108A2000D30000000001410000040000000000002D
:108A30000000018FFE3003EFE7000000000000009F
:108A40006FFFFFF88FFFFFE5000000000000FFE769
:108A50007FFFFFF78FFF000000000001FF7004DEC2
:108A6000EE4008FF000000000000FF700000000062
:108A700008FF000000000005FF700000000008FF74
:108A80004000000038CFFD000000000001EFEA6167
:108A90000002FFFFF20004ADDA30004FFFFE1007C6
:108AA000FFDA30009FFFFFF80005CFFF500BF90001
:108AB0000007FFB66CFF600000BF900EF600001FBD
:108AC000F80000AFE000007FD01FFD20005FE00055
:108AD000001FF40002DFF00BFFF2007FB000000C7B
:108AE000F6003FFFB000AFF9007FC000000EF500B8
:108AF000AFFA00000BFC003FF200004FF200EFA0C5
:108B0000000008FF000CFE4005EFB002FF6000000F
:108B10000EFE0002FFFEFFFE1001FFC000006FF618
:108B200000002CFFFFB100009FF400009FF0000048
:108B30000025520000003FF700003FF903620000EB
:108B400000002520BFF2000007FFFFFF9100002A70
:108B5000FFFFFF60000000BFFFFFFE0002FFFFFFFE
:108B6000FA000000001AB74AFF700AFFA58BA000A8
:108B7000000000000000DFE55FFB000000000000D7
:108B8000000000006FFFFFF4000000000000000084
:108B900000000AFFEE900000000000000028CDEE6B
:108BA000EEEEEEEEEEDC8200000008FFFFFFFFFFBE
:108BB000FFFFFFFFFF800000BFFB4100000000003F
:108BC0000014BFFB0008FF50000000000000000080
:108BD00005FF802FF5000000000000000000005F8E
:108BE000F27FB0000000000000000000000BF8BFA2
:108BF00050000DC0000000000EB00005FBCF2001AA
:108C00004FF41000000118620002FCCF100BFFFFB0
:108C1000B000000DD01F9001FDCF10049FF940005F
:108C2000000553273001FDCF10000EE000000000CA
:108C30000FC00001FDCF1000044000000000043010
:108C40000001FDCF10000000000000000000000146
:108C5000FDCF1000007DDDDDDDDDD5000001FDCFA5
:108C6000100000BFFFFFFFFFF9000001FDCF100063
:108C700000BF30000005F9000001FDCF100000BF6B
:108C800020000004F9000001FC9F600000FF0000CC
:108C90000001FD000006F93FF4001BF90000000090
:108CA000BFA0004EF307FFDCFFD0000000001EFF56
:108CB000CDFF70005DFFF90000000000019FFFD5AF
:108CC0000000001200000000000000002100000071
:108CD0000000000001000000000000000000000093
:108CE0000006F3000000000000000000000006FF86
:108CF000E2000001C300000000000004FFFFE100EB
:108D000000BFE1000000000003FFC6FFC0008FFFAE
:108D1000C00000000001EFD107FFA03FFFFF80006F
:108D2000000000CFE10009F80DFFFFFF2000000068
:108D30009FF300000A07FFFFFFFB0000004FF60053
:108D4000000000EFFFFFFFF300001EFA000000002C
:108D50007FFFFFFFFFA00009FE100000000DFFFFD6
:108D6000FFFFFF1003FF5000000001FFFFFFFFFFA8
:108D7000F400BFC0000000002FFFFFFFFFFF603FB7
:108D8000F402BFFC4000FFFFFFFFFFF409FD02FEFD
:108D900076CF400CFFFFFFFFFF10EF70CF2000DE0B
:108DA000004FFFFFFFFF803FF31FA00007F3008F7E
:108DB000FFFFFFB005FF12F700004F43875DFFFE86
:108DC00080006FF02F800005F4A0730243000006BE
:108DD000FF20EB00008F101A20266000003FF407F0
:108DE000F5003F904A2009FD000000FFA009FCBFEC
:108DF000A00D5510EF90000009FF10026630002210
:108E0000206FF30000002FFB0000000000002EFC8C
:108E1000000000006FF900000000002DFF2000009E
:108E20000000AFFC300000006FFF400000000000B9
:108E30008FFFD9778AEFFE500000000000005EFF30
:108E4000FFFFFFFB100000000000000005AEFFFD6B
:108E5000930000000000000000000000000000007F
:108E600000000000000000022000000121000000BE
:108E700000003BFFFFB318EFFFD700000007FFEB38
:108E8000BEFFFFFCBDFFC100007FF600005EF910D1
:108E9000002CFD0002FF3000000130000000BF8008
:108EA00009F700000000000000001FE00CF10001C5
:108EB000E800000000000BF303400008FF100076FC
:108EC000000008F50000000EFF7002FF500009F4DA
:108ED0002666668FEFE629FFF7666AF1CFFFFFFF90
:108EE0006DFFFFFBFFFFA3B048888887038AFFB0B0
:108EF00078856B300000000000005C30003FF70018
:108F0000000000000000000003FF7000000001E806
:108F1000000000003FF70000000001EF80000003A8
:108F2000FF7000000000002EF800003FF700000076
:108F300000000002EF8003FF70000000000000004E
:108F40002EF84FF7000000000000000002EFFF7055
:108F50000000000000000000002AB5000000000032
:108F600000000000000000031000000000000000EE
:108F700000000005EFFA0000000000000000000003
:108F80002FFFFF800000000000000000008FFFFFA7
:108F9000D00000000000000000007FFFFFD00000B4
:108FA000000000000000002FFFFF70000000000024
:108FB0000000000005EFF9000000000000000000C4
:108FC0001343220000000000000000018EFFFFFD9F
:108FD00050000000000000002EFFFFFFFFF900001E
:108FE0000000000000DFFFFFFFFFFF900000100007
:108FF0000009FFFFFFFFFFFFF858CFF700004FFF0A
:10900000D2FFFFFFFFFFFFFFFD0000DFFF33FFFF89
:10901000FDDFFFFFFFF60006FFF907FFFFF71DFF6B
:10902000FC9510000EFFE00DFFFFF1005300000063
:10903000000FFF402FFFFFB000000000000006C639
:10904000008FFFFF92000000000000000000CFFF33
:10905000FFFFE81000000000000001FFFFFFFFFF1E
:10906000F000000006600007FFFFFFFFFFF40000B4
:10907000009FFE600DFFFFBDFFFFF8000000DFFF57
:10908000FEBFFFF90007FFFC0000007FFFFFFFFFAE
:10909000F10000FFFF00000004CFFFFFFF90000081
:1090A000BFFF4000000005DFFFFF2000007FFF80C2
:1090B0000000000005BFF70000003FFFC0000000F7
:1090C000000000100000000EFFF000000000000093
:1090D000000000000AFFF000000000000000000097
:1090E0000002BB3000000000000000000000000093
:1090F0000000001E181903FF2C01001E1C1B01FE9E
:10910000A602001E1C1B01FE2004001E1A1C02FDEC
:109110008C05001E1C1A01FEF806001E1E1F00FC16
:10912000C908001E1C1B01FE430A001E1C1601007C
:10913000770B001E1B1E02FC0C0D001E18150301F0
:10914000080E001E1A1E02FD0000070012001F007C
:1091500028002D0052009B00DD00DE00E80000002A
:1091600003E60000E9000100489104080000000047
:109170000B00030058810408E8900408609104087B
:10918000000000000000010800000000ABB9010869
:1091900051B60108000000001F000000040000009C
:1091A00000000000749104080000000000000000AE
:1091B00000000000C5F90108FDFA010849FD010899
:1091C00000000000E0D104088200000082000000DE
:1091D000CA02000000000000010000E0010000E001
:1091E00000000000010000E0010000E0010000E0DC
:1091F000010000E08080808181828283848586876F
:10920000898A8C8D8F91939597999B9EA0A2A5A7F3
:10921000AAADAFB2B50055AAFF001122334455667E
:10922000778899AABBCCDDEEFF0EA0D90D90C80CB3
:1092300080B70A60110B80D91F0991F0881F088040
:10924000F088000000000D203C00000F0069002F96
:10925000FFFFFFF7015C11A610006900C300008842
:1092600000D2009FFFFFFFF012C523E22000D203CF
:10927000C00000F004B0000000700000000E00000C
:109280000000E0000019EFEA300CD6E6A702F40E69
:1092900000001F80E000006FEF50000016FFE500A7
:1092A000000E0AF00100E05F13F85E6EB005CFFE1D
:1092B0009100000E0000000070000008DD3000A7E3
:1092C000004B02D004C0007700D01D20004B03D01B
:1092D000A7000007DC34C4CC3000001D2D22D000D4
:1092E00000A63B00B30005C03A00A3001D200D00FE
:1092F000D000A60004CC40004DFC300000F718C0A0
:109300000001F205D00000BB6E4000005FF30000DA
:1093100007E6DB03802F301DBAA05F0001DF401F8E
:10932000B448FEC003BFFC40B200000000001F01B3
:10933000F01F00F0000003F10B900F404F007D0084
:109340009B00AA00AA009B007D004F000F400B90DD
:1093500003F15E000E6008C004F001F300F500E6C2
:1093600000E600F501F304F008C00E605E00009313
:109370000088A6C209FE404DDDB142935000520064
:10938000000450000008A0000008A0001FFFFFF329
:109390000339B3300008A0000008A0000103F61E46
:1093A00060E12C00000003FFF90333100003F52EE9
:1093B0004000000E400004E000009A00000E400053
:1093C00004F000009A00000E400003F000009A0034
:1093D000000E500003F000009A00000E500003F051
:1093E0000000004CFE70004FB68F900DB0005F3251
:1093F000F40000E74F20000CA4F20000CA2F400048
:109400000E70DB0005F204FB68F90004CFE700EF03
:10941000FB44CB00AB00AB00AB00AB00AB00AB0040
:10942000AB00AB07DFEA108E857EC0010006F100BD
:109430000006F000000D900000CC00001CC00001F0
:10944000DB00001DE544427FFFFFF97FFFFFF024B2
:10945000445F900000BC000009E100003FD810000C
:10946000046DD0000002F4100002F4BD757DD01927
:10947000DFEA1000000DA0000000AC00000007E1D2
:109480000000004F40100002F600F5001DA000F59E
:10949000007FFFFFFFF3133333F730000000F500C8
:1094A000000000F50009FFFFF00AB444400C800002
:1094B000000E7000000FFFFC4003345CF20000005F
:1094C000F7100000F78E856CF108DFFB30002AEF03
:1094D000D5003FD657400CC0000002F40000004FFA
:1094E0005BFFA104FE845DD03F80003F30E80003B5
:1094F000F206F845DC0005DFE9109FFFFFFD9D4403
:1095000044E99C0004F200000BB000002F40000072
:10951000AD000001F6000008E000000E8000006FC2
:109520001000019EFE9100BE636EC00F60006F00D0
:10953000CC202BC002EFFFE200DC424CD05F2000C9
:109540001F55F20002F50ED535DE001AEFEA1003C2
:10955000BFEA202FA44BE18E0000E99D0000DD4F03
:109560007129FF07FFFC9E000210AC000002F60705
:10957000658FB00AEFD7002E53F500000000000001
:109580003F52E42E53F50000000000002E52F60D6D
:1095900021D001000000003100006CF2018ED600E5
:1095A0000FC300000AFB40000017EE70000005C367
:1095B000000000001FFFFFF3033333300000000002
:1095C000000000001FFFFFF30333333004000000EE
:1095D0000ED71000005CF92000002AF20003AFB1A2
:1095E00006DE82001C6000000000000007DFEA10B9
:1095F0009E746EC0010006F0000009C000008E20BD
:109600000006F2000008700000000000000B80005F
:10961000000C900000006CEFDA4000003DA4101632
:10962000D90001E509EE98CA900A80BD43AFC0D3C6
:109630000F13F2000CC0693C06D00007C03B4B067C
:10964000D00007C02C3C03F2000CC04A0F10BD43F1
:109650009EE3C50A8009EE91CF9001E5000000006D
:1096600000003DA41028000000007CEFD91000008D
:10967000000CF1000000003FD700000000B96E00B0
:10968000000002F20E50000009A007D000001F30B9
:1096900000F400007FFFFFFB0000E733334F20059D
:1096A000F000000C900C90000006F18FFFFEC40843
:1096B000E3334BF28E00001F58E00018F18FFFFFDC
:1096C000F808E33337F68E000009C8E000009D8EED
:1096D00033347F78FFFFFD700007CFFB4000CF964B
:1096E0006AF50AE20000301F600000004F20000011
:1096F000004F200000001F600000000AE200003060
:1097000001CF966AF50007DFFB408FFFFEA4008EB5
:109710004446CF708E000007F38E000000DA8E0002
:1097200000009D8E0000009D8E000000DA8E00007B
:1097300007F38E4446BF708FFFFEA4008FFFFFF635
:109740008E4444418E0000008E0000008FFFFFC059
:109750008E3333208E0000008E0000008E44444281
:109760008FFFFFF98FFFFFF68E4444418E0000000B
:109770008E0000008E0000008FFFFFC08E3333206C
:109780008E0000008E0000008E0000000007CFFC5D
:109790005000CF966AF60AE20000201F6000000029
:1097A0004F200000004F200000B91F600000B90AE0
:1097B000E30000B900CF966AF80007DFFC608E0076
:1097C0000008E8E000008E8E000008E8E000008E4F
:1097D0008FFFFFFFE8E333339E8E000008E8E000D0
:1097E000008E8E000008E8E000008E8E8E8E8E8E39
:1097F0008E8E8E8E8E02FFFFC00444BC000009C016
:1098000000009C000009C000009C000009C020006E
:10981000BA0EB58F603CFE808E00004F508E000463
:10982000F6008E003F70008E03F800008E2EC00000
:10983000008EECF600008FB07F30008E000AE10051
:109840008E0000CC008E00001EA08E0000008E0056
:1098500000008E0000008E0000008E0000008E00D0
:1098600000008E0000008E0000008E4444408FFFF8
:10987000FFF28E00000008E8F7000002FE8FF10002
:1098800000BFE8DCA0004F9E8D2F300D87E8D09CF4
:1098900006E07E8D01E7E507E8D006FC007E8D003E
:1098A0000A2007E8D00000007E8E100008E8FC00C7
:1098B000008E8FF90008E8E6F6008E8E09F308E8BE
:1098C000E00CE18E8E001EB8E8E0003FEE8E000056
:1098D0006FE8E00000AE0007CFEB500000CF966BC2
:1098E000F9000AE200005F601F6000000AD04F200C
:1098F000000006F04F20000006F01F6000000AD0B4
:109900000AE200005F6000CF966BFA000007DFEB11
:1099100050008FFFFD7008E4458FB08E00005F3867
:10992000E00001F58E00003F48E0014DD08FFFFFC1
:10993000B208E33310008E00000008E000000000D1
:1099400007CFEB500000CF966BF9000AE200005FF2
:10995000601F6000000AD04F20000006F04F20007A
:109960000005F01F6000000AD00AE200005F6001FD
:10997000DF855AFA000008DFFC5000000001EC21EE
:10998000940000001BFFC10000000012008FFFFDCB
:109990007008E4458FB08E00005F38E00001F58E5E
:1099A00000003F38E0014DD08FFFFFC208E333DAFB
:1099B000008E0002F608E00005F3019EFDA200CE35
:1099C000646B702F40000001F800000006FD950058
:1099D00000016AEE500000009F00200005F13FA545
:1099E00047EB004BEFE910FFFFFFFF2444BD44406D
:1099F0000009C00000009C00000009C00000009C9D
:109A000000000009C00000009C00000009C0000028
:109A1000009C00009C00000BA9C00000BA9C000044
:109A20000BA9C00000BA9C00000BA9C00000BA8EB0
:109A300000000D94F40003F50CF868FD0009EFE94F
:109A4000100CB000000AC05F200001F500E9000022
:109A50008E0008F0000E70001F6005F10000AD00E0
:109A6000C9000003F43F3000000CBAC00000005FE2
:109A7000F500000000EE00006F10000DB00002F2D3
:109A80001F60003FF10008D00BB0008BE6000D70A6
:109A900006F000E69B002F2001F503F14F108D002A
:109AA00000CA09B00E60D800006F0E6009B2F30062
:109AB000001F9F1004F9D000000CFB0000EF800095
:109AC0000007F600009F30003F50000DA008F20094
:109AD0009D0000CC04F300002F9E70000006FC00E7
:109AE000000009FE1000004F4DB00001E802F70031
:109AF0000BD0007F207F20000BD00CB000009C001A
:109B00002F50002F30009E000C900000E805F1005F
:109B10000005F3E60000000CFD000000003F4000DF
:109B2000000002F3000000002F3000000002F300EC
:109B3000004FFFFFFF9144444AF3000003F600008A
:109B400001EA000000CC0000009E1000006F400001
:109B5000003F7000001ED4444436FFFFFFFC8FF628
:109B60008D318D008D008D008D008D008D008D005C
:109B70008D008D008D008D318FF65D000000F200AC
:109B8000000B8000006D000001F200000B8000005F
:109B90006D000001F200000B7000006D000001F28A
:109BA00000000B7000006D000001F2BFF325F3020E
:109BB000F302F302F302F302F302F302F302F302FD
:109BC000F302F325F3BFF300AD00001EC4000885C7
:109BD000A000E20E105B00970B5002E0EEEEEEE00C
:109BE0000BC00009B004CFEA100B745DB000000494
:109BF000F004CEEEF21F8214F24F1004F21F703DFB
:109C0000F204DFD7F2BA000000BA000000BA000088
:109C100000BA8EFC30BFD54BF3BE1000CABA0000AC
:109C20007EBA00007EBE1000CABFD55BF3B98EFCC1
:109C300030007DFD6009F748F42F5000205F0000E0
:109C4000005F0000002F50002009F748F4007DFD60
:109C5000600000001F40000001F40000001F4008E9
:109C6000EFC4F40AF748FF42F50007F45F00002F45
:109C700045F00001F42F50006F40AE637EF4008E7B
:109C8000FC4F40008EFC400AD538F42F20008C5F3A
:109C9000EEEEFF5F2111112F70001009F846E4006D
:109CA0007DFE80009EE305F44108C000CFFFF0294F
:109CB000D32008D00008D00008D00008D00008D079
:109CC0000008D000007EFC4E60AF747FF62F50007D
:109CD0005F65F00000F65F00000F62F60006F6090F
:109CE000F747FF5007EFC4F50000003F20CB646E3C
:109CF000B003AEFD8000BA000000BA000000BA0058
:109D00000000BA8EFB20BFC56DD0BE0003F2BA00C2
:109D100000F4BA0000F5BA0000F5BA0000F5BA0088
:109D200000F5BAA800BABABABABABABABA000AB052
:109D3000009900000000AB000AB000AB000AB000C0
:109D4000AB000AB000AB000AB000AA064E71DFA05B
:109D5000BA000000BA000000BA000000BA001CC03F
:109D6000BA01CC00BA1CD100BBCF6000BFDBE10060
:109D7000BD11DC00BA003F70BA0007F3BABABABA34
:109D8000BABABABABABABAB99EFA15DFD40BFB4559
:109D9000EDE64AF2BE0006F6000E7BA0004F200062
:109DA000C9BA0003F1000C9BA0003F1000C9BA0023
:109DB00003F1000C9BA0003F1000C9B99EFB20BF1F
:109DC000B45DD0BE0003F2BA0000F4BA0000F5BAE8
:109DD0000000F5BA0000F5BA0000F5007DFD600056
:109DE0009F748F702F50007F05F00001F35F00001B
:109DF0002F32F50007F009F748F70007DFD600B962
:109E00008EFC30BFC43AF3BE1000CABA00007EBA5E
:109E100000007EBE1000CABFD55BF3BA7EFC30BA2C
:109E2000000000BA000000BA000000008EFC3F40B5
:109E3000AF748EF42F50007F45F00001F45F0000F6
:109E40002F42F50007F40AF748FF4008EFC4F4007A
:109E500000001F40000001F40000001F40B98E4BBD
:109E6000FD71BE100BB000BA000BA000BA000BA031
:109E70000005DFEA13F735A06F000001EE96100130
:109E80006AEF300000D96C646F62AEFD7008D000DC
:109E900008D000CFFFF029D32008D00008D0000858
:109EA000D00008D00005F551009FE3C80002F3C8B8
:109EB0000002F3C80002F3C80002F3C90003F3ABC9
:109EC0000007F35F837EF306DFC5F30D90000AA061
:109ED0006E0001F300F5007D0009C00E60003F2414
:109EE000F00000C8B9000006FF3000000FC000C835
:109EF0000006F1000D56D000CF6003F01F302F9CFC
:109F0000009A00B807B2F10E4005E0D60C74E000EC
:109F10000F6F007C990000AFA001FF400005F40026
:109F20000BE0004F3007E109D02F4000D9D90000E5
:109F30003FD000004FE10001E7BB000BB01E707E78
:109F40001005F30D90000AA06F0001F300F6007DEC
:109F50000009C00D60002F34F00000C9A900000501
:109F6000FF2000000EC0000000E5000094AD0000DE
:109F70001BFC2000005FFFFFA13337F40001E70066
:109F800000CB00008E10004F40001EA33326FFFFC1
:109F9000FC006EA00F9201F4001F4001F4003F305E
:109FA0003FC0006F3001F4001F4001F4001F40006B
:109FB000FA2005EA8B8B8B8B8B8B8B8B8B8B8B8B14
:109FC0008B8BBE5002AE0005F0005F0005F0004F25
:109FD0001000DF104F5005F0005F0005F0005F003B
:109FE0002AE00BE40007EC40B41E25DFC0010000AE
:109FF0000004CC302B01C05700932B01C005CC309E
:10A0000006A10FF60BE200000000000000000000B7
:10A010000000027BFB000000049DFFFFD00003AFA7
:10A02000FFFFFFFD0000AFFFFFFFDFD0000AFFFFD3
:10A03000B610ED0000AF9400000ED0000AF1000051
:10A0400000ED0000AF1000000ED0000AF100004546
:10A05000FD0000AF1001EFFFD0179DF1005FFFFC86
:10A060000EFFFF1000AFFD31FFFFE0000001000315
:10A07000BDA3000000000050188888888405FABF3E
:10A08000DDDDDDFDAFE47F100000CA4EE04F1000C3
:10A0900000C80EFEEF100000CFEFE03FEEEEEEF84E
:10A0A0000EF68F766666EB6FF8AF100000CC8FE08F
:10A0B0003F100000C80EFCDF655555EECFC25FFFB4
:10A0C000FFFFF92C57750577777775FFFF1FFFFFA7
:10A0D000FFFFFFFF2FFFFFFFFFEFFF0EFFFFFFFE62
:10A0E00001100011111110EFFE0EFFFFFFFEFFFF28
:10A0F0002FFFFFFFFFFFFF1FFFFFFFFF688707889E
:10A1000088888668870788888886FFFF1FFFFFFF8B
:10A11000FFFFFF2FFFFFFFFFDFFD0DFFFFFFFD0034
:10A1200000000000015000000000001DF8000000C9
:10A130000001DFFD000000001DFFE22D600001DFD7
:10A14000FE20DFF7001DFFE2008FFF71DFFE200021
:10A1500008FFFEFFE20000008FFFFE200000000865
:10A16000FFE200000000007D200000000000000071
:10A17000007F60000BE2EFF600BFF84FFF6BFFD1EE
:10A1800004FFFFFD10005FFFE10000BFFFF6000BC2
:10A19000FFDFFF60BFFD14FFF5CFD1004FF61710B2
:10A1A00000036000000011000000000000FF00003C
:10A1B00000006F21FF12F70006FF61FF16FF601F0E
:10A1C000F901FF109FF16FE001FF100EF6AF800163
:10A1D000FF1008FACF6001FF1006FCAF8000AA0054
:10A1E00008FB7FD00000000DF71FF80000008FF182
:10A1F00007FF91002AFF70009FFFEEFFF9000005A6
:10A20000CFFFFD50000000024420000000000000CD
:10A2100000000000000AFFA0000000000CFFC000CA
:10A220000003D6DFFFFD6D300EFFFFFFFFFFE05F95
:10A23000FFFFAAFFFFF51AFFF4004FFFA103FFD0B5
:10A24000000DFF3004FFF0000FFF404FFFFB22BF67
:10A25000FFF42FFFFFFFFFFFF209FEFFFFFFEF906C
:10A2600000505EFFE5050000000CFFC0000000008C
:10A2700004774000000000000310034100000000CC
:10A280009FF50DF50000001BFDFF8DF5000002DFBE
:10A29000B12DFFF500004FF83EC2BFF50007FF5596
:10A2A000FFFE39FE409FE38FFFFFF56FF6AC2AFFFC
:10A2B000FFFFFF73E6005FFFFFFFFFF100006FFF8E
:10A2C000D77FFFF200006FFF900DFFF200006FFFDD
:10A2D000900DFFF200004FFF700BFFE10000000047
:10A2E0003300000000000BFFB0000000000CFFC0B6
:10A2F000000000000CFFC0000000000CFFC00000C8
:10A3000000000CFFC00000008FFFFFFFF800002ED0
:10A31000FFFFFFE2000002EFFFFE200000002DFF24
:10A32000E20000799982DE289997FFFFFB22BFFFA8
:10A33000FFFFFFFFFFFFFFFFFFFFFFFFFAB3CFAC01
:10A34000CCCCCCCCCCCA0006BBBBBBBA3000004FD7
:10A35000FFFFFFFFE10000EF30000006FB0009F8FF
:10A3600000000000CF504FD0000000002FE1DF843C
:10A37000420000344BF9FFFFFD0001FFFFFBFFFF30
:10A38000FF988BFFFFFCFFFFFFFFFFFFFFFCFFFFBE
:10A39000FFFFFFFFFFFB9FFFFFFFFFFFFFF6000038
:10A3A000000000003300018DFFC600EF004EFFFFEC
:10A3B000FFE4DF04FFB3004CFFFF0EF90000008F45
:10A3C000FF6FC00001FFFFFF8E500001DEEEED00C9
:10A3D00000000000000022222200000021FFFFFFF9
:10A3E000100008F8FFFBBC10001EF4FFFC10000179
:10A3F000DFC0FEEFE8448EFE10FE1AFFFFFFC10033
:10A40000FD0028BB940000000002700002EF000273
:10A41000EFFDFFFFFFFFFFFFFFFFFFFFFFFFFFFF5E
:10A42000FFFFFF3447FFF00005FF000005C00000FC
:10A43000000000027000000002EF00000002EFF0D8
:10A44000000DFFFFFF0220FFFFFFF08E1FFFFFFF49
:10A4500000E7FFFFFFF03F5FFFFFFF08903447FF7B
:10A46000F000000005FF0000000005C00000000033
:10A4700000000000000000000770000000027000F3
:10A4800005FA0000002EF000814F600002EFF0019D
:10A49000DD07F0DFFFFFF0321E80F6FFFFFFF08EDA
:10A4A00027E0B9FFFFFFF00E73F19BFFFFFFF03FC6
:10A4B00054F09AFFFFFFF0890AC0D83447FFF0003C
:10A4C0007F43F300005FF002F60CB0000005C0000F
:10A4D00000BF10000000000009E3000000000000C1
:10A4E00002100037888888888873EFFFFFFFFFFF1E
:10A4F000FEFE32DFFFFFFFFFF9007FFFFDFFFFFDE4
:10A5000010CFFFA07FFFFFFFFFFA0007FFFFF35F01
:10A51000A00000CFFF3003000000CFFC00000000CF
:10A5200000CFFFCCCCCCCCCCFFAFFFFFFFFFFFF9BF
:10A5300000002000000001FA00000006FF100000EB
:10A540000DFF7000006FFFF10001EFFFFA000BFF3D
:10A55000FFFF605FFFFFFFE0CFFFFFFFF6FEBFFFE3
:10A56000FFF9FD4FFFFFF9BF49FFFFF53FE52EFF64
:10A57000D006FFFFFD200028BA6000043000003143
:10A580001FE00006F91FE0007FFA1FE009FFFA1F35
:10A59000E0AFFFFA1FEBFFFFFA1FFFFFFFFA1FFFFD
:10A5A000FFFFFA1FE6FFFFFA1FE05FFFFA1FE0045C
:10A5B000FFFA1FE0003EFA0FD00002D700000000B3
:10A5C000000200000000000CFB2000000000FFFF64
:10A5D000900000000FFFFFE6000000FFFFFFFC30CF
:10A5E000000FFFFFFFFF9100FFFFFFFFFFE60FFFE0
:10A5F000FFFFFFFFF2FFFFFFFFFFFD0FFFFFFFFF6A
:10A60000F800FFFFFFFFB2000FFFFFFD400000FF5B
:10A61000FFF70000000FFFA1000000006A400000EB
:10A620000000001444200144420DFFFF10DFFFF141
:10A63000FFFFF30FFFFF3FFFFF40FFFFF4FFFFF4BB
:10A640000FFFFF4FFFFF40FFFFF4FFFFF40FFFFF7F
:10A650004FFFFF40FFFFF4FFFFF40FFFFF4FFFFF2F
:10A6600040FFFFF4FFFFF40FFFFF4FFFFF30FFFF3E
:10A67000F39FFFC009FFFC001444444444420DFF13
:10A68000FFFFFFFFF1FFFFFFFFFFFF3FFFFFFFFFA8
:10A69000FFF4FFFFFFFFFFFF4FFFFFFFFFFFF4FF90
:10A6A000FFFFFFFFFF4FFFFFFFFFFFF4FFFFFFFF75
:10A6B000FFFF4FFFFFFFFFFFF4FFFFFFFFFFFF4F15
:10A6C000FFFFFFFFFFF39FFFFFFFFFFC00021000F3
:10A6D00000420FE20003FB0FFE3004FB0FFFF40407
:10A6E000FB0FFFFF54FB0FFFFFFAFB0FFFFFFFFB0A
:10A6F0000FFFFFFFFB0FFFFFD6FB0FFFFD14FB0F4C
:10A70000FFC104FB0FFB0004FB0CA00003FA0000D8
:10A7100000000000000012000000000003FF6000C5
:10A720000000002EFFF500000001EFFFFF400000D9
:10A730001DFFFFFFF30000CFFFFFFFFE200AFFFF1A
:10A74000FFFFFFE00EFFFFFFFFFFF20399999999CA
:10A750009950058888888888700FFFFFFFFFFFF3F6
:10A760000FFFFFFFFFFFF40BFFFFFFFFFFD1000014
:10A7700000000000003F9000003FFC00003FFD1083
:10A78000003FFD10003FFD10001FFD100000CFF442
:10A79000000000CFF4000000CFF4000000CFF40070
:10A7A0000000CFE0000000A4000000000000CD1079
:10A7B00000001FFD1000003FFD1000003FFD1000D5
:10A7C000003FFD1000003FFD000008FF900008FF63
:10A7D000900008FF900008FF900002FF9000000723
:10A7E00080000000000004500000000002FF600034
:10A7F0000000003FF70000000003FF7000000000B1
:10A800003FF7000006999AFFC99980FFFFFFFFFFFD
:10A81000FF3DFFFFFFFFFFF201113FF711100000A6
:10A8200003FF70000000003FF70000000003FF700E
:10A83000000000000CD30000006999999999980FC5
:10A84000FFFFFFFFFFF3DFFFFFFFFFFF2000000020
:10A8500000000000000156640000000003BFFEEF8E
:10A86000F91000007FFA1003DFE40008FFA009B42C
:10A870001EFF504FFF200BFF26FFE1EFFF09CFFF28
:10A8800063FFFABFFF09FFFF54FFF61EFF51DFFB16
:10A8900009FFB003EFE204305FFC10002CFF956A63
:10A8A000FF9000000049DFFD920000000000000062
:10A8B00000000000CD20000000000000008FF50027
:10A8C00014664000000004EFACFFEFFF91000000B1
:10A8D0001CFFA1004DFE300000009FF5AB31EFF4EE
:10A8E0000007B105FFFFE17FFE100FFE302DFFF5E1
:10A8F0004FFF900CFFE000AFF65FFF6002FFF40037
:10A9000006FFEFFB00004FFD10003EFFC0000002FD
:10A91000DFE85401BFE300000005AEFF6007FF6001
:10A92000000000000000004EF600000000000000E3
:10A9300001A10000000000000000000000003ED067
:10A940000000000000000CFF80000000000006FF77
:10A95000FF200000000000EFFFFB00000000008F60
:10A96000FCCFF4000000002FFB00FFD00000000B24
:10A97000FFC00FFF70000004FFFD01FFFF1000008B
:10A98000DFFFE02FFFFA00007FFFFF9BFFFFF300D8
:10A990001FFFFFB00EFFFFC00AFFFFFE24FFFFFFF7
:10A9A00060FFFFFFFFFFFFFFFA06CCCCCCCCCCCC86
:10A9B000CB300000000000360000000000007F8067
:10A9C000DDDB00008DEFF8FFFFB007FFFFFD556FE7
:10A9D000F46FF8AFE2000574FF907E2000003FFAAC
:10A9E0000000000002EFB2504A00012EFD1DF48F5E
:10A9F000B0FFFFD10BFFFFFBFFFE2000CFFFFB12DC
:10AA0000210000029FC000000000005B0000000762
:10AA1000A00000000008FFB000000008FFFFB00029
:10AA20000008FF95FFB00008FF9005FFB007FF90FA
:10AA30000005FFB09F90000005FD004000000003EE
:10AA4000104C20000000B60BFE200000CFF02EFEC0
:10AA50002000CFF4002EFE20CFF400002EFECFF415
:10AA60000000002EFFF4000000002EF400000000A3
:10AA7000001300000000083000000000000000BFCC
:10AA8000F308BBBBBB90000BFFFF39FFFFFFF100DA
:10AA90008FCFCFF000000AF100382F948000000A19
:10AAA000F100002F900000000AF100002F9000003C
:10AAB000030AF130002F9000001FCBF8F8002FEBB5
:10AAC000BBBB39FFFFE2001FFFFFFFB09FFD20006F
:10AAD000000000000008D10037888700000000EF68
:10AAE000FFFFA0000000FFFFFFFDCCCCB6FFFFFF83
:10AAF000FFFFFFFFFFFFFFFFFFFFFFFFFFFFFFFF66
:10AB0000FFFFFFFFFFFFFFFFFFFFFFFFFFFFFFFF55
:10AB1000FFFFFFFFFFFFFFFFFFFFFFFFFFFFAFFF95
:10AB2000FFFFFFFFF900000000000000000001DD52
:10AB300010000000001DFFD100000001DFFFFD102C
:10AB400000001DFFFFFFD100009FFFFFFFF9000085
:10AB5000011CFFC1100000000CFFC0000000000C31
:10AB6000FFC0000000000CFFC0000079993BFFB35C
:10AB70009997FFFFB2442BFFFFFFFFFEDDEFFFFFC2
:10AB8000FFFFFFFFFAB3CFACCCCCCCCCCCCA0000DB
:10AB90000000000200000000000004FFC7000000E9
:10ABA0000000AFFFF0000000001FFFFD00000000EC
:10ABB00006FFFFC00000000008FFF70000000000D3
:10ABC0000CFF300000000004FFC00000000001EF97
:10ABD000F300004A3002DFF80005DFFE15EFFB004E
:10ABE00000EFFFFFFFFA00000BFFFFFFF700000080
:10ABF0007FFFFFA200000002BA85000000000004F1
:10AC0000860000001006FFFA0002DFD1EF3CF101E0
:10AC1000DFFA0EE0AF21DFFA009FEFF6DFFA000067
:10AC20008DFFFFFB00000006FFFD00000048EFFF66
:10AC3000F600006FFFFBFFF6000EF3CF23FFF600D8
:10AC4000EE0AF204FFF609FEFC0004FFF108DA1038
:10AC50000002620000000000000000006FFFF987A2
:10AC6000000008FFFF98F708A68FFFF95990FFA88A
:10AC7000FFFFFCCC0FFA8FFFFFFFF1FFA8FFFFFFE4
:10AC8000FF1FFA8FFFFFFFF1FFA8FFFFFFFF1FFA73
:10AC90008FFFFFFFF1FFA8FFFFFFFF1FFA7FFFFFFE
:10ACA000FFF0FFE3122222210FFFFFFFF90000ACAB
:10ACB000CCCCCB5000004999999995000EFFFFFF2D
:10ACC000FFF600FD2222224FF60FC0000001FFF325
:10ACD000FC0000001FFF6FC0000002FFF6FFFFFF37
:10ACE000FFFFFF6FFFFFDCFFFFF6FFFFB005FFFF79
:10ACF0006FFFF6000FFFF6FFFFC006FFFF6FFFFFBD
:10AD0000EDFFFFF69FFFFFFFFFFD10CDDDDDDDDD79
:10AD1000DD2FFFFFFFFFFFF312222222222200007D
:10AD200000000000000000000000000FFFFFFFFF18
:10AD3000FFF3DEEEEEEEEEEE20000000000000007D
:10AD400000000000000DEEEEEEEEEEE2FFFFFFFF72
:10AD5000FFFF300000000000003788888888887373
:10AD6000EFFFFFFFFFFFFEEFFFFFFFFFFFFE1CFFF8
:10AD7000FFFFFFFFC1D28FFFFFFFF82DFF64EFFF42
:10AD8000FE45FFFFFA2BFFB2AFFFFFFFD3553DFF9C
:10AD9000FFFFFFFFBBFFFFFFFFFFFFFFFFFFFFAF57
:10ADA000FFFFFFFFFFF9000000000001FFFFF000C0
:10ADB00004FFFFD00006FFFF800008FFFF30000AFD
:10ADC000FFFFAAA60CFFFFFFF80EFFFFFFE10BDD60
:10ADD000DFFF6000004FFD0000007FF3000000BFB8
:10ADE000A0000000FF10000003F800000003C000F6
:10ADF000000000200000000455EFB5520000FFFDE8
:10AE00001FFFB0000FFFFFFFFC0000FFFF533320C8
:10AE1000000FFF97FFFB5700FFF8AFFFC6F80FFFCB
:10AE20008AFFFC4AA1FFF8AFFFE3220FFF8AFFFF72
:10AE3000FFF4FFF8AFFFFFFF4FFF8AFFFFFFF4357E
:10AE400052AFFFFFFF40000AFFFFFFF400007FFF4B
:10AE5000FFFE20000001100000000000AF00000015
:10AE600000018FFA30000002EFFFFF500000BFFF2B
:10AE7000FFFF10001FFFFFFFF50003FFFFFFFF7044
:10AE8000005FFFFFFFF90008FFFFFFFFC000DFFFCB
:10AE9000FFFFFF209FFFFFFFFFFD0EFFFFFFFFFFF4
:10AEA000F2022222222221000008FFC0000000003E
:10AEB00009A20000005BBBBBBBBBBBBBA3FFFFFF8A
:10AEC000FFFFFFFFFBFC0C30E11D0D11FCFC0B3004
:10AED000E01D0D10FCFFFEFFEFFEFEEFFCFFF15A40
:10AEE0000870A05FFCFFF37B2992C27FFCFFBFCB01
:10AEF000BBBBBFCBFCFC0B2000000D00FCFFCFCC8C
:10AF0000CCCCCFCCFB9FFFFFFFFFFFFFF600000084
:10AF10000000000200000000000005DFB00000009B
:10AF20000007EFFFD000000018FFFFFF70000029AE
:10AF3000FFFFFFFF00003BFFFFFFFFF8000AFFFFDE
:10AF4000FFFFFFF1000FFFFFFFFFFFA000049AAA21
:10AF5000AFFFFF20000000000EFFFB00000000001C
:10AF60000EFFF400000000000EFFC0000000000013
:10AF70000EFF5000000000000DFD0000000000006A
:10AF800004B300000035555502000FFFFFF2F40036
:10AF9000FFFFFF2FF40FFFFFF2FFF3FFFFFF32224F
:10AFA0001FFFFFFFFFF7FFFFFFFFFF8FFFFFFFFF09
:10AFB000F8FFFFFFFFFF8FFFFFFFFFF8FFFFFFFF1F
:10AFC000FF8FFFFFFFFFF8FFFFFFFFFF8FFFFFFF78
:10AFD000FFF88AAAAAAAAA3000000024553100006E
:10AFE000000003AFFFFFFFC7000002BFFFFEDEFF50
:10AFF000FFF6005FFFB51000038EFFB0DFD3000047
:10B000000000008FF5180005AEFEC81004600002B5
:10B01000DFFFFFFFF80000000CFF95347DFF4000CC
:10B020000002A2000000770000000000029600006D
:10B0300000000000000DFF500000000000000EFFA7
:10B040006000000000000005DA000000005BBBBBF0
:10B05000BBBBBBBBBA20FFFFFFFFFFFFFFFF90FCA6
:10B060001222222222220FF7FC5FFFFFFFFFFF2C9C
:10B07000FAFC5FFFFFFFFFFF21FAFC5FFFFFFFFF0E
:10B08000FF27FAFC2666666666661FFAFEBBBBBB38
:10B09000BBBBBBBFB1AFFFFFFFFFFFFFFF50000017
:10B0A000000000000000005BBBBBBBBBBBBBBA2009
:10B0B000FFFFFFFFFFFFFFFF90FC12222222210073
:10B0C0000FF7FC5FFFFFFFF8000CFAFC5FFFFFFFCC
:10B0D000F80001FAFC5FFFFFFFF80007FAFC2666A4
:10B0E000666663000FFAFEBBBBBBBBBBBBBFB1AFA9
:10B0F000FFFFFFFFFFFFFF50000000000000000007
:10B10000005BBBBBBBBBBBBBBA20FFFFFFFFFFFFAE
:10B11000FFFF90FC1222221000000FF7FC5FFFFFE0
:10B12000D000000CFAFC5FFFFFD0000001FAFC5FCA
:10B13000FFFFD0000007FAFC2666665000000FFAF9
:10B14000FEBBBBBBBBBBBBBFB1AFFFFFFFFFFFFF86
:10B15000FF500000000000000000005BBBBBBBBB59
:10B16000BBBBBA20FFFFFFFFFFFFFFFF90FC1222D7
:10B17000000000000FF7FC5FFF300000000CFAFC3D
:10B180005FFF3000000001FAFC5FFF3000000007A5
:10B19000FAFC2666100000000FFAFEBBBBBBBBBB6F
:10B1A000BBBFB1AFFFFFFFFFFFFFFF50000000007C
:10B1B00000000000005BBBBBBBBBBBBBBA20FFFFFA
:10B1C000FFFFFFFFFFFF90FC0000000000000FF7F3
:10B1D000FC0000000000000CFAFC00000000000071
:10B1E00001FAFC00000000000007FAFC000000006B
:10B1F00000000FFAFEBBBBBBBBBBBBBFB1AFFFFFC9
:10B20000FFFFFFFFFF5000000000000000000000F3
:10B2100000000007B20000000000000ADFFA000092
:10B2200000000000A93DF5000000044002E000100D
:10B23000000000AFF80B600000006C30FFFFFFFF64
:10B24000FFFFFFFFF4AFF9000C5000006D40055008
:10B250000004C00000100000000000C43EE8000030
:10B26000000000002EEFFA000000000000004FFA7E
:10B2700000000000000000000000000000011000BD
:10B28000000007EFFFB30000AFFD8FFF2004FFFDBC
:10B2900009FFB00AFEFD12AFF00EF55D2C0EF30FA4
:10B2A000FF33129FF50FFFF307FFF60FFFE206FFD4
:10B2B000F60FFE24137FF50DF57D2C0DF30AFFFD2F
:10B2C00011BFF003FFFE0BFFA0007FFEBFFE1000CA
:10B2D00003ACDC810000003443000005667FFFF909
:10B2E0006650FFFFFFFFFFFF356666666666501C0F
:10B2F000CCCCCCCCC402FFFFFFFFFF602FF3FB7F61
:10B300006DF602FF2FB7F5DF602FF2FB7F5DF602CF
:10B31000FF2FB7F5DF602FF2FB7F5DF602FF2FB73F
:10B32000F5DF602FF3FB7F6DF601FFFFFFFFFF509E
:10B3300007BCCCCCCC900000000000000120000035
:10B3400000000004FF500000000002FFFF5000005A
:10B35000000439FFFE00000004FF39FFA0000004D4
:10B36000FFFF39B0000004FFFFFF20000004FFFFD3
:10B37000FFB0000004FFFFFFB0000004FFFFFFB0BC
:10B38000000004FFFFFFB0000000BFFFFFB000009F
:10B39000000DFFFFB000000000FFFFB00000000044
:10B3A00009A86000000000000000178888888887CE
:10B3B000400002EFFFFFFFFFFFF4003EFFFFCFFF63
:10B3C000CFFFF703EFFFF908F809FFF83EFFFFFE94
:10B3D00020402EFFF8DFFFFFFFE101EFFFF89FFFA6
:10B3E000FFFF80008FFFF809FFFFF902C209FFF895
:10B3F000009FFFFE4EFE4EFFF80009FFFFFFFFFF1C
:10B40000FFF700008FFFFFFFFFFFC10000000000FB
:10B410000003EFFFFFE203FBFBCEBFA4FF1D03A170
:10B42000FAFFF1D03A1FAFFFFFFFFFFAFFFFFFFF68
:10B43000FFAFFFFFFFFFFAFFFFFFFFFFAFFFFFFFC1
:10B44000FFFAFFFFFFFFFFAFFFFFFFFFFAFFFFFF66
:10B45000FFFFADFFFFFFFFF829AAAAAAA80000007E
:10B46000000000000300000000000004F1000820BC
:10B47000000001FF100BF70000002FF10CFF9444B7
:10B480004445FF1BFFFFFFFFFFFFF18FFFFFFFFFA3
:10B49000FFFD007FF70000000000006F600000006B
:10B4A000000000300000000000000000000000006C
:10B4B000000000000000C003000000000000C00306
:10B4C000030A00000F008005050500051C00D009D7
:10B4D0000A0A00004E00B008090F00FE9200D00BCF
:10B4E0000C0A0000CE00A0090A0B00FF0501F002C3
:10B4F000030500050D01B004040E01FD2901C0047F
:10B50000040E00FD4501A0050606000557012008B0
:10B510000807000273013003030500FE7B0160058C
:10B520000503000383013003030300008801F004D6
:10B53000070EFFFFB9015009090A0000E6013005B6
:10B54000040A0000FA011008080A0000220200089C
:10B55000080A00004A0260090A0A00007C0210087A
:10B56000080A0000A402A008090A0000D10260082D
:10B57000080A0000F9020009090A00002603A008D1
:10B58000080A00004E033003030800005A0330038A
:10B59000030B00FD6B032008080800018B03200843
:10B5A00008060002A303200808080001C3030008DE
:10B5B000080A0000EB03800E0E0D00FD4604400A51
:10B5C0000C0AFF008204A00A090A0100AF04200A45
:10B5D0000A0A0000E104900B0A0A01001305600941
:10B5E000080A01003B05E008080A01006305D00ACB
:10B5F0000A0A00009505600B090A0100C205500403
:10B60000020A0100CC053007070AFF00EF05100A07
:10B610000A0A010021065008080A01004906600DC7
:10B620000B0A01008006600B090A0100AD06C00B81
:10B630000C0A0000E906200A090A01001607C00BDF
:10B640000C0D00FD6407300A090A01009107B008DB
:10B65000090A0000BE073008090A0000EB07100BBA
:10B66000090A01001808F0090B0AFF004F08C00F73
:10B67000100A00009F0870090A0A0000D10810098A
:10B680000B0AFF0008093009090A00003509B00457
:10B69000040E01FD5109F004070EFFFF8209B004FA
:10B6A000040E00FD9E09300807060102B3090007D9
:10B6B000070100FFB709600805020109BC0960081D
:10B6C00008080000DC099009080B0100080A0008BE
:10B6D00008080000280A9009090B00005A0A90087F
:10B6E000080800007A0AF004060B00009B0AB00963
:10B6F000090B00FDCD0A9009080B0100F90AE003CF
:10B70000020B0100040B0004050EFEFD270BA00830
:10B71000080B0100530BE003020B01005E0BD00E7F
:10B720000D080100920B900908080100B20BE00817
:10B7300009080000D60B9009080B01FD020C9009C6
:10B74000090B00FD340CC00505080100480C00077A
:10B7500007080000640CD005060A0000820C80096E
:10B7600008080100A20CD0070908FF00C60C900CC5
:10B770000D080000FA0CC007080800001A0DD007D9
:10B78000090BFFFD4C0D500707080000680DF00481
:10B79000050E00FD8B0D3004020E01FD990DF00425
:10B7A000050E00FDBC0D200808030003C80DE005D0
:10B7B00006050006D70D600404030003DD0D000E2E
:10B7C0000F0FFFFE4E0E000E0E0B00009B0E000E24
:10B7D0000E0D00FFF60E000E0E0B0000430FA00929
:10B7E0000A0B00007A0F000E0E0F00FEE30F000E92
:10B7F0000E0F00FE4C10C00F100D00FFB410000E15
:10B800000E0F00FE1D11C00F100B00007511000E71
:10B810000E0F00FEDE110007070C00FF0812800A61
:10B820000B0C00FF4A12C00F100E00FEBA12000EE1
:10B830000E0B00000713A0090A0F00FE5213400C64
:10B840000A0E01FE9813400C0D0F00FEFA13400C77
:10B850000D0D00FF4F14400C0D0D00FFA414400C03
:10B860000A0E01FEEA14400C0E0DFFFF4515C0083C
:10B87000090D00FF8015C008090D00FFBB15400C25
:10B880000D0D00FF1016400C0D0400032A16C00F0A
:10B89000100B000082168011120F00FE0917C00F56
:10B8A000110FFFFE8917000E0E0D00FFE417400C6C
:10B8B0000D0800011818400C0D0800014C188011EB
:10B8C000120B0000AF18000E0E0B0000FC18000E4B
:10B8D0000E0F00FE6519000E0F0FFFFED619400C6B
:10B8E0000D0D00FF2B1A400C0D0F00FE8D1A400CA1
:10B8F0000D0D00FFE21A400C0D0C00FF301B000E76
:10B900000E0B00007D1BC0080A0FFFFEC81B400C79
:10B910000D0F00FE2A1C400C0D0F00FE8C1CC00FEA
:10B92000100B0000E41C000E100FFFFE5C1D800ACF
:10B930000B0F00FEAF1D8011120D00FF241E8011A1
:10B94000120A00007E1E8011120A0000D81E80110B
:10B95000120A0000321F8011120A00008C1F801191
:10B96000120A0000E61F8011120C00FF5220400C4A
:10B970000C0F00FEAC20400C0D0F00FE0E21000E3F
:10B980000F0FFFFE7F218011120B0000E221800AC1
:10B990000B0F00FE3522100E0F0A00000000721F70
:10B9A00051EF58EF5BEF5CEF5DEF61EF63EF65EF39
:10B9B00069EF6CEF71EF76EF77EF78EF8EEF93EF43
:10B9C00098EF9BEF9CEF9DEFA1EFA2EFA3EFA4EF09
:10B9D000B7EFB8EFBEEFC0EFC1EFC4EFC7EFC8EFEE
:10B9E000C9EFCBEFE3EFE5EF14F015F017F019F026
:10B9F00030F037F03AF043F06CF074F0ABF03BF11C
:10BA000090F191F192F193F194F1D7F1E3F13DF2DC
:10BA100054F2AAF412F7F2F7200000005F000100D0
:10BA2000000000000000000000000200B000000064
:10BA3000F3F760009CB90408000000003E0003001A
:10BA4000000001020003040502060708090A090AAA
:10BA50000B0C000D0E0F101112130C14140000002B
:10BA60001516171819161A1B1C1D1D1E1F201D1D2B
:10BA70001621222303241E2525262728292A2B00C8
:10BA80002C002D2E2F303132332D343435302D2DE6
:10BA90002E2E36373839333A3A3B3A3C29000009E2
:10BAA0003D09000000000000000000000000000050
:10BAB0000000000000000000000000000000000086
:10BAC0000000000000000000000000000000000076
:10BAD0000000000000000000000000000000000066
:10BAE00001020003040502060708090A090A0B0CF3
:10BAF0000D0E0F10110C121314151500000016175F
:10BB00001819171919191719191A191919191719AB
:10BB10001719031B1C1D1D1E1F202122230024009A
:10BB20002526272727002726282926262A2A272AC6
:10BB3000272A2B2C2D2E2E2F2E30000023093109E1
:10BB400000000000000000000000000000000000F5
:10BB500000000000000000000000000000000000E5
:10BB600000000000000000000000000000000000D5
:10BB700000000000000000000000000000010000C4
:10BB800000000000000100000200000000020000B0
:10BB900000000000000000000000000000000100A4
:10BBA00000000000000000000000000000010A008A
:10BBB00006FB00000000F4F3020B0504F7020B0182
:10BBC00009020700000000000000000000000D0254
:10BBD000FE0000000000000000000000000400F96A
:10BBE0000000000000FC04040000FE00FE0200FE55
:10BBF00000FEFFFC00000000FE0000FDFD0000FE56
:10BC000000FC000000000000000000FEFE00FD003F
:10BC1000FA00E50000FC0004070000FC0202070433
:10BC2000FC040000F3000000000000000000000021
:10BC3000F80000000000000000000000000000FA12
:10BC4000FDF500F7FE00000000000900F9FEFF010D
:10BC500000FC0000FEEF00000000000000000000FB
:10BC600000EEFE09000000000000000000000000DF
:10BC7000F7000000000000000000000700020000C4
:10BC8000FC000000000000000000000000000000B8
:10BC90000000090201000000000000000000000098
:10BCA0000000000000000000000000000000000094
:10BCB000000000000000000000000000F80000008C
:10BCC0000000000000000000000000000000000074
:10BCD00000000002040207FE000004FEF9E1020673
:10BCE0000400FD00080007000700EB00FD07000747
:10BCF000FE0402000001FE0000FC1200120007001A
:10BD000009030407000000F80000000001FE000223
:10BD1000FCFDFC0200FE000000F700000000000037
:10BD20000000000000F10000000000000000000022
:10BD3000000000000001F400F200000000FE001608
:10BD4000FDFD0202FE00FD020000F4000000000004
:10BD5000000000000000EA000200000000000000F7
:10BD60000000000000F2000D0000F8000700F1EAFA
:10BD7000F1FC070000F10003FB00FD0000000000E3
:10BD8000000000000000000607E5000000000000C1
:10BD90000000000000000B00020000000000020292
:10BDA000FDFC00FFFFFE0000FE000000FC00FE00A6
:10BDB000FBFC00FAF9F9FC00FC00FC00000000FEAE
:10BDC0000000020002FE000100000002FE00000070
:10BDD000FE0202FF000000FC00FF00000000000166
:10BDE0000003FE00FD00FC0000FE00070000FE0056
:10BDF00000000000FF01FEFE0000FE00FE0000004B
:10BE0000000000000000FFFF00FEFD000000000039
:10BE1000010000FE00FEFEFE000000000000000029
:10BE200000FF00000000FEFD00FD00F9FEF9040027
:10BE300000FC02040600FAFFFD00FFF502FE02F41A
:10BE400002000001F400F4FEEDFE00F5000406001F
:10BE500003000000000000FCFD00F9000000FE00EF
:10BE60000000FE0000000000FFFF00FFFD000000DA
:10BE700000000000FEFE00FEFDFE0000FE000000CF
:10BE80000000000000000000FEFE00FD00FE00FCBF
:10BE9000020000FD010202000000000000FE0000A0
:10BEA000000000020000FE00FEFEFD000000000099
:10BEB00000000200FE00000000FEFD00FC0007FE86
:10BEC00001F9000006F5F4F7FC0200FEF1FC00FCAD
:10BED00000FC03FCF200FA000001FF02FE00020079
:10BEE000F9F700F5FBFBFBF9FDFA00FCFA01000194
:10BEF00000FE000000020002000000000000000040
:10BF0000000000FE00FF00FFFE00FCFBFBFF00F94D
:10BF1000000000000000FE0000000001FF00000023
:10BF20000200000000000000000B00000000000004
:10BF300002000000FE000000000000000000000001
:10BF4000FC000200000000000000000000000000F3
:10BF5000FE000000FC00000000F5F9000000FDF507
:10BF60000000FE0200FA00000000000000000000D7
:10BF7000FC0000FC000000000000000000000000C9
:10BF80000200FC00000000030002FCFC00FEFEFDBD
:10BF9000000000000000F900FE00FDFE00FBFAF9C1
:10BFA000FE00FC00F900000000120000010000FD8E
:10BFB000000200F60000000000EBFC0707FEF7009F
:10BFC00002FD00F5FFFD02F0FE030003F8FDF8F9A5
:10BFD000F70000F3000D0000FF000000FFFFFEFA75
:10BFE000F900EB000000000000000000010000006C
:10BFF00000000000000000000000000000FE00FF44
:10C00000FEFD0000FC00FE0000000000000000003B
:10C01000000000000000FF00FC000004FF0300FB24
:10C0200002FEFFFAFE00FDFEFE00FDFC0000FEFF2A
:10C03000FEFCFD0000FE0002FE00FB000000FC0014
:10C04000FC00FCFC020000000000000000FC0200FC
:10C05000FD00FEFDF9FEFEFEFFFEFDFF00000000FC
:10C0600000FEFEFE0000000003FE00FE000000FED9
:10C07000FDFEFEFDFE000209FF00FA00FE0400FEC8
:10C08000F7FD030000F5FC02FC0200FEFEF900FDD6
:10C09000010000FC0000000202FCFC00FCFEFDFEB2
:10C0A000FE00FC01FCFC0700000000000000000096
:10C0B000020000000000000000000000000000007E
:10C0C0000000000000000000FC0000000000000074
:10C0D0000000000000000000000000000000000060
:10C0E0000000000000000000000000000000000050
:10C0F00000000000FE000000000000000000000042
:10C10000000000000000000000000000000000002F
:10C110000000FEFE00000000000000000000000023
:10C12000FD0000FD0000FEFE00000000FE0000001B
:10C1300000FF0000000000FE00000000FD00FC0009
:10C140000000F90002FB0400FEF50000FBFE00F712
:10C15000FAFA0000F6FEF7F7F500FA00020FFD000C
:10C16000FBFEFFFEFCFAFCF8F7FBFE0000FE000100
:10C170000000F0FE0705FBF80001F900F5FEFE04E3
:10C18000EBFD010000F1FDF4FEF00000F0000D01F8
:10C1900000FE00000000FFFEF7FE00F100000000BE
:10C1A000F900FE00FFFAF50000FFFDF9FE00FE00B9
:10C1B000000000F6FEF9F9FEFCFAFEFC00FCFEF9B8
:10C1C000FD00FDFCFEFC000100FEF9000400FC0087
:10C1D000000000030002FC0900FEFEFD000000005C
:10C1E0000000F900FE00FDFE00FBFAF9FE00FC0273
:10C1F0000900000000120000010000FD0002000024
:10C20000000000000000000000000000FEFC000034
:10C21000000000FF000000FEFE0000FCFE0000FC2D
:10C220000004FF0000000000000100000000030403
:10C2300002FE00F9FC0007F9F9FCFC090402EDFE1E
:10C2400004FE00FE02FEF800FE02FDFEF9FE000004
:10C25000070400FA00F4FD06FDF701FDF9F9FE09F7
:10C260000200FD00FA000207FBF8F7FA070001F0F0
:10C27000FE02FCFEFB00FBF8FDFDFE0000FBFBFEEA
:10C28000000705FEF400F4FD00F8F3FFF9FCF9FAED
:10C29000060000FD00FCFE00FEFC0004F9020000A8
:10C2A000F400FEFBFCFEF9FAF9FB00F9FEFBFCF9D9
:10C2B000FE0000010BFC00F9FE00FEFCFBFAFAF7A1
:10C2C000FDFC0400FD00F5FD0104F9F8FCF907FE92
:10C2D00001EBFC04FBFCF800F9F7FDFEFEFEFBF9A8
:10C2E000FF00000706FEF100F3FB05F7F1FCF8F78D
:10C2F000F5F90400000000FD000002FD0402FC044A
:10C300000000F9FF00FF000101FE00000000000036
:10C31000FE0000000002070000FD00000000FEFE1D
:10C32000FD0000000102000000000200FE00090004
:10C33000040101FD000400000002000000000000F4
:10C3400000000000000700060000000000000000E0
:10C35000000000000000F300FE04000700001603C8
:10C36000FCFC0202FE01F500000BF30000000000DF
:10C37000000000000000F1091F00000000000000A4
:10C380000000000000F300000000000000000000BA
:10C39000000000000000000000000000000000009D
:10C3A000FC0000FCFE000000000000000000000097
:10C3B0000000000000000000FE00FA000001000084
:10C3C000021DFCFE0706FA0200000202FD0000004A
:10C3D0000000000000000000E30600000000000074
:10C3E0000000000000000000000000FA000000FA59
:10C3F00000000000FBFF000000FB00FD00F5000056
:10C40000000000000000000000F10000000001003A
:10C410000000000000FE0000FC00FD00FA0000002B
:10C42000FC02FD0000FAFEFB0000FA00FE00F50031
:10C43000FE0000EEFCF7FEF80000F100FAFF00003D
:10C44000000000000000FDFCFEFC00000000FB00FE
:10C45000FB03FE0400FEFBFEFCFC00FDFFFE02FAF7
:10C46000FF000000ECFEFD00FB00FEF5FE0000FEFC
:10C47000FE000000000200FEFCFE040000000000C0
:10C4800000000000000000000000000000000000AC
:10C49000000000000000000000000000000000009C
:10C4A00000000000000003000000000000FB00FE90
:10C4B000000000FC02000000FAFEFC0000FA00FE92
:10C4C00000F500000000EA00FCF8F50000F100FEB5
:10C4D000FD0000000000000000FEFDFFFD01000067
:10C4E00004FD00070BFEFEF9030B0405FA03090324
:10C4F00006050600000000000000000000000E0B12
:10C50000FCFE00FE120A12000000020000080000FB
:10C51000FC000000000000000000FE000000000021
:10C520000000000300000000EDFDFEF7F50000F143
:10C5300000000000000000000000000000000000FB
:10C5400000FC000000000000000000FE00000000F1
:10C55000000000000300000000EDFDFEF7F5000004
:10C56000F7000000000000000000000000000000D4
:10C5700000000000FE000000FB0200FE020402F9C1
:10C580000000FE02000200000000FA00FEFEFC00B7
:10C59000FEF7000EFE00FBFE00FEFC00FEFAFCFDB6
:10C5A000000000FC000000000000000000FE000091
:10C5B0000000000000000300000000EDFDFEF7F5A4
:10C5C0000000F10000000000000B0000000000006F
:10C5D00000000000FC00F9FDFE07FEFEF701FF0170
:10C5E000FEFA000500020102FBF7FD00F7FCFAF776
:10C5F000F700FCFCFDFDFEFEFDFE00FEFF03000358
:10C60000FE0007000000000000000000000000FE27
:10C61000FEFE0000FA00FF00FC0000000000000029
:10C6200000000000F3000000000000000000000017
:10C63000FEFE00FD00000000FE0000FCFE0200FC0B
:10C64000FCFE00FAFEFBFEFD00FC00000000000006
:10C650000000000000F100070000FC00000000FDE9
:10C6600000FE0000FF0000FE00FB000009FDF9F9DC
:10C6700002020200FA020302070207FEFA0000F7B4
:10C680000000F9FA0000FC00FDFC00FD00FD00FECA
:10C690000300FEF9FE080000FE00FC000003FB00A2
:10C6A00002FE020000F900FEFF00FE02FE00000094
:10C6B000F7FDFB00F90000F50008FE00FC0001009A
:10C6C000FE00FEF900FE0200000000FE000002FD78
:10C6D000010000FDFE00FD00000000000000000061
:10C6E0000000000000000000F200050000FE000055
:10C6F00000000000FEFE0000000400050000000035
:10C7000000F2F3010A0704F7020900080004000020
:10C710000000000000000000000C0000000000000D
:10C720000000000000000000000000007CBB0408C6
:10C7300040BA0408DEBA04083D310000299204081A
:10C74000ACB4040818BA04082CC704081000022866
:10C7500000000000ABB9010851B60108000000005C
:10C76000100000000300000000FF01003CC70408A7
:10C77000000000000000000000003C027804B30646
:10C78000EE08280B610D990FD01106143A166C189B
:10C790009D1ACB1CF71E212148236C258E27AC291E
:10C7A000C72BDF2DF32F0332103418361D381C3AF7
:10C7B000183C0E3E0040ED41D443B74594476B49C9
:10C7C0003D4B084DCE4E8E504752FA53A6554C570E
:10C7D000EB58825A135C9D5D1F5F9A600E627A630C
:10C7E000DE643A668E67DA681E6A5A6B8D6CB86DC5
:10C7F000DA6EF46F04710D720C730274EF74D375FA
:10C80000AE76807748780779BC79687A0B7BA37B12
:10C81000337CB87C347DA67D0E7E6D7EC17E0C7F20
:10C820004C7F837FB07FD37FEC7FFB7F0080001045
:10C83000161B2023272A2D30323537393B3D404106
:10C84000434547494B4C4E505153545657595A5BE8
:10C850005D5E60616263656667686A6B6C6D6E7071
:10C860007172737475767778797A7B7C7D7E80803F
:10C870008182838485868788898A8B8C8D8E8F9030
:10C8800090919293949596969798999A9B9B9C9D3C
:10C890009E9FA0A0A1A2A3A3A4A5A6A7A7A8A9AA5A
:10C8A000AAABACADADAEAFB0B0B1B2B2B3B4B5B58A
:10C8B000B6B7B7B8B9B9BABBBBBCBDBDBEBFC0C0C7
:10C8C000C1C1C2C3C3C4C5C5C6C7C7C8C9C9CACB0D
:10C8D000CBCCCCCDCECECFD0D0D1D1D2D3D3D4D45B
:10C8E000D5D6D6D7D7D8D9D9DADADBDBDCDDDDDEB1
:10C8F000DEDFE0E0E1E1E2E2E3E3E4E5E5E6E6E70E
:10C90000E7E8E8E9EAEAEBEBECECEDEDEEEEEFF070
:10C91000F0F1F1F2F2F3F3F4F4F5F5F6F6F7F7F8D7
:10C92000F8F9F9FAFAFBFBFCFCFDFDFEFEFF3643CD
:10C93000F4631EE9B0279CB73A67B5513FF39621DF
:10C94000F4A903D4BC0088960050AF4C4AC38B397D
:10C95000DCCD3BEBFF07C1FF0098FF2257FF485596
:10C96000798B7D609E9E9E5053EF7373E59A9AEF8C
:10C97000D2CDFFEEEBFF7A40EC9262F0B18FF4D0B3
:10C98000BBF8ECE4FCBC47ABC868BAD893CEE7BEB2
:10C99000E1F5E5F3C2577ECD7595DB9DB3E9C4D1D2
:10C9A000F6E7EDC06B5CCB8679DAA89FE9CAC5F6DD
:10C9B000EAE8F5A542F6B564F9CA90FBDEBBFDF2E4
:10C9C000E3F6B629F7C34FFAD481FCE5B3FEF5E1EF
:10C9D000DAC626E1D04DEADE80F2EBB2FAF7E09A51
:10C9E000A626ACB64DC4CB80DBDFB2F1F2E06ABB69
:10C9F0006684C781A7D6A5C9E6C8E9F5E865CC9CD9
:10CA000081D5AEA5E1C5C8EDDCE9F8F157E1D475F3
:10CA1000E7DC9CEEE6C3F4F0E7FBF958EEFF76F1B5
:10CA2000FF9DF5FFC4F9FFE7FDFF28CAFF4FD5FFC3
:10CA300082E0FFB3ECFFE1F8FF26A7FF4DB7FF80D0
:10CA4000CCFFB2E0FFE0F3FF4370FF658AFF91ABDC
:10CA5000FFBCCCFFE7E9FB636E8D7F88A1A4AABC75
:10CA6000C8CCD7E9EBEF9C9078AEA490C5BEB0DC03
:10CA7000D8CFF1EFECBDBDBDE0E0E0EEEEEEF5F5B8
:10CA8000F5FAFAFA3539E52F2FD32828C61C1CB73A
:10CA9000601BD85B18C25714AD4F0E88AA248EA213
:10CAA0001F7B9A1B6A8C144AB1355EA82D51A027B2
:10CAB00045921B31AB49399F3F309335287E231A6D
:10CAC000E5881ED27619C06515A1470DE59B03D1F7
:10CAD0008802BD77029B5701C1AC00A797008F83E6
:10CAE000006460007B89006B79005C6900404D0048
:10CAF00047A0433C8E38327D2E205E1B42B37C38EB
:10CB00009F682F8B551E693333CAC02BB4AF249D49
:10CB10009E17778235D8FD2DC0FB25A8F9177FF524
:10CB200000B3FF00A0FF008FFF006FFF008CFB0031
:10CB30007CF5006CEF0051E61E51F4194AE61543EE
:10CB4000D80C36BF414C6D37405D2E344E23273E06
:10CB50007A6E54645A454F47373832267575756179
:10CB60006161424242212121FFFFFF0000010000DC
:10CB7000FF000000FF0000000F00000054C7040881
:10CB8000FFFFFF1F0001000000040402040404046E
:10CB90000404040000000000060606060606040061
:10CBA0000606060600000000000000000000000568
:10CBB000020000000000000004000000000000006F
:10CBC0000200020202000200020202000000000055
:10CBD0000200000000000000020000000000000051
:10CBE000010105050501050000000010010100001C
:10CBF000001022220C0C32323200003232100000BF
:10CC000000000404040404040404040404040404EC
:10CC100004000000715D0208995C0208115C0208C2
:10CC20008F5B0208295D0208495C0208715C0208FA
:10CC3000A73D000831F70008C183000873BF000852
:10CC40009B2C00087197020805B10008ABB00008E2
:10CC500097CC00084999020819700008A73D000800
:10CC600001F90008C183000873BF00089B2C00086D
:10CC70007197020805B10008ABB0000897CC000816
:10CC800049990208197000081FE20008000000001E
:10CC900063E20008D5E300080000000019E4000882
:10CCA0001D1C6A6B6D6C706E6F797800B091040812
:10CCB00005280108792801089528010800000000CE
:10CCC000E8D10408040100000D0000004007000046
:10CCD000B091040899300108000000000000000035
:10CCE00000000000F0D10408FFFFFF3FFFFFFF3FFF
:10CCF000C4020000B091040889C3010889C6010874
:10CD0000B1C6010800000000FCD10408FFFFFF3F8E
:10CD1000FFFFFF3FC0050000B09104086DD8010877
:10CD2000DDD80108F5D801080000000008D2040889
:10CD3000FFFFFF3FFFFFFF3F80060000B0910408A8
:10CD400085160108000000003518010800000000E9
:10CD500014D20408000000000000000001060000DA
:10CD600020D2040828D2040830D204081CD20408B7
:10CD700038D2040840D2040804D30408B09104084F
:10CD800029310108693101088131010800000000E2
:10CD900048D204080401000082000000850400005D
:10CDA000B0910408A939010800000000000000004B
:10CDB000000000006CD20408C3000000C3000000A3
:10CDC000C4460000B0910408E972020800000000A7
:10CDD0000000000000000000CCD204086400002025
:10CDE0002B00000000000000B0910408C973020885
:10CDF000000000000000000000000000A0D50408B2
:10CE000064000020FFFFFF3F00000000B091040815
:10CE1000E9AC010889AD0108ADAD010800000000D2
:10CE2000BCD5040882000000FFFFFF3F050500009D
:10CE3000B091040861B3010893B3010889AF0108F8
:10CE400000000000C8D50408000000000000000039
:10CE500000030000B091040819ED010879EE010803
:10CE6000000000000000000020D60408C3000000FD
:10CE700004010000C0060000B09104089DEE010806
:10CE8000D1EE01080000000000000000DCD504081D
:10CE900064000020FFFFFF3F40030000B091040842
:10CEA00055EE010800000000000000000000000036
:10CEB00010D6040864000020FFFFFF3F00000000C0
:10CEC000B091040865EF01080000000000000000B8
:10CED00000000000ECD5040864000020FFFFFF3FC5
:10CEE00000000000B09104080000000000000000F5
:10CEF0000000000000000000FCD50408FFFFFF3F19
:10CF0000FFFFFF3F00000000B09104080000000098
:10CF10000000000000000000000000000000000011
:10CF2000000000000000000000000000B0910408B4
:10CF300000000000000000000000000000000000F1
:10CF400000000000000000000000000000000000E1
:10CF5000B091040800000000000000000000000084
:10CF600000000000000000000000000000000000C1
:10CF700000000000B0910408000000000000000064
:10CF800000000000000000000000000000000000A1
:10CF90000000000000000000B09104080000000044
:10CFA000000000000000000000000000A8D60408F7
:10CFB00004010000FFFFFF3FC0030000B091040820
:10CFC0000000000000000000000000000000000061
:10CFD0006CD60408640000202B000000C002000092
:10CFE000B0910408000000000000000000000000F4
:10CFF0000000000094D6040864000020FFFFFF3FFB
:10D00000C0020000B0910408000000000000000011
:10D01000000000000000000080D60408640000202A
:10D020002B000000C0020000B091040800000000C6
:10D0300000000000000000000000000040D60408CE
:10D04000FFFFFF3F64000020C4020000B09104080D
:10D0500000000000000000000000000000000000D0
:10D0600028D604082B00000064000020C402000041
:10D07000B091040800000000000000000000000063
:10D080000000000058D6040864000020640000205E
:10D09000C0020000B0910408C53F02080000000073
:10D0A0003D40020800000000C4D60408FFFFFF3F17
:10D0B000820000000504000018CD040800000000F4
:10D0C000000000002142020800000000B4D604085D
:10D0D000000000000000000080060000ACCC040846
:10D0E00009470208000000006D4702080000000028
:10D0F000D0D604080000000000000000450A00002F
:10D100003CCD0408F94A02080000000000000000BD
:10D1100000000000DCD60408000000000000000051
:10D1200000000000B09104083B5202086952020856
:10D130007152020800000000E8D604083400000024
:10D140001E00000044030000B0910408E9530208E7
:10D150002D5402088D54020800000000F4D6040883
:10D16000FFFFFF3FFFFFFF3F85040000B091040871
:10D17000E95F0208656202088D6202080000000093
:10D1800000D70408040100008200000045070000E9
:10D190000000000000000000010203040607080967
:10D1A000000000000102030400061016000610161D
:10D1B00064656661756C745461736B004C76676C62
:10D1C00048616E646C65725461736B48616E646C27
:10D1D000650000004877496E69745461736B000004
:10D1E0006C765F6F626A00006C765F62617200004D
:10D1F0006C765F627574746F6E0000006C765F69A8
:10D200006D616765000000006C765F6C6162656C43
:10D21000000000006C765F61726300000A0000008D
:10D2200042746E310000000042746E320000000053
:10D2300042746E330000000042746E34000000003F
:10D2400042746E35000000006C765F627574746F16
:10D250006E6D61747269780053610000576500005B
:10D26000546800004D6F0000467200006C765F63EA
:10D27000616C656E64617200537500005475000046
:10D280004A756E65000000004D6172636800000021
:10D29000417072696C000000446563656D6265727F
:10D2A0000000000053657074656D626572000000D7
:10D2B0004E6F76656D626572000000004F63746F9B
:10D2C0006265720041756775737400006C765F6308
:10D2D000616C656E6461725F6865616465725F61EF
:10D2E00072726F77000000004D6179004A756C79A9
:10D2F000000000004A616E756172790046656272D5
:10D300007561727900000000323032350A323032F5
:10D31000340A323032330A323032320A3230323169
:10D320000A323032300A323031390A323031380A7A
:10D33000323031370A323031360A323031350A3242
:10D340003031340A323031330A323031320A32303D
:10D3500031310A323031300A323030390A3230302D
:10D36000380A323030370A323030360A323030350F
:10D370000A323030340A323030330A323030320A36
:10D38000323030310A323030300A313939390A31ED
:10D390003939380A313939370A313939360A3139A8
:10D3A00039350A313939340A313939330A313939A1
:10D3B000320A313939310A313939300A313938399B
:10D3C0000A313938380A313938370A313938360AAA
:10D3D000313938350A313938340A313938330A317C
:10D3E0003938320A313938310A313938300A31396D
:10D3F00037390A313937380A313937370A3139374D
:10D40000360A313937350A313937340A3139373349
:10D410000A313937320A313937310A313937300A6E
:10D42000313936390A313936380A313936370A3125
:10D430003936360A313936350A313936340A313916
:10D4400036330A313936320A313936310A31393612
:10D45000300A313935390A313935380A31393537F9
:10D460000A313935360A313935350A313935340A18
:10D47000313935330A313935320A313935310A31EA
:10D480003935300A313934390A313934380A3139C9
:10D4900034370A313934360A313934350A313934BE
:10D4A000340A313934330A313934320A31393431BA
:10D4B0000A313934300A313933390A313933380ACB
:10D4C000313933370A313933360A313933350A3194
:10D4D0003933340A313933330A313933320A313985
:10D4E00033310A313933300A313932390A3139327C
:10D4F000380A313932370A313932360A3139323560
:10D500000A313932340A313932330A313932320A86
:10D51000313932310A313932300A313931390A314F
:10D520003931380A313931370A313931360A31392E
:10D5300031350A313931340A313931330A3139312F
:10D54000320A313931310A313931300A3139303921
:10D550000A313930380A313930370A313930360A30
:10D56000313930350A313930340A313930330A3102
:10D570003930320A313930310000000030310A30A0
:10D58000320A30330A30340A30350A30360A30373E
:10D590000A30380A30390A31300A31310A31320062
:10D5A0006C765F63616C656E6461725F686561640F
:10D5B00065725F64726F70646F776E006C765F6423
:10D5C000726F70646F776E006C765F64726F7064F8
:10D5D0006F776E2D6C697374000000006C765F6D60
:10D5E000656E755F70616765000000006C765F6D49
:10D5F000656E755F73656374696F6E006C765F6DE1
:10D60000656E755F736570617261746F72000000A2
:10D610006C765F6D656E755F636F6E740000000001
:10D620006C765F6D656E75006C765F6D7367626FAB
:10D63000785F6865616465725F627574746F6E00AF
:10D640006C765F6D7367626F785F666F6F7465721B
:10D650005F627574746F6E006C765F6D7367626F76
:10D66000785F6261636B64726F7000006C765F6DEF
:10D670007367626F785F68656164657200000000BF
:10D680006C765F6D7367626F785F666F6F746572DB
:10D69000000000006C765F6D7367626F785F636F88
:10D6A0006E74656E740000006C765F6D7367626FF8
:10D6B000780000006C765F726F6C6C65725F6C61F5
:10D6C00062656C006C765F726F6C6C657200000056
:10D6D0006C765F736C696465720000006C765F73D2
:10D6E00070696E6E657200006C765F737769746343
:10D6F000680000006C765F7461626C650000000079
:10D700006C765F7465787461726561002CD704086B
:10D710000000002038020000D4010008A0D704084F
:10D7200038020020C0BB01003002000801152C04A3
:10D730000240043210024F401EA5070308A3042232
:10D740002402B4201E550F030851040A797CC01A24
:10D75000AA01410213011E78D2040864041A7C0451
:10D760001A5C041A60041A68041A58041AF4041A99
:10D77000FC041A88041A90041AE8041A80041AECAB
:10D78000041AC4041AA4041ABC041AB0042A984443
:10D790005008D5040808D304083B24F47072100024
:040000050800019955
:00000001FF
